12-17 19:33:10.768  2852  2852 D KeyguardViewMediator: handleNotifyScreenTurnedOn
12-18 03:26:26.788  3168 19085 D HwRepairHelper: getRcvData() TimeWcdmaLevel1 :  0
12-18 07:35:46.748  3858  4126 I amsnl   : m1: false
12-18 14:07:29.700  2852  3556 I NetworkController.MobileSignalController(0): onDataActivity: direction=4
12-18 15:29:15.992  3858  4126 I amsnl   : csr
12-17 19:59:03.201 32607 21641 I BetaClub: [LogSendProgressReceiver.onReceive]Start!
12-18 09:14:03.733   633 31870 I SDK     : <2016-12-18 09:14:03> [WARN] SDK: UE-SeC 2016-12-18 9:14:3:733 Level[WARN] magic[3362781472 684]:PubEvt_Close Getting a socket[10] from the Socket-table Failed!
12-18 07:35:46.471  3858  4126 I amsnl   : t:false, fl: false, p: 2147483647000, ce: true, we: false
12-17 23:26:43.563  5782  5798 W LogUtil : write failed in impl
12-18 19:45:00.932  1795  2323 E UsbDeviceManager: 	at com.android.server.usb.UsbDeviceManager$2.onUEvent(UsbDeviceManager.java:328)
12-17 22:32:36.508  2852  3556 I NetworkController.MobileSignalController(0): onDataActivity: direction=3
12-18 16:01:10.166 10334 10334 D wpa_supplicant: WPS: attr type=0x103c len=1
12-18 14:13:05.004  5157  5157 I chromium: [INFO:CONSOLE(1)] "Uncaught SyntaxError: Unexpected token var", source:  (1)
12-18 15:42:16.107  1795  2671 V HwWifiServiceFactory: get AllImpl object = com.android.server.wifi.HwWifiServiceFactoryImpl@c332618
12-18 10:56:29.841  1795  1805 D PowerManagerService: Acquiring suspend blocker "PowerManagerService.WakeLocks".
12-18 08:40:39.025   633 31870 I SDK     : <2016-12-18 08:40:39> [WARN] SDK: UE-SeC 2016-12-18 8:40:39:25 Level[WARN] magic[3362781472 684]:PubEvt_Close Getting a socket[112] from the Socket-table Failed!
12-18 19:52:48.209  1795  2750 D HW_DISPLAY_EFFECT: presently, hw_update_color_temp_for_rg_led interface not achieved.
12-17 22:33:46.874  2852  2852 D HwCustMobileSignalControllerImpl: isCurrentBySim()=false
12-18 14:56:45.755  1795  2323 E UsbDeviceManager: 	at java.io.FileInputStream.open(Native Method)
12-18 10:52:05.545  4492  4492 V NFC     : this device does not have NFC support
12-18 17:41:34.925 17423 17423 D /GuiceModule.java:1296: main MeituanAnalyzerFactory$LaunchInterceptor instance created!
12-17 22:48:18.302   633  7448 I SDK     : <2016-12-17 22:48:18> [NOTICE] SDK: UE-SeC 2016-12-17 22:48:18:302 Level[NOTICE] magic[2374666528 2579]:ReadSdkGroupItem: Succeed in fetching group item[w00290667_fullName] share[0]
12-17 21:20:46.693  1795  2737 W WifiProJNI: poll before: g_monitor_fd =310
12-17 23:56:40.486  1795  3110 D PowerManagerService: Releasing suspend blocker "PowerManagerService.WakeLocks".
12-17 19:59:38.318  5215  5215 D wpa_supplicant:   key_id (reserved) - hexdump(len=8): 00 00 00 00 00 00 00 00
12-18 19:25:18.761  2852  2852 D StatusBar: updateNotification(StatusBarNotification(pkg=com.huawei.health user=UserHandle{0} id=10010 tag=null key=0|com.huawei.health|10010|null|10099: Notification(pri=0 contentView=null vibrate=null sound=null defaults=0x0 flags=0x62 color=0x00000000 vis=PRIVATE)))
12-18 19:51:29.094  2852  2852 I HwBrightnessController: onChange selfChange:false uri.toString():content://settings/system/screen_auto_brightness mIsObserveAutoBrightnessChange:true
12-18 07:29:44.122  1795 19820 D ActivityManager: cleanUpApplicationRecord -- 19373
12-17 20:37:11.126  3382  3399 D QcrilMsgTunnelSocket: readRilMessage: Buffer = [B@204bb9f HexData = [010000000404000011000000514f454d484f4f4bfa0308000100000000]
12-17 23:07:49.990  1795  2381 D libfingersense_wrapper: fingersense_touch_up() finished
12-18 11:26:11.171 28113  2304 I HwSystemManager: PowerStatsHelper:minAveragePowerForCpu= 115.0
12-17 22:30:32.649  3608  3608 D InCall  : InCallPresenter - notifyInCallScreenIsForeground: true
12-18 10:55:55.034  1795  2750 D HW_DISPLAY_EFFECT: presently, hw_update_color_temp_for_rg_led interface not achieved.
12-18 08:23:05.717  2852  2852 D KGWallpaper_Magazine: Magazine Picture Loaded. false  1
12-18 00:17:00.010  2852  2852 I HwDateUtils: begin of formatChinaDateRange chinaDate:半夜12:17
12-17 23:49:06.989  1795  2381 D libfingersense_wrapper: fingersense_touch_up() finished
12-18 15:48:49.317  1795  2323 E UsbDeviceManager: 	at android.os.UEventObserver$UEventThread.sendEvent(UEventObserver.java:210)
12-17 21:33:03.729  5224  5283 I Step_ExtendStepDataManager: 20002302|compensate 24699693 7
12-18 14:08:17.362  1795  5133 I ActivityManager_service: ServiceNeeded not bring down service:ServiceRecord{da8286d u0 euid: 0 com.huawei.systemmanager/.service.MainService}
12-18 19:43:44.181  2852  2852 I HwSignalClusterView: setMobileDataIndicatorsHuawei subId:0 visible:true strengthIcon:2130839311 typeIcon:2130839195 contentDescription:手机信号满格。 typeContentDescription:4G isTypeIconWide:true showActivity:true activityIn:false activityOut:false isRoaming:false
12-17 22:43:44.192  1795  3975 E LocSvc_libulp: I/===> int ulp_brain_turn_onoff_dr_provider() line 848 
12-18 09:11:52.789  1795  2750 D HW_DISPLAY_EFFECT: presently, hw_update_color_temp_for_rg_led interface not achieved.
12-17 20:13:15.141  1795 17832 D ActivityManager: Skipping, withExcluded: false, tr.intent:Intent { act=android.media.action.STILL_IMAGE_CAMERA_SECURE flg=0x34800000 pkg=com.huawei.camera cmp=com.huawei.camera/.controller.SecureCameraActivity (has extras) }
12-18 18:27:10.620 12096 12111 I TotemWeather: TaskController:add this task to mTaskList:null
12-18 17:30:14.553  1046  1125 D audio_hw_primary: enable_audio_route: apply mixer and update path: low-latency-playback speaker
12-17 20:12:23.607  1795  3247 I HwActivityManagerService: Split enqueueing broadcast [callerApp]:ProcessRecord{580cfb2 5224:com.huawei.health:DaemonService/u0a99}
12-18 10:39:47.830   633 31616 I SDK     : 
12-18 08:44:05.092   633 31870 I SDK     : 
12-18 15:36:57.559  1795  2680 I AlarmManager: set(null) : type=2 triggerAtTime=515171285 win=11250 tElapsed=515171285 maxElapsed=515182535 interval=0 flags=0x8
12-17 19:33:04.392  1795 16500 I HwActivityManagerService: keyAppBroadcastQueueForIntent intent Intent { act=com.tencent.mm.ACTION.note_tracemsg_lock flg=0x10 (has extras) } on bgkeyapp queue
12-18 08:38:07.256  2883  2996 I HwSystemManager: NormalTraffic:update notification type = -1
12-18 10:39:40.016  1046 26554 V APM_AudioPolicyManager: listAudioPorts() got 0 ports needed 12
12-18 15:29:12.904  9659  9659 W cr_BindingManager: Cannot call determinedVisibility() - never saw a connection for the pid: 9659
12-17 22:32:10.751  2852  2852 I HwSignalClusterView: apply hwPhoneState.mSubId:0 anyMobileVisible:false mIsAirplaneMode:false, mobileGroupVisible=true
12-17 22:33:43.013  1795  2323 E UsbDeviceManager: 	at java.io.FileInputStream.open(Native Method)
12-18 14:13:35.689  2883  6116 I HwSystemManager: HoldService:locationInfo switch is on . pid = 5157
12-18 00:24:25.384   832  1840 E Parcel  : Reading a NULL string not supported here.
12-17 19:33:03.701  2852  2852 I HwNotificationIconAreaController: showNotificationAll
12-17 20:54:07.302 24266 24266 D seekbar : org.iqiyi.video.ui.ci.onProgressChanged()<-1> : 当前进度：2311126 缓冲大小:457146 缓冲进度：2768272
12-17 21:53:29.228  1795  2750 I HwLightsService: back light level before map = 0
12-17 19:31:56.416  3608  3608 D InCall  : InCallActivity - onStop()...
12-17 19:33:13.450   835  2385 E libteec : receive data len = 128
12-18 15:32:40.560 31949 31967 I TCP     : tcp.conn{4787} TcpSocket.connect_i(TcpSocket.java:84) connecting to ip address uc.huawei.com/45.249.213.63
12-18 07:36:55.175  1795  2748 D HwAmbientLuxFilterAlgo: earliestValidTime + POWER_ON_BRIGHTENING_LIGHT_DEBOUNCE
12-17 21:31:34.065  2852  2852 D HwCust  : Create obj success use class android.app.HwCustNotificationImpl
12-17 22:27:01.966  1046  2703 I Huawei_audio_cust: get_spk_pa_type: pa is max98925
12-17 21:26:41.893  5224  5283 I Step_DataCache: 20002302|getTodayTotalSteps 7033
12-18 10:40:16.817  2852  2852 I PhoneStatusBar: onFinishedGoingToSleep
12-18 14:14:10.416  2852  2852 I BarTransitions.HwNavigationBarView: transitionTo: mode=MODE_TRANSLUCENT, animate=false
12-18 15:28:05.620  1795  2376 I AlarmManager: sending alarm Alarm{2d4e00a type 2 when 514624346 android},repeatInterval = 0,listenerTag =WifiConnectivityManager Schedule Periodic Scan Timer
12-18 00:07:54.651  1795  2665 D NetdConnector: RCV <- {613 IfaceClass active 0 459411010927789 10102}
12-18 07:58:59.412   633 31870 I SDK     : 
12-17 21:01:59.951  2852  2852 I HwSignalClusterView: setMobileDataIndicatorsHuawei subId:0 visible:true strengthIcon:2130839311 typeIcon:2130839195 contentDescription:手机信号满格。 typeContentDescription:4G isTypeIconWide:true showActivity:true activityIn:false activityOut:false isRoaming:false
12-18 07:30:04.909  1795  3884 I ActivityManager_broadcast: collectReceiverComponents, callerApp: ProcessRecord{5299443 4690:com.baidu.input_huawei/u0a74}, intent:com.tencent.mm.plugin.openapi.Intent.ACTION_HANDLE_APP_REGISTER, receiver size:1, flags: 10000400
12-17 23:00:37.561   633 31868 I SDK     : 
12-18 18:30:06.793  1795  3247 W ActivityManager: getRunningAppProcesses: caller 10146 does not hold REAL_GET_TASKS; limiting output
12-18 15:29:29.426  3218  4159 I PhoneInterfaceManager: shouldBlockLocation  ret:false
12-17 21:26:12.385  1046  9752 W msm8916_platform: platform_check_codec_backend_cfg:becf: afe:Use default bw and sr for voice/voip calls 
12-18 00:22:59.770  2852  3556 I NetworkController.MobileSignalController(0): Change in state from: connected=true,enabled=true,level=4,inetCondition=1,iconGroup=IconGroup(4G),activityIn=true,activityOut=true,rssi=0,lastModified=12-18 12:22:58,isRoaming=false,dataSim=true,networkName=中国移动,networkNameData=中国移动,dataConnected=true,isDefault=true,isEmergency=false,airplaneMode=false,carrierNetworkChangeMode=false,userSetup=true
12-18 19:49:59.764 26095 26114 I PRController: startModules
12-17 23:29:47.366  1795 11746 D FingerprintService:  Remaining Num Attempts = 5
12-17 23:31:01.676  2852  2852 D KeyguardViewMediator: showLocked
12-17 22:53:03.409  2852  2852 I HwSignalClusterView: apply hwPhoneState.mSubId:0 anyMobileVisible:false mIsAirplaneMode:false, mobileGroupVisible=true
12-18 09:47:04.349  5224  5283 I Step_ExtendStepDataManager: 20002302|compensate 24700427 11
12-18 07:31:14.175   802   802 E Thermal-daemon: [Thermal_Hw] temperature_filter: get invalid temperature, use old temp
12-18 10:52:51.878  1795 16232 I Sensor  : updateLightsLocked --> level:95, status:3
12-17 21:12:00.099  2852  2852 I StackScrollAlgorithm: updateDimmedActivatedHideSensitive overlap:true
12-17 21:33:05.727  5224  5283 I Step_DataCache: 20002302|getTodayTotalSteps 7981
12-18 15:28:07.961  1795 16499 D PowerManagerService: ready=true,policy=3,wakefulness=1,wksummary=0x1,uasummary=0x1,bootcompleted=true,boostinprogress=false,waitmodeenable=false,mode=true,manual=33,auto=-1,adj=0.0userId=0
12-18 08:59:58.024  1795  2670 D WifiController: DefaultState what=155652
12-17 23:28:16.427  1795  2381 D libfingersense_wrapper: Calling fingersense_touch_up()
12-18 14:12:56.457  5157  5157 I chromium: [INFO:CONSOLE(1)] "Uncaught SyntaxError: Unexpected token var", source:  (1)
12-17 23:03:19.163  1795  3975 E LocSvc_libulp: I/===> int ulp_dr_stop_engine() line 235 
12-18 15:32:57.138  1795 17831 D Tethering: upstreamIfaceTypes.add:1
12-17 21:10:51.924 24266 24266 V chaunce : org.iqiyi.video.vote.b.aux.a()<-1> : checkVoteShowTime-->815988
12-18 13:06:03.302  2852  2852 I HwSignalClusterView: apply hwPhoneState.mSubId:0 anyMobileVisible:false mIsAirplaneMode:false, mobileGroupVisible=true
12-18 10:55:28.890  1795  1795 I MQoS    : onSignal: mSubId=0,currDataSubID=0
12-18 14:14:00.235  5994  5994 D wpa_supplicant: WPS: attr type=0x1047 len=16
12-18 15:33:19.287  2852  3556 I HwNetworkControllerImpl: onReceive: action = android.net.wifi.STATE_CHANGE
12-18 14:07:29.284  2852  2852 D HwCustMobileSignalControllerImpl: sub =0,strMccMnc =null,hashMccMnc =[],strPlmn =hw_hspap_show_4g
12-18 15:55:57.645  1795  1819 D NetworkManagement: notifyInterfaceClassActivity: client is com.android.server.connectivity.Tethering@ff4a50f
12-18 07:57:02.811  3626  3626 I HourObserver: left handleScrnOnOffTimeStats, mScrnOffAccTime = 2601670, mScrnOffAccTime = 2601670, mScrnOnAccTime = 816169
12-17 19:58:56.682  5215  5215 D wpa_supplicant: wlan0: Control interface command 'GET_NETWORK 0 ssid'
12-18 14:13:00.696  5157  5157 W cr_BindingManager: Cannot call determinedVisibility() - never saw a connection for the pid: 5157
12-17 19:32:32.702  2852  2852 I StatusBar: onNotificationPosted: StatusBarNotification(pkg=com.huawei.health user=UserHandle{0} id=10010 tag=null key=0|com.huawei.health|10010|null|10099: Notification(pri=0 contentView=null vibrate=null sound=null defaults=0x0 flags=0x62 color=0x00000000 vis=PRIVATE)) important=2, post=1481974352692, when=1481531589202, vis=0, userid=0
12-17 20:30:52.641  1795  1808 I ActivityManager_broadcast: dispatch ordered broadcast [background] BroadcastRecord{3639d52 u0 com.huawei.action.CONNECT_PUSHSRV}, has 1 receivers
12-17 23:28:34.689   633 31870 I SDK     : 
12-17 20:11:45.047  2852  3556 I NetworkController.MobileSignalController(0): 	to: connected=true,enabled=true,level=5,inetCondition=0,iconGroup=IconGroup(4G),activityIn=false,activityOut=false,rssi=0,lastModified=12-17 08:11:44,isRoaming=false,dataSim=true,networkName=中国移动,networkNameData=中国移动,dataConnected=true,isDefault=true,isEmergency=false,airplaneMode=false,carrierNetworkChangeMode=false,userSetup=true
12-17 21:27:20.298   606  2379 E libteec : QSEECom_send_cmd return!
12-18 18:02:47.051  1795  1795 I AlarmManager: scheduleTimeTickEvent triggerAtTime = 523918726
12-18 09:19:52.781  7194  7208 I PushLog2824: [ReceiverDispatcher-336]send msg to remote srv success(android/null:-1)
12-18 08:04:15.224   633   692 I ECS     : main{1} XmlMsg.encodeBuf(XmlMsg.java:215) SEND 128 bytes [16]_00_00_00_7C_00_03_01_06_0E_05_8A_CD_62_C5_03_38 cmdCode(CC_ReqCircleState.0x060E)msgType(MT_ARG.1)msgClass(MC_FriendsCircle.6)sender(ST_Mobile.0)crypted(true)zipped(false)nobase64(true)length(124)version(3)sno(8ACD)
12-18 08:36:07.168  1795  3139 D PowerManagerService: acquire lock=223450525, flags=0x1, tag="RILJ_ACK_WL", name=com.android.phone, ws=null, uid=1001, pid=3218
12-18 19:49:26.571  1795  1806 D PowerManagerService: ready=true,policy=3,wakefulness=1,wksummary=0x1,uasummary=0x1,bootcompleted=true,boostinprogress=false,waitmodeenable=false,mode=true,manual=33,auto=-1,adj=0.0userId=0
12-18 08:08:42.758  2852  2852 I HwMobileSignalController: notifyListenerHuawei::origin typeIcon:2130839197 icons.mName:4GPLUS isSuspend:false, showDataIcon=true, dataConnected=true, isRoaming=false
12-18 08:08:50.381  2852  2852 I HwSignalClusterView: setMobileDataIndicatorsHuawei subId:0 visible:true strengthIcon:2130839311 typeIcon:2130839195 contentDescription:手机信号满格。 typeContentDescription:4G isTypeIconWide:true showActivity:true activityIn:false activityOut:false isRoaming:false
12-18 14:12:48.307  5157  5157 I chromium: [INFO:CONSOLE(1)] "Uncaught ReferenceError: WebViewJavascriptBridge is not defined", source:  (1)
12-17 22:29:31.874  2852  2852 D DateTimeView: Change to single clock mode!
12-18 07:40:41.662   633 31867 I SDK     : <2016-12-18 07:40:41> [NOTICE] SDK: UE-SeC 2016-12-18 7:40:41:662 Level[NOTICE] magic[3368294688 1013]:s(0, 0),r(0, 0)in 20s;vsock(179933B, 14345B, 0, 0), sock(1221, 1260, 0, 0), times(44, 0, 280, 71), delay(0, 0)ms, m(0, 6144)KB, p:54739, s:54739, t(224, 1, 46036B, 75511B), u(0, 1, 237918B, 66088B), c(2498, 3364, 0, 0), e(96887, 2376)/(1939, 2376), k:106, d(879, 968), de(0), s(online, 2, 1), SSL(0), UDP(0), r_d(0), s_d(0), c_d(0), dur(2111 m), vs(0, 0, 0), sysFM(0 KB), ls(2555, 2555),bypass[0]:[0]
12-18 08:38:00.268  2852  2852 D NetWorkUtils: is3GCalling is false,mCdmaSlot is -1
12-18 08:38:06.318  1795  2381 D PowerManagerService: acquire lock=260780748, flags=0x1, tag="PhoneWindowManager.mPowerKeyWakeLock", name=android, ws=null, uid=1000, pid=1795
12-18 12:39:36.626  3180  3332 I PGServer: report state:2 event type:2 pid:2852 uid:10033 pkg:null to pid: 1795
12-18 08:46:20.512  1795  6988 D PowerManagerService: acquire lock=2441946, flags=0x1, tag="RILJ_ACK_WL", name=com.android.phone, ws=null, uid=1001, pid=3218
12-18 14:10:51.646  1795  2671 I HwActivityManagerService: Split enqueueing broadcast [callerApp]:ProcessRecord{34bf34f 0:system/1000}
12-18 00:04:15.111  1795  2665 D NetdConnector: RCV <- {200 12017 Tethering stats list completed}
12-17 22:41:25.622  3858  4126 I amsnl   : t:false, fl: false, p: 2147483647000, ce: true, we: false
12-18 00:00:54.744   633   692 I TCP     : msg.recv{4490} TcpClientThread.onRecv(TcpClientThread.java:515) TCP Msg 636TCP_OK
12-18 15:28:02.943  1795 11747 D PowerManagerService: Acquiring suspend blocker "PowerManagerService.WakeLocks".
12-18 09:11:54.612  1795 15982 D PowerManagerService: ready=true,policy=3,wakefulness=1,wksummary=0x0,uasummary=0x1,bootcompleted=true,boostinprogress=false,waitmodeenable=false,mode=true,manual=33,auto=-1,adj=0.0userId=0
12-18 14:35:37.742  2852  2852 I TrafficPanelManager: hideTraffic
12-18 15:42:18.395  1795 11746 D PowerManagerService: acquire lock=35036569, flags=0x1, tag="RILJ_ACK_WL", name=com.android.phone, ws=null, uid=1001, pid=3218
12-18 00:12:30.635  2852  3556 D NetworkController.MobileSignalController(0): mSimSubId:0 onDataActivity: direction=0
12-17 19:56:51.168  1795  1795 I TrafficMonitor: gettimer:interval=2000
12-17 22:34:48.239  1795 11747 I ActivityManager: cleanUpApplicationRecordLocked, reset pid: 30067, euid: 0
12-17 23:02:22.586  1795  1795 I MQoS    : onSignal: mSubId=0,currDataSubID=0
12-17 23:01:06.080   633 31868 I SDK     : 
12-17 20:36:47.174 24266 24266 D seekbar : org.iqiyi.video.ui.ci.onProgressChanged()<-1> : 当前进度：1270873 缓冲大小:1497399 缓冲进度：2768272
12-17 19:34:56.139  1795  2671 D WifiStateMachine:  ConnectedState !CMD_ENABLE_RSSI_POLL  rt=123093756/443032502 1 0
12-18 09:17:50.786  1795  2736 E hwintelligencewifi: getCurrentCellid type type = PHONE_TYPE_GSM
12-17 19:59:40.178  1795  2739 D HuaweiWifiWatchdogStateMachine:  RTT[-63]=0, volume=0
12-18 14:24:38.901  5224  5283 I Step_DataCache: 20002302|getTodayTotalSteps 8779
12-17 21:51:21.801  1795  1795 D HwConnectivityService: start powersaving action!
12-18 08:15:09.503 25329 25362 E wpa_supplicant: eap_proxy: reading card 1 values
12-18 07:42:34.271 18503 21934 D IntelligentIntentService: eventAction :class com.huawei.intelligent.main.receiver.action.ActionBarPullDownAction
12-18 15:21:57.105  2852  2852 I StatusBarIconView: updateTint: tint=0
12-18 15:32:58.018  2852  2852 I NetworkSpeedManagerEx: mIsNetworkSpeedEnabled = false, mIsAirplaneMode = false, mIsWifiConnected = false, mIsHasIccCard = true, mIsNetworkValid = false, mIsDataSwitchEnabled = false, mIsVsimEnable = false
12-17 22:32:45.577  2852  2852 D HwCustMobileSignalControllerImpl: isCurrentBySim()=false
12-18 07:31:45.571  1795  2381 D libfingersense_wrapper: Calling fingersense_classify_touch()
12-18 17:36:39.002  4492  4544 D 2DSDR   : APS: 2DSDR: CanvasContext::setSDRZoomout(), the SDR ratio from ViewRootImpl is 1.000000, native window width = 1080, height = 1920
12-17 21:07:10.378  3218  3517 I QImsService: ImsSenderRxr : [UNSL]< UNSOL_SSAC_CHANGED org.codeaurora.ims.ImsQmiIF$SsacInfo@95dac0e[SUB0]
12-18 08:24:03.238  2852  2852 D NetWorkUtils: mVSimCurCardType is -1
12-18 09:39:27.653  1795 11746 I HwNetworkPolicy: onTransact, code = 205
12-18 14:15:20.176   633 31870 I SDK     : <2016-12-18 14:15:20> [WARN] SDK: UE-SeC 2016-12-18 14:15:20:176 Level[WARN] magic[3362781472 684]:PubEvt_Close Getting a socket[167] from the Socket-table Failed!
12-18 11:06:03.626  1795  2323 E UsbDeviceManager: 	at com.android.server.usb.UsbDeviceManager$2.onUEvent(UsbDeviceManager.java:328)
12-18 18:33:00.234  2852  2925 I BitmapUtils: RGB565toARGB888 create bmp = 162x288
12-17 20:31:44.129 24266 24415 W System.err: 	at org.qiyi.basecore.d.prn.a(Unknown Source)
12-17 21:32:17.316  1795  1813 E BatteryStatsService: power: Missing API
12-17 22:38:03.077  3858  4126 I amsnl   : c: true, w: false, t: false, l: false
12-17 21:26:56.419  2852  2852 W HwPhoneLayoutInflater: onCreateView : ClassNotFoundException, In this case we want to let the base class take a crack at it
12-17 20:11:47.751   633 22257 I SDK     : 
12-17 22:17:17.537   633   692 I eSpaceService: Watch Thread{4481} LoginC.doReconnect(LoginC.java:957) Login_By_Step->--> setStep(LoginStep.BeginConnect);
12-18 13:01:08.842  1795 15988 D PowerManagerService: release:lock=32677857, flg=0x0, tag="hibernation", name=com.huawei.powergenie", ws=null, uid=1000, pid=3180
12-17 20:38:40.493  2852  2914 I HwMobileSignalController: subId:0 phoneType:1 networktype:13 targetClass:3 masterLevel:5 slaveLevel:-1
12-18 07:49:03.463   633   692 I eSpaceService: LoginThread{6864} LoginC.doLoginByStep(LoginC.java:203) Login_By_Step-> at KeyExchangeOK
12-18 07:37:38.648  2852  3556 I NetworkController.MobileSignalController(0): Change in state from: connected=true,enabled=true,level=4,inetCondition=1,iconGroup=IconGroup(4G),activityIn=false,activityOut=false,rssi=0,lastModified=12-18 07:37:37,isRoaming=false,dataSim=true,networkName=中国移动,networkNameData=中国移动,dataConnected=true,isDefault=true,isEmergency=false,airplaneMode=false,carrierNetworkChangeMode=false,userSetup=true
12-18 14:09:29.853  2852  3556 I NetworkController.MobileSignalController(0): onSignalStrengthsChanged signalStrength=SignalStrength: -1 0 -1 255 -1 255 -1 255 255 26 -87 -11 64 2147483647 2147483647 false gw|lte level=5 isSuspend=false levelOld=5,mSignalStrength level=5
12-17 19:31:42.060  1795  1825 D HwAmbientLuxFilterAlgo: earliestValidTime + POWER_ON_BRIGHTENING_LIGHT_DEBOUNCE
12-18 07:58:31.425  1795  2326 W FingerprintService: client com.android.systemui is authenticating...
12-17 22:25:41.450   835  2385 E libteec : begin
12-18 17:37:23.241  1795 16500 D PowerManagerService: ready=true,policy=3,wakefulness=1,wksummary=0x1,uasummary=0x1,bootcompleted=true,boostinprogress=false,waitmodeenable=false,mode=true,manual=33,auto=-1,adj=0.0userId=0
12-18 00:23:00.012  2852  2852 I HwDateUtils: begin of formatChinaDateRange chinaDate:半夜12:23
12-18 15:35:08.203  2852  2852 I StackScroller: generateAddAnimation:null, false
12-17 22:33:46.813  3218  3218 D QC_RIL_OEM_HOOK: Oem ID in QCRILHOOK UNSOL RESP is QOEMHOOK
12-17 21:32:17.342  1795  1795 I NotificationManager: enqueueNotificationInternal: n.getKey = 0|com.huawei.health|10010|null|10099
12-18 07:56:29.602   633 31870 I SDK     : <2016-12-18 07:56:29> [WARN] SDK: UE-SeC 2016-12-18 7:56:29:602 Level[WARN] magic[3362781472 684]:PubEvt_Close Getting a socket[157] from the Socket-table Failed!
12-18 10:50:47.391  3168  3168 I CHR_ChrDataServiceTracker: handleLteCaStatusChange
12-18 19:49:14.584   606  2379 E libteec : QSEECom_send_cmd return!
12-18 15:35:00.864  2852  2852 D StatusBar: reusing notification for key: 0|com.android.browser|1482346485|null|10029
12-18 08:17:15.902  1795  2748 D HwAmbientLuxFilterAlgo: t=137405252,BT=137405951,DT=137410908,BT1=137408951,DT1=137413252,Bn=false,Dn=false,lx=[227.0/137403748, 227.0/137404048, 176.0/137404349, 344.0/137404650, 8135.0/137404951, 8381.0/137405252],mLx=134.0,s=46.42269,ss=2.149157,AuIntervened=false,mProximityState=false,bLux=690.0,dLux=-19.528473,bLux1=690.0,dLux1=25.440002
12-17 23:35:01.467  1795  1825 I WindowManger_keyguard: Screen turned off...
12-18 14:12:50.393  1795  6985 W ActivityManager: Sending non-protected broadcast com.android.systemui.statusbar.visible.change from system 2852:com.android.systemui/u0a33 pkg com.android.systemui
12-18 17:35:21.869 16179 16193 E SQLiteDatabase: 	at com.baidu.location.g.a$a.handleMessage(Unknown)
12-18 15:28:43.069  5333  5352 D MagicLink: MagicLink-BtAndWifiWrapper:====>DefaultState{ when=-1ms what=4 target=com.android.internal.util.StateMachine$SmHandler }
12-18 14:38:11.947  3382  3399 I SendBroadcastPermission: action:qualcomm.intent.action.ACTION_RAC_CHANGED, mPermissionType:0
12-18 15:37:30.531 24551 24551 E HW-JPEG-DEC: [HME_JPEG_DEC_Delete](3298): HME_JPEG_DEC_Delete: decoder_ctx=null
12-18 15:27:45.632  2852  2852 D NetWorkUtils: is3GCalling is false,mCdmaSlot is -1
12-17 23:01:06.315  2852  2852 E DateLunarView: mDateString is: 12月17日星期六
12-18 08:17:12.444  2852  2852 D HwCustMobileSignalControllerImpl: sub =0,strMccMnc =null,hashMccMnc =[],strPlmn =hw_hspap_show_4g
12-18 14:11:30.252  5157  5157 I chromium: [INFO:CONSOLE(1)] "Uncaught SyntaxError: Unexpected token var", source:  (1)
12-18 17:41:00.010  2852  2852 I HwDateUtils: begin of formatChinaDateRange chinaDate:傍晚5:41
12-17 21:52:47.428   606  2379 E libteec : receive data len = 128
12-17 23:55:09.313  2852  2914 I HwMobileSignalController: updateSignalStrength: signalStrength=SignalStrength: -1 0 -1 255 -1 255 -1 255 255 18 -102 -8 170 2147483647 2147483647 false gw|lte
12-18 15:36:48.098 10334 10334 D wpa_supplicant: WPS: attr type=0x1044 len=1
12-17 20:37:25.379  3218  3218 D HwCust  : Create obj success use class com.android.settings.deviceinfo.HwCustStatusImpl
12-18 17:33:01.217  1795  2380 I PowerManager_screenOn: PowerManagerNotifier onUserActivity: event=0, uid=1000
12-18 14:56:30.993  1795  2665 D NetdConnector: RCV <- {200 12419 Firewall command succeeded}
12-17 21:20:44.115   633   692 I TCP     : tcp.recv{4488} TcpClientThread.onReceiverWork(TcpClientThread.java:307) get tcp message 1718
12-18 10:46:07.785  4492  4492 D CubicBezierInterpolator: CubicBezierInterpolator  mControlPoint1x = 0.6, mControlPoint1y = 0.9, mControlPoint2x = 0.8, mControlPoint2y = 1.0
12-18 14:12:15.723  1795  1809 I MultiTaskManagerService: onProcessDied pid = 6009, uid = 1000
12-17 20:50:25.489   633   692 I eSpaceService: Watch Thread{4481} LoginC.doWatch(LoginC.java:1459) Login_By_Step-> watch count =  0
12-18 08:06:58.351  2852  2852 D HwCustMobileSignalControllerImpl: isCurrentBySim()=false
12-18 19:53:36.688  2852  2852 I HwSignalClusterView: setMobileDataIndicatorsHuawei subId:0 visible:true strengthIcon:2130839311 typeIcon:2130839195 contentDescription:手机信号满格。 typeContentDescription:4G isTypeIconWide:true showActivity:true activityIn:true activityOut:true isRoaming:false
12-17 20:11:44.609  3218 13125 D PhoneInterfaceManager: [PhoneIntfMgr] getDataEnabled: subId=0 retVal=true
12-17 21:09:44.836 24266 24266 V chaunce : org.iqiyi.video.vote.b.aux.a()<-1> : checkVoteShowTime-->748786
12-17 21:30:19.185   633 31870 I SDK     : <2016-12-17 21:30:19> [WARN] SDK: UE-SeC 2016-12-17 21:30:19:185 Level[WARN] magic[3362781472 684]:PubEvt_Close Getting a socket[218] from the Socket-table Failed!
12-18 19:49:56.324  2852  2852 I HwSignalClusterView: getOrInflateState subId:0
12-17 21:47:19.031  2852  2852 I HwSignalClusterView: apply hwPhoneState.mSubId:0 anyMobileVisible:false mIsAirplaneMode:false, mobileGroupVisible=true
12-17 22:27:30.088  3180  3578 I ash     : ash->screen on
12-18 14:09:00.006  2852  2852 I HwDateUtils:  formatChinaDateTime equals.
12-18 00:15:03.103  2852  2852 D HwCustMobileSignalControllerImpl: sub =0,strMccMnc =null,hashMccMnc =[],strPlmn =hw_show_4g
12-17 20:53:07.255   633 31870 I SDK     : <2016-12-17 20:53:07> [WARN] SDK: UE-SeC 2016-12-17 20:53:7:255 Level[WARN] magic[3362781472 684]:PubEvt_Close Getting a socket[4] from the Socket-table Failed!
12-18 17:44:15.897  2852  2852 D NetWorkUtils: is3GCalling is false,mCdmaSlot is -1
12-17 21:47:24.540  1795  1808 I ActivityManager_broadcast: dispatch ordered broadcast [background] BroadcastRecord{4b37c14 u-1 android.intent.action.PHONE_STATE}, has 1 receivers
12-17 21:16:28.650  2852  2914 I HwMobileSignalController: updateSignalStrength: signalStrength=SignalStrength: -1 0 -1 255 -1 255 -1 255 255 20 -103 -10 38 2147483647 2147483647 false gw|lte
12-18 14:10:53.773  5157  5157 D test    : sending:{"handlerName":"getRegisteredJsHandler","callbackId":"java_cb_1","data":null}
12-17 20:39:31.355  2852  2852 I HwSignalClusterView: getOrInflateState subId:0
12-17 22:54:58.675   633 31870 I SDK     : <2016-12-17 22:54:58> [WARN] SDK: UE-SeC 2016-12-17 22:54:58:675 Level[WARN] magic[3362781472 684]:PubEvt_Close Getting a socket[132] from the Socket-table Failed!
12-18 14:55:38.312  3626  3626 E PTM.FileNodeInfo: getTempInfo error: null, 0
12-17 21:22:28.345  2852  2914 I HwMobileSignalController: subId:0 phoneType:1 networktype:13 targetClass:3 masterLevel:4 slaveLevel:-1
12-17 21:02:02.935  2852  3556 D NetworkController.MobileSignalController(0): mSimSubId:0 onDataActivity: direction=0
12-18 00:11:55.953  2852  2852 I HwSignalClusterView: getOrInflateState subId:0
12-17 23:27:33.028 25103 25103 I SendBroadcastPermission: action:null, mPermissionType:0
12-18 14:14:12.833  1795  2396 D HwActivityManagerService: handleANRFilterFIFO,uid = 10113cmd = 0
12-17 23:27:00.936  1795  2380 D PowerManagerService: userActivityNoUpdateLocked: eventTime=131509235, event=2, flags=0x0, uid=1000
12-17 20:11:45.580   633   692 I ECS     : LoginThread{6153} XmlMsg.encodeBuf(XmlMsg.java:215) SEND 442 bytes [16]_00_00_01_B6_00_03_01_01_1D_05_87_65_09_D2_14_07 cmdCode(CC_KeyExchange.0x011D)msgType(MT_ARG.1)msgClass(MC_PersonalInformation.1)sender(ST_Mobile.0)crypted(true)zipped(false)nobase64(true)length(438)version(3)sno(8765)
12-18 16:01:41.118  1046  1125 D ACDB-LOADER: ACDB -> ACDB_CMD_GET_AUDPROC_COMMON_TABLE_SIZE
12-18 19:53:16.041  1795 16498 I HwActivityManagerService: Split enqueueing broadcast [callerApp]:ProcessRecord{580cfb2 5224:com.huawei.health:DaemonService/u0a99}
12-17 21:32:41.668  1795  2778 I AlarmManager: set(PendingIntent{4b5319e: PendingIntentRecord{7f86237 com.huawei.espacev2 broadcastIntent}}) : type=0 triggerAtTime=1481981861668 win=0 tElapsed=450398032 maxElapsed=450398032 interval=300000 flags=0x1
12-17 20:42:12.758  2852  2852 D HwCustMobileSignalControllerImpl: sub =0,strMccMnc =null,hashMccMnc =[],strPlmn =hw_customized_networkType_entry
12-17 19:32:23.289  1795  2670 D WifiController: DefaultState what=155652
12-18 19:49:53.722  1795  1825 W huawei_ProximitySensor_CPP_Test: ProximitySensor, enable, 247: en=0
12-18 14:08:23.714  1795  2381 D libfingersense_wrapper: fingersense_classify_touch() finished
12-17 21:02:54.606  2852  2852 D NetWorkUtils: mVSimCurCardType is -1
12-18 10:06:04.349  2852  2852 I HwDateUtils:  formatChinaDateTime equals.
12-18 10:50:58.493  1795  2323 E UsbDeviceManager: 	at com.android.server.usb.UsbDeviceManager$2.onUEvent(UsbDeviceManager.java:328)
12-18 14:19:45.287   633 31868 I SDK     : 
12-18 14:07:58.001  2852  5453 D WindowBlur: notifyBlurResult bitmap = null
12-17 21:51:09.979  5224  5283 I Step_DataCache: 20002302|getTodayTotalSteps 10133
12-17 21:48:20.792  2852  3556 I NetworkController.MobileSignalController(0): onServiceStateChanged voiceState=0 dataState=0 isSuspend=false voiceStateOld=0 dataStateOld=1
12-17 22:42:47.747   633 31870 I SDK     : <2016-12-17 22:42:47> [WARN] SDK: UE-SeC 2016-12-17 22:42:47:747 Level[WARN] magic[3362781472 684]:PubEvt_Close Getting a socket[151] from the Socket-table Failed!
12-18 12:50:44.221  3218  3375 I SendBroadcastPermission: action:com.huawei.android.intent.action.RAC_CHANGED, mPermissionType:0
12-17 21:27:07.253  2852  2852 I SlideTouchEvent: vel=0.0, MinimumFlingVelocity=150
12-17 23:10:17.469   633 31870 I SDK     : <2016-12-17 23:10:17> [WARN] SDK: UE-SeC 2016-12-17 23:10:17:469 Level[WARN] magic[3362781472 684]:PubEvt_Close Getting a socket[45] from the Socket-table Failed!
12-17 23:44:07.794  2852  2852 D HwCustMobileSignalControllerImpl: sub =0,strMccMnc =null,hashMccMnc =[],strPlmn =hw_show_4g
12-18 14:13:03.701  5157  5157 D test    : sending:{"handlerName":"getRegisteredJsHandler","callbackId":"java_cb_1","data":null}
12-18 18:23:27.281 19827 19827 D baidu_location_service: baidu location service start1 ...19827
12-18 08:04:14.263 31949 31967 I ECS     : tcp.conn{4787} XmlMsg.encodeBuf(XmlMsg.java:215) SEND 100 bytes [16]_00_00_00_60_00_03_01_05_01_04_82_7E_00_00_00_00 cmdCode(CC_PCheckVersion.0x0501)msgType(MT_ARG.1)msgClass(MC_Push.5)sender(ST_Mobile.0)crypted(false)zipped(false)nobase64(true)length(96)version(3)sno(827E)
12-18 09:17:42.418  1795  2778 V HwWindowManagerService: setFocusedApp update app ops, mTaskChanged set to:false
12-17 21:10:20.597  1795  1819 D NetworkManagement: notifyInterfaceClassActivity: client is android.net.ip.IpManager$2@4c99c84
12-18 07:57:12.425  1795  1825 W LightSensor: LightSensor, enable, 285: mEnabled=1
12-17 19:35:50.812  1795  2750 D HW_DISPLAY_EFFECT: presently, hw_update_color_temp_for_rg_led interface not achieved.
12-17 21:26:53.399  1795  1825 D Sensors : bh1745-light calling driver disable
12-18 14:19:45.308   633 31870 I SDK     : 
12-18 17:30:15.576  2852  2852 I PhoneStatusBar: updateNotificationShade
12-18 15:33:22.087 10334 10334 D wpa_supplicant: WPS: attr type=0x103c len=1
12-17 22:27:29.985  1795  2750 I PowerManager_screenOn: DisplayPowerState Updating screen state: state=ON, backlight=0
12-17 23:48:53.539  1795  2381 D libfingersense_wrapper: Calling fingersense_classify_touch()
12-18 01:37:24.047  3626  3626 E PTM.FileNodeInfo: getTempInfo error: null, 0
12-17 21:51:27.775  2852  2852 I NotificationContentView: transferRemoteInputFocus: 0
12-18 15:33:22.059 10334 10334 D wpa_supplicant: WPS: attr type=0x103b len=1
12-17 23:20:19.393   633 31867 I SDK     : 
12-17 21:47:46.728  1795  1809 I WindowManager: rotationForOrientationLw(orient=1, last=0); user=0 
12-18 15:36:32.946 10334 10334 D wpa_supplicant: WPS: attr type=0x1049 len=6
12-18 15:55:59.260  3879  4071 D HwLauncher: Launcher.LauncherProvider  launcher-restore query - uri:content://com.huawei.android.launcher.settings/badge
12-17 21:58:46.816  2852  2852 I Tile.ScreenshotTile: refreshState=screenshot, State[,icon=com.android.systemui.qs.QSTile$DrawableIcon@8fb5eb0,label=截屏,labelTint=-1,textChangedDelay=0,contentDescription=null,dualLabelContentDescription=null,minimalContentDescription=null,minimalAccessibilityClassName=null,expandedAccessibilityClassName=null,autoMirrorDrawable=false,disabledByPolicy=false,enforcedAdmin=null]
12-17 23:35:01.974  3466  3466 I Contacts: DialpadFragment mBroadcastReceiver action:android.intent.action.SCREEN_OFF
12-18 08:51:12.727  2852  2852 I HwSignalClusterView: getOrInflateState subId:0
12-17 23:21:03.665   633 31868 I SDK     : 
12-18 11:20:45.829  1795  1795 D Tethering: StateReceiver onReceive action:android.net.conn.CONNECTIVITY_CHANGE
12-17 22:57:45.687  2852  3556 D NetworkController.MobileSignalController(0): mSimSubId:0 onDataActivity: direction=4
12-17 20:31:44.706 24593 24707 E hcdn_downloadengine: HCDN_LOG: [2016/12/17-20:31:44:706]:OnRecvIsCDNSpeedUp,999     recv hcdn download policy!
12-18 17:56:16.997  2852  2852 I TrafficPanelManager: hideTraffic
12-17 21:28:17.103 16628 16655 I SendBroadcastPermission: action:com.huawei.android.action.launcher_weather_icon_change, mPermissionType:0
12-17 23:58:52.249   633 31870 I SDK     : 
12-17 20:17:57.934   633 31870 I SDK     : 
12-17 21:38:48.867  5224  5283 I Step_LSC: 20002302|REPORT : 8597 184027 6136 0
12-18 00:24:15.358 17357 17378 D 2DSDR   : APS: 2DSDR: CanvasContext::setSDRZoomout(), the SDR ratio from ViewRootImpl is 1.000000, native window width = 1080, height = 1920
12-17 19:56:04.989  1795  3139 D ActivityManager: getRecentTasks: num=20,flags=62,totalTasks=47
12-18 15:27:47.364  2852  2852 I StackScrollAlgorithm: overlapAmount:216.64655, previousNotificationEnd:1021.26746, newYTranslation:804.6209, location:8, i:3, getTopPadding:499.0, getLocationOnScreen():0
12-18 08:42:52.232   633 31870 I SDK     : 
12-17 20:20:00.646  3879  4071 I HwLauncher: AllIdleAppsList  updatePackage  isCloneApp =  false
12-17 21:34:34.497  2852  3556 I NetworkController.MobileSignalController(0): onSignalStrengthsChanged signalStrength=SignalStrength: -1 0 -1 255 -1 255 -1 255 255 28 -75 -8 124 2147483647 2147483647 false gw|lte level=5 isSuspend=false levelOld=5,mSignalStrength level=5
12-17 21:32:23.255  3626  3626 E PTM.FileNodeInfo: getTempInfo error: null, 0
12-17 21:52:23.882  5224  5283 I SendBroadcastPermission: action:android.com.huawei.bone.NOTIFY_SPORT_DATA, mPermissionType:0
12-17 19:56:08.681  5224  5283 I Step_ExtendStepDataManager: 20002302|before compensate: cache step_4262
12-17 21:32:14.576  3382  3399 D QcrilMsgTunnelSocket: Broadcasting intent ACTION_RAC_CHANGED
12-18 09:50:25.606   633 31870 I SDK     : <2016-12-18 09:50:25> [WARN] SDK: UE-SeC 2016-12-18 9:50:25:606 Level[WARN] magic[3362781472 684]:PubEvt_Close Getting a socket[44] from the Socket-table Failed!
12-18 00:23:53.618  1795 18393 I AwareLog: AwareMem_Kill: execute: killing count=0
12-17 21:32:24.026  2852  2852 I NotificationContentView: transferRemoteInputFocus: 0
12-17 21:54:59.664  3218  4159 D PhoneInterfaceManager: [PhoneIntfMgr] getDataEnabled: subId=0 retVal=true
12-18 18:24:13.857  5224  5283 I Step_LSC: 20002302|calculateCaloriesWithCache datas.size=9745
12-18 19:50:02.101  1795 16500 I NotificationManager: cancelNotificationWithTag pid 7741,uid = 10034,tag = null,pkg =com.android.mms,id =239
12-17 22:53:46.748  3858  4126 I amsnl   : csr
12-18 18:46:04.264  3626  3626 E PTM.FileNodeInfo: getTempInfo error: null, 0
12-18 15:33:26.321  9017 10504 D Settings: isCurrentDiaplalyModeValid()-->values.length = 3
12-17 21:40:11.309  3218  3375 I SendBroadcastPermission: action:com.huawei.android.intent.action.RAC_CHANGED, mPermissionType:0
12-18 18:23:48.993  1795  3957 D IzatProviderEngine_jni: Accuracy : 0
12-17 21:33:41.124 30820 30820 W System.err: 	at com.huawei.systemmanager.rainbow.comm.request.AbsServerRequest.doRequest(AbsServerRequest.java:38)
12-17 23:49:08.946 13763 13777 D MagicLink: NearBy-Service:====>DisabledState{ when=0 what=50 target=com.android.internal.util.StateMachine$SmHandler }
12-18 14:08:20.515  1795 15988 D HwActivityManagerService: handleANRFilterFIFO,uid = 10113cmd = 1
12-18 16:01:38.123  2852  2852 I PanelView: onTouchEvent::0, x=524.0, y=0.0
12-18 09:11:50.598  3382  3399 D QcrilMsgTunnelSocket: readRilMessage: Buffer = [B@204bb9f HexData = [010000000404000012000000514f454d484f4f4b1d04080002000000ffff]
12-17 19:31:40.189  1795  2750 I QTI PowerHAL: Got set_interactive hint
12-18 18:32:39.239 22816 22829 E SQLiteDatabase: 	at android.os.Looper.loop(Looper.java:156)
12-17 21:32:27.997  1795  2748 D HwAmbientLuxFilterAlgo: earliestValidTime + POWER_ON_DARKENING_LIGHT_DEBOUNCE
12-18 00:04:56.590  1795  1825 D HwAmbientLuxFilterAlgo: earliestValidTime + POWER_ON_DARKENING_LIGHT_DEBOUNCE
12-18 18:32:40.974  1795  1825 I PowerManager_screenOn: DisplayPowerStatesetColorFadeLevel: level=0.5936906
12-17 20:13:05.386  2852  2852 I StatusBarIconView: updateTint: tint=0
12-17 23:50:40.892  2852  2852 D HwCustMobileSignalControllerImpl: isCurrentBySim()=false
12-18 18:13:00.134   633   692 I TCP     : Watch Thread{4481} TcpClientThread.closeSocket(TcpClientThread.java:396) closed socket.
12-18 07:56:34.093 25067 23177 I ret     : 	<link href="/uniportal/css/only.css?ver=v3r16" rel="stylesheet"  type="text/css">
12-18 15:33:32.153  1795  3884 D huawei_antiTheft: LOAD QC_HUAWEI_ANTITHEFT_TA_PATH
12-18 14:12:54.808  5157  5157 I chromium: [INFO:CONSOLE(1)] "Uncaught SyntaxError: Unexpected token var", source:  (1)
12-18 19:49:53.587   606  2379 E libteec : QSEECom_send_cmd return!
12-18 15:31:13.450  1795  2323 D HwBatteryService: onUEvent fcpStatus = 0,scpStatus =0,ovpStatus=0
12-17 22:01:33.639  3180  3578 I ash     : add listener com.tencent.mm net packet OK !,uid:10105
12-18 15:33:49.035 10334 10334 D wpa_supplicant: WPS: attr type=0x1021 len=24
12-18 14:12:20.641  6673  6839 I ChinaUploadStateMachine: range:null
12-17 22:27:02.274  3466  3466 I Contacts: DialpadFragment mBroadcastReceiver action:android.intent.action.SCREEN_ON
12-18 17:33:15.401  2852  2852 I TrafficPanelViewContent: onShowStatusChange show:false
12-18 17:30:22.439  5224  5283 I Step_DataCache: 20002302|getTodayTotalSteps 13633
12-18 08:26:56.679  2852  2852 I HwSystemIcons: onLayout:left=699, top=0, right=1056, bottom=72, offset=0
12-18 19:49:15.399   633 31870 I SDK     : 
12-17 22:26:05.880  1795 16500 D PowerManagerService: acquire lock=242365307, flags=0x1, tag="hibernation", name=com.huawei.powergenie, ws=null, uid=1000, pid=3180
12-18 08:55:44.321  5224  5283 I Step_FlushableStepDataCache: 20002302|upLoadOneMinuteDataToEngine time=24700360 step=2 altitude=0 motion=20002
12-18 18:29:52.600  2852  2852 D StatusBar: updateNotification(StatusBarNotification(pkg=com.huawei.health user=UserHandle{0} id=10010 tag=null key=0|com.huawei.health|10010|null|10099: Notification(pri=0 contentView=null vibrate=null sound=null defaults=0x0 flags=0x62 color=0x00000000 vis=PRIVATE)))
12-18 10:40:06.755   814 31665 V NuPlayer: audio shutdown completed
12-18 05:26:30.523   800  1015 D         : oem-qmi: Waiting to accept connection
12-18 17:43:14.582  2852  3556 I NetworkController.MobileSignalController(0): onDataActivity: direction=3
12-17 20:11:44.412  5215  5215 D wpa_supplicant: CTRL-DEBUG: ctrl_sock-sendmsg: sock=16 sndbuf=229376 outq=0 send_len=44
12-18 15:35:31.977  2852  2852 I StatusBar: onNotificationPosted: StatusBarNotification(pkg=com.android.browser user=UserHandle{0} id=1482346485 tag=null key=0|com.android.browser|1482346485|null|10029: Notification(pri=0 contentView=null vibrate=null sound=null tick defaults=0x0 flags=0x2 color=0x00000000 groupKey=nf_type_1610612739 actions=1 vis=PRIVATE)) important=2, post=1482046531968, when=0, vis=0, userid=0
12-18 17:37:31.793  1795  2736 E hwintelligencewifi: getCurrentCellid PHONE_TYPE_GSM cellidString = 4600048488037
12-18 09:10:58.192  1795  1825 D HwAmbientLuxFilterAlgo: t=138414490,BT=138414990,DT=138415490,BT1=138418490,DT1=138422490,Bn=false,Dn=false,lx=[3407.0/138414490],mLx=3407.0,s=5.0,ss=0.0,AuIntervened=false,mProximityState=false,bLux=4396.0,dLux=1200.0,bLux1=4396.0,dLux1=1200.0
12-18 10:45:03.334  2883  3125 I HwSystemManager: StartupResidentService:InnerHandler Message:7
12-18 10:55:53.708  1795  2750 D HW_DISPLAY_EFFECT: presently, hw_update_color_temp_for_rg_led interface not achieved.
12-18 15:27:47.315  2852  2852 I StackScrollAlgorithm: state.clipTopAmount:200, i:3
12-17 21:12:15.512  1795  3139 D PowerManagerService: ready=true,policy=3,wakefulness=1,wksummary=0x23,uasummary=0x4,bootcompleted=true,boostinprogress=false,waitmodeenable=false,mode=true,manual=33,auto=-1,adj=0.0userId=0
12-18 08:14:38.196  2852  2852 I HwSignalClusterView: setMobileDataIndicatorsHuawei subId:0 visible:true strengthIcon:2130839311 typeIcon:2130839195 contentDescription:手机信号满格。 typeContentDescription:4G isTypeIconWide:true showActivity:true activityIn:false activityOut:false isRoaming:false
12-17 22:42:51.548  3858  4126 I amsnl   : csr
12-18 09:19:09.635  2852  2852 I HwSignalClusterView: setMobileDataIndicatorsHuawei subId:0 visible:true strengthIcon:2130839311 typeIcon:2130839195 contentDescription:手机信号满格。 typeContentDescription:4G isTypeIconWide:true showActivity:true activityIn:false activityOut:false isRoaming:false
12-18 14:11:22.249  5157  5157 I chromium: [INFO:CONSOLE(1)] "Uncaught SyntaxError: Unexpected token var", source:  (1)
12-17 19:58:40.598  1795  2323 E UsbDeviceManager: 	at java.io.FileInputStream.open(Native Method)
12-18 07:29:41.338   633   692 I Hw_Fluent: RecentLogic{4456} RecentLogic.addConversationEntity(RecentLogic.java:906) add chat recent!
12-18 19:01:09.035   633 31870 I SDK     : 
12-17 21:28:17.263  2883  2996 E HwSystemManager: NotificationUtil:Month Warning Notification not create
12-18 09:39:27.518  3218  3218 I SendBroadcastPermission: action:huawei.intent.action.IMS_SERVICE_STATE_CHANGED, mPermissionType:0
12-17 21:05:22.399  2852  2852 D HwCustMobileSignalControllerImpl: sub =0,strMccMnc =null,hashMccMnc =[],strPlmn =hw_show_4_5G_for_mcc
12-17 21:32:15.719  3218  3234 W PhoneInterfaceManager: shouldBlockLocation running ...
12-17 20:19:56.243  2852  2852 W HwPhoneLayoutInflater: onCreateView : ClassNotFoundException, In this case we want to let the base class take a crack at it
12-18 10:55:28.995  3180  3332 D AudioState: auido type:out state:stop pid:2852 uid:10033
12-18 00:15:42.335  3858  4126 I amsnl   : m1: false
12-18 17:30:13.554   633 31875 I SDK     : 
12-18 08:27:15.448  2852  2852 D HwCustMobileSignalControllerImpl: sub =0,strMccMnc =null,hashMccMnc =[],strPlmn =hw_show_lte
12-18 08:17:08.638   802   802 E Thermal-daemon: [Thermal_Hw] temperature_filter: get invalid temperature, use old temp
12-18 08:17:01.353   818  1086 E iMonitor: dropped event (cpu0) 
12-18 07:39:22.094  1795  2748 D HwAmbientLuxFilterAlgo: earliestValidTime + POWER_ON_BRIGHTENING_LIGHT_DEBOUNCE
12-17 23:28:40.697  1795  2381 D libfingersense_wrapper: fingersense_touch_up() finished
12-17 21:53:33.688 31949 31967 I eSpaceService: WatchThread{4786} TcpCirChannel.connect(TcpCirChannel.java:219) Connect to server  address = [uc.huawei.com,]  port = 7801
12-18 12:39:36.788   612   612 D SurfaceFlinger: Set power mode=2, type=0 flinger=0x7f9a25b400
12-18 00:05:00.516  1795  2750 D HW_DISPLAY_EFFECT: presently, hw_update_color_temp_for_rg_led interface not achieved.
12-18 19:49:28.551  2852  2852 I HwSignalClusterView: getOrInflateState subId:0
12-17 20:26:43.879  3879  4071 I HwLauncher: AllIdleAppsList  updatePackage  isCloneApp =  false
12-17 23:04:03.873  2852  3556 I HwMobileSignalController: mExtDataOld:ExtData [mMasterNetWorkType=3, mSlaveNetWorkType=0, mMasterNetWorkLevel=4, mSlaveNetWorkLevel=-1, mDataState=2, mDataActivity=0, mDataNetType=13] mExtData:ExtData [mMasterNetWorkType=3, mSlaveNetWorkType=0, mMasterNetWorkLevel=4, mSlaveNetWorkLevel=-1, mDataState=2, mDataActivity=4, mDataNetType=13]
12-18 00:24:23.221  1795  6988 I SendBroadcastPermission: action:android.intent.action.ANY_DATA_STATE, mPermissionType:0
12-18 08:08:01.645  7741  7741 D Mms_TX_NOTIFY: Get no-perm notification callback android.intent.action.USER_PRESENT
12-18 19:01:10.884   633 31868 I SDK     : <2016-12-18 19:01:10> [NOTICE] SDK: UE-SeC 2016-12-18 19:1:10:884 Level[NOTICE] magic[3365677344 561]:dopra VOS_Android_Timer_Create: taskID: 4, timerID:5, mode:1
12-18 18:23:27.023  2852  2852 I HwNotificationIconAreaController: showNotificationAll
12-17 21:58:28.457  2852  2852 I StatusBarIconView: updateTint: tint=0
12-18 08:39:31.280  1795  2323 D HwBatteryService: onUEvent fcpStatus = 0,scpStatus =0,ovpStatus=0
12-18 08:38:00.192  1795  2668 D WifiP2pService: P2pDisabledState{ when=0 what=143466 target=com.android.internal.util.StateMachine$SmHandler }
12-17 19:55:47.054  3879  4071 E HwLauncher: SettingsEx , no such field.
12-18 12:55:54.467  1795 11745 D PowerManagerService: ready=true,policy=0,wakefulness=0,wksummary=0x1,uasummary=0x0,bootcompleted=true,boostinprogress=false,waitmodeenable=false,mode=true,manual=33,auto=-1,adj=0.0userId=0
12-18 17:56:26.250  1795 15988 D PowerManagerService: acquire lock=92957329, flags=0x1, tag="RILJ_ACK_WL", name=com.android.phone, ws=null, uid=1001, pid=3218
12-18 13:06:01.596   633  4559 I SDK     : 
12-18 14:24:38.749  2852  2852 D HwCustMobileSignalControllerImpl: sub =0,strMccMnc =null,hashMccMnc =[],strPlmn =hw_show_4g
12-18 07:29:41.853  1795  6986 I ActivityManager_broadcast: Enqueueing ordered broadcast[background] BroadcastRecord{587d2f2 u0 com.tencent.mm.plugin.openapi.Intent.ACTION_HANDLE_APP_REGISTER}: prev had 0
12-17 22:26:24.740  1795  1795 D HwConnectivityService: CtrlSocket allowCtrlSocketLevel = 0
12-18 10:06:04.403  3168  3369 E CHR_CenumENCSubEventId: set ordinal Value failed! name is not in the enum map, name = ChrVolteStatisticInfo
12-18 17:30:24.519  5224  5283 I SendBroadcastPermission: action:android.com.huawei.bone.NOTIFY_SPORT_DATA, mPermissionType:0
12-17 22:33:37.443  2852  2852 D HwCustMobileSignalControllerImpl: sub =0,strMccMnc =null,hashMccMnc =[],strPlmn =hw_show_4g
12-18 15:39:43.532  1795  1795 D HuaweiWifiWatchdogStateMachine: speed: rxpkt:52, rxSpd:1589B/s, txpkt:92, txSpd:63647
12-17 21:14:15.717  1795  2748 D HwAmbientLuxFilterAlgo: t=126409414,BT=126410414,DT=126413414,BT1=126413414,DT1=126417414,Bn=false,Dn=false,lx=[6.0/126407911, 6.0/126408212, 6.0/126408512, 7.0/126408813, 6.0/126409114, 6.0/126409414],mLx=5.0,s=5.0,ss=0.011235951,AuIntervened=false,mProximityState=false,bLux=15.0,dLux=0.0,bLux1=15.0,dLux1=0.0
12-18 12:39:36.288  1795  2381 I PowerManager_screenOn: HwPhoneWindowManager has intercept Key : 26, isdown : false, flags : 8
12-17 19:31:45.332  3608  3608 D InCall  : ProximitySensor - Turning on proximity sensor
12-18 07:35:38.396  1795  2748 D HwAmbientLuxFilterAlgo: earliestValidTime + POWER_ON_BRIGHTENING_LIGHT_DEBOUNCE
12-18 14:12:21.278  5157  5157 I chromium: [INFO:CONSOLE(1)] "Uncaught SyntaxError: Unexpected token var", source:  (1)
12-17 19:57:00.702   802   802 E Thermal-daemon: [Thermal_Hw] temperature_filter: get invalid temperature, use old temp
12-17 21:23:22.124  3168  3307 D QmiChr_Native: GetProtocolInfo, result =1, outputLen =16
12-18 00:15:42.800   802   802 E Thermal-daemon: [charger_ic] temp_new :29  temp_old :28
12-18 03:25:54.808  1795 19075 D PFW.HwPFWAppWakeLockPolicy: getUidWakeLock uid: 10117 wakelock(minutes): 0
12-18 14:13:31.722  5994  5994 D wpa_supplicant: wlan0: Control interface command 'BSS RANGE=15- MASK=0x3029d87'
12-18 00:18:01.069  2852  2852 I HwSignalClusterView: getOrInflateState subId:0
12-18 15:27:34.187  8916  8916 I dex2oat : /system/bin/dex2oat --dex-file=/data/data/com.huawei.intelligent/files/parse/parseUtilMain_745.jar --oat-fd=60 --oat-location=/data/data/com.huawei.intelligent/app_outdex/parseUtilMain_745.dex --compiler-filter=speed
12-17 22:33:15.883  1795 20747 D ActivityManager: Skipping, withExcluded: false, tr.intent:Intent { act=android.intent.action.VIEW dat=file:///storage/emulated/0/Downloads/云播影视326.apk typ=application/vnd.android.package-archive flg=0x10800000 cmp=com.android.packageinstaller/.PackageInstallerActivity (has extras) }
12-18 15:37:52.013  1795 16498 D wifiserviceimpl: netmask =16777215
12-17 20:31:48.378 24266 24266 I DownloadEpisodeAdapter: [qiyi_LOG_INFO DownloadEpisodeAdapter] setUnFinishedText:DownloadObject{albumId='203364601', tvId='575628500', res_type=4, _id=33, vid='10da8e6b3fdc6d8d58c228a7543b7d66', fileName='203364601_575628500.qsv', downloadFileDir='/storage/emulated/0/Android/data/com.qiyi.video/files/203364601_575628500/', imgUrl='http://m.qiyipic.com/image/20161128/33/34/v_111373771_m_601_320_180.jpg', text='锦绣未央第33集', subTitle='未央收到匿名信', DOWNLOAD_KEY='203364601_575628500', downloadWay=8, downloadRequestUrl='', displayType=TV_TYPE, fileSize=140043586, progress=100.0, status=FINISHED, clicked=1, videoDuration=2769, clm='锦绣未央', _a_t='锦绣未央', episode=33, year='2016', playRc=1001, taskStatus=2, mNeedDel=0, isDownloadPlay=true, speed=0, errorCode='', downloadTime=0, _pc=0, auto=0, cid=0, fDownloadRequestUrl='http://pic2.qiyipic.com/image/20161211/9a/b4/a_100018961_m_601_m3_284_160.jpg', downloadSource=DOWNLOAD_DEFAULT, f4vJsonUrl='http://cache.video.qiyi.com/vp/575628500/10da8e6b3fdc6d8d58c228a7543b7d66/?src=2_22_222&t=1481878509976&vf=1dab4bf841a8851a52a2feefeea2ba10&vt=1', f4vSections=null, svrip='null', segidx='null', accelerate_speed0'}
12-17 21:19:24.573 24266 24266 D VideoPlayerImpl: org.iqiyi.video.player.cv.ag()<-1> : current progress: progress= 1328491
12-17 22:51:14.758  1795  1825 D HwAmbientLuxFilterAlgo: earliestValidTime + POWER_ON_DARKENING_LIGHT_DEBOUNCE
12-17 21:21:35.040  1795  1819 I SendBroadcastPermission: action:android.net.conn.DATA_ACTIVITY_CHANGE, mPermissionType:0
12-18 14:07:58.000  1795 15987 I Sensor  : turn off notificationLight due to incall or screenon
12-17 21:22:10.403 24802 24802 I nativeProcess: iqiyi message: ==== isProcesssExist: stat=0, errno=13
12-18 11:11:30.320  5224  5283 I Step_DataCache: 20002302|getTodayTotalSteps 6471
12-18 09:10:58.373  2852  2852 I QSContainer: updateQsState:false
12-18 15:44:13.856 10699 10752 I ChinaUploader: nspFileMd58ccc2277d7a200c1b4bc6d85150b0e70
12-18 08:24:35.522  2852  3556 I NetworkController.MobileSignalController(0): onSignalStrengthsChanged signalStrength=SignalStrength: -1 0 -1 255 -1 255 -1 255 255 27 -78 -9 40 2147483647 2147483647 false gw|lte level=5 isSuspend=false levelOld=5,mSignalStrength level=5
12-18 07:15:21.313  1795  1795 I MQoS    : onSignal: mSubId=0,currDataSubID=0
12-18 10:41:02.509  1795  6986 D PowerManagerService: acquire lock=248432240, flags=0x1, tag="HttpsWakeLockHelper", name=com.huawei.systemmanager, ws=null, uid=1000, pid=28113
12-18 10:57:03.954  1795  1825 I PowerManager_screenOn: DisplayPowerController updatePowerState mPendingRequestLocked=policy=OFF, useProximitySensor=false, useProximitySensorbyPhone=true, screenBrightness=33, screenAutoBrightnessAdjustment=0.0, brightnessSetByUser=true, useAutoBrightness=true, blockScreenOn=false, lowPowerMode=false, boostScreenBrightness=false, dozeScreenBrightness=-1, dozeScreenState=UNKNOWN, useTwilight=false, useSmartBacklight=true, brightnessWaitMode=false, brightnessWaitRet=false, screenAutoBrightness=-1, userId=0
12-17 20:37:20.151  3858  4126 I amsnl   : c: true, w: false, t: false, l: false
12-17 23:14:55.435   633 31870 I SDK     : <2016-12-17 23:14:55> [WARN] SDK: UE-SeC 2016-12-17 23:14:55:435 Level[WARN] magic[3362781472 684]:PubEvt_Close Getting a socket[79] from the Socket-table Failed!
12-17 22:33:31.611  1795  2380 I TransactionSponsor: Transact:getHwAdminCachedValue to device policy manager service.
12-17 19:35:12.271  2852  2852 I ToggleSlider:  mSeekListener onProgressChanged progress:855 fromUser:false
12-17 23:13:39.643  2852  2852 I PhoneStatusBar: addNotification key=0|com.tencent.mm|4097|null|10105
12-18 13:11:03.626  3626  3626 E PTM.FileNodeInfo: getTempInfo error: null, 0
12-17 23:13:21.834   597   597 I rmt_storage: wakelock acquired: 1, error no: 42
12-18 17:30:51.923  1795  1819 D NetworkManagement: notifyInterfaceClassActivity: client is android.net.INetworkManagementEventObserver$Stub$Proxy@c0acf8b
12-18 07:41:58.868  3180  3578 I ash     : Unpending com.huawei.appmarket alarm OK !
12-17 20:25:23.469  2852  2852 I NotificationGroupManager: onEntryAdded:0|com.huawei.health|10010|null|10099, group=0|com.huawei.health|10010|null|10099
12-18 17:31:05.461  2852  2852 I NotificationGroupManager: onEntryUpdated:0|com.huawei.health|10010|null|10099
12-17 19:31:38.256  1795  1795 I NotificationManager: updateLightsLocked,turn off notificationLight
12-18 18:31:25.184   802   802 E Thermal-daemon: [Thermal_Hw] temperature_valid, battery : temperature is invalid, invalid temperatrue is 34
12-18 00:06:27.712  2852  2914 I HwMobileSignalController: updateSignalStrength: signalStrength=SignalStrength: -1 0 -1 255 -1 255 -1 255 255 22 -102 -9 136 2147483647 2147483647 false gw|lte
12-18 08:26:28.441  3858  4126 I amsnl   : m1: false
12-18 19:47:34.466  5224  5224 I Step_LSC: 20002302|onStandStepChanged 88265
12-18 19:33:53.136  5224  5283 I Step_HSNH: 20002302|upDateHealthNotification()|331|11.03|15454
12-18 09:45:56.288  5224  5224 I Step_LSC: 20002302|onStandStepChanged 74728
12-17 22:32:56.363  3218  3517 I QImsService: ImsSenderRxr : Response data: [12, 13, -1, -1, -1, -1, 16, 3, 24, -37, 1, 32, 0, 13, 100, 0, 0, 0, 21, 10, 0, 0, 0, 29, 100, 0, 0, 0, 37, 0, 0, 0, 0, 45, -1, 0, 0, 0, 53, -1, -1, 0, 0, 61, -1, 0, 0, 0, 69, -1, -1, 0, 0][SUB0]
12-18 15:37:28.568 10334 10334 D wpa_supplicant: WPS: attr type=0x1047 len=16
12-18 18:26:52.139  2852  2852 D HwPhoneStatusBar: No peeking: not allowed notification: 0|com.sankuai.meituan|2147483647|null|10146
12-17 21:18:05.473 24266 24266 D VideoPlayerImpl: org.iqiyi.video.player.cv.ag()<-1> : current progress: progress= 1249385
12-18 14:11:24.845  3180  3332 I ScenarioAction: new ScenarioAction sPoolSize: 0
12-18 18:23:26.423  7741  7741 D Mms_TX_NOTIFY: Get no-perm notification callback android.intent.action.SCREEN_ON
12-18 00:03:54.464   633   692 I TupC30  : msg.recv{4490} TupHelper.configSip(TupHelper.java:966) cert exit?true
12-18 19:45:25.457  2852  3556 I HwNetworkControllerImpl: onReceive: action = android.intent.action.LTE_CA_STATE
12-18 14:10:58.328  1795  1821 I ActivityManager: Displayed com.sankuai.meituanhd/com.meituan.android.base.ui.CommonWebViewActivity: +149ms
12-18 07:46:40.533   633 22279 I SDK     : <2016-12-18 07:46:40> [NOTICE] SDK: UE-SeC 2016-12-18 7:46:40:532 Level[NOTICE] magic[2240563488 2421]:FileSec: have right to open file due to cur app sec level = 0 is higher than file app(&5ߢ[@ñ?z]) sec level = 0.
12-18 08:08:40.780  3382  3399 D QcrilMsgTunnelSocket: Broadcasting intent ACTION_RAC_CHANGED
12-18 15:34:49.430  1795  1795 D WifiScanGenie_Controller: mCurrentCellId has Changed,try update
12-18 07:15:52.280  3168  3168 I CHR_TelStatusListenr1: writeSummaryFromParcelLocked, duration: 0
12-17 20:44:02.035  1795  2748 D HwAmbientLuxFilterAlgo: t=124595732,BT=124596732,DT=124599732,BT1=124599732,DT1=124603732,Bn=false,Dn=false,lx=[9.0/124594229, 8.0/124594529, 9.0/124594830, 9.0/124595131, 9.0/124595431, 9.0/124595732],mLx=5.0,s=5.0,ss=0.015873017,AuIntervened=false,mProximityState=false,bLux=15.0,dLux=0.0,bLux1=15.0,dLux1=0.0
12-18 18:27:45.264  1795  3139 I MediaProcessHandler: processOp opType: 1, uid: 10146, pid: 21200
12-18 14:12:15.225  5157  5157 W cr_BindingManager: Cannot call determinedVisibility() - never saw a connection for the pid: 5157
12-18 19:25:13.647  1795  2750 D PowerManagerService: Setting HAL interactive mode to true
12-18 19:25:18.209   633 31868 E SDK     : 
12-18 12:49:47.506  3180  3578 I ash     :  ignore audio app: com.huawei.espacev2 stop delta time:53944152
12-18 18:30:32.455  1795  2377 E ProcessInfoCollector: getProcessInfo: failed to find this proc 
12-18 19:35:44.112  1795  2323 E UsbDeviceManager: 	at java.io.FileInputStream.<init>(FileInputStream.java:146)
12-18 12:46:02.838   633 31870 I SDK     : <2016-12-18 12:46:02> [WARN] SDK: UE-SeC 2016-12-18 12:46:2:838 Level[WARN] magic[3362781472 684]:PubEvt_Close Getting a socket[118] from the Socket-table Failed!
12-18 19:50:38.899  1795 15987 I HwActivityManagerService: Split enqueueing broadcast [callerApp]:ProcessRecord{580cfb2 5224:com.huawei.health:DaemonService/u0a99}
12-18 14:14:13.065  5994  5994 D wpa_supplicant: 08:10:79:c8:82:42 freq=2437 qual=0 noise=-89~ level=-73 snr=16 flags=0xb age=10 est=48000
12-17 21:29:18.168   633 31870 I SDK     : <2016-12-17 21:29:18> [WARN] SDK: UE-SeC 2016-12-17 21:29:18:168 Level[WARN] magic[3362781472 684]:PubEvt_Close Getting a socket[24] from the Socket-table Failed!
12-18 15:36:45.784  2852  2852 I BarTransitions.HwNavigationBarView: transitionTo: mode=MODE_TRANSPARENT, animate=false
12-17 22:30:37.615   633 31868 I SDK     : 
12-17 21:00:07.544  3858  4126 I amsnl   : csr
12-17 21:07:15.502  1795 15987 W ActivityManager: Sending non-protected broadcast org.codeaurora.VOIP_VOPS_SSAC_STATUS from system 3218:com.android.phone/1001 pkg com.android.phone
12-17 23:29:50.503   633 11964 E SDK     : 
12-18 15:38:09.203 10334 10334 D wpa_supplicant: wlan0: Control interface command 'SIGNAL_POLL'
12-17 23:01:45.805  2852  2852 I BitmapUtils: 	at com.huawei.keyguard.support.magazine.KeyguardWallpaper.updateWallpaper(KeyguardWallpaper.java:145)
12-17 22:46:56.153   633   692 I eSpaceService: Watch Thread{4481} WatchThread.onLoop(WatchThread.java:94) watch thread onLoop... 
12-17 21:48:24.602 25067  1584 I ret     : 
12-17 22:30:33.123  2852  3361 V AudioManager: getLastAudibleStreamVolume  treamType: 3
12-17 20:34:42.033  1795  1806 W ActivityManager: getTasks: caller 10140 does not hold REAL_GET_TASKS; limiting output
12-18 07:56:29.595   633 31870 I SDK     : 
12-17 20:15:48.077  5224  5283 I Step_HSNH: 20002302|rebuild notification
12-18 15:38:18.702  1795  1806 W ActivityManager: getRunningAppProcesses: caller 10146 does not hold REAL_GET_TASKS; limiting output
12-18 09:17:29.827  2852  2852 I PhoneStatusBar: removeNotificationChildren
12-18 00:08:37.749  2852  3556 I HwMobileSignalController: mExtDataOld:ExtData [mMasterNetWorkType=3, mSlaveNetWorkType=0, mMasterNetWorkLevel=4, mSlaveNetWorkLevel=-1, mDataState=2, mDataActivity=4, mDataNetType=13] mExtData:ExtData [mMasterNetWorkType=3, mSlaveNetWorkType=0, mMasterNetWorkLevel=4, mSlaveNetWorkLevel=-1, mDataState=2, mDataActivity=0, mDataNetType=13]
12-18 14:14:01.656  5157  5157 I chromium: [INFO:CONSOLE(1)] "Uncaught SyntaxError: Unexpected token var", source:  (1)
12-18 15:34:28.943 10334 10334 E wpa_supplicant: bssid=14:75:90:c3:8c:62;freq=2437;level=-82;flags=11;ssid=shuilin;
12-18 08:29:00.033  2852  2852 E DateLunarView: mDateString is: 12月18日星期日
12-17 22:39:18.902  1795  3249 I SendBroadcastPermission: action:android.intent.action.SIG_STR, mPermissionType:0
12-17 20:22:29.045  1795  1809 I WindowManager: MyOrientationListener: updateRotation.
12-18 17:33:02.974  1046  1125 I Huawei_audio_cust: get_spk_pa_type: pa is max98925
12-17 22:24:50.365   633  4214 I SDK     : <2016-12-17 22:24:50> [NOTICE] SDK: UE-SeC 2016-12-17 22:24:50:364 Level[NOTICE] magic[2406697248 1541]:FSM_Tool_Tree_Enc_Path =>Access [/mnt/sdcard/sandbox/AnyOfficeSDK/sdk/QDJ7lEGuRlJb2r2mqrSExBTDjN4QhUgEPVptBL0HnX4=] real path  ok 
12-18 14:14:15.175  3626 14848 I NCCHR_NcLogCollectServiceImpl: getUserType = 3
12-17 22:33:44.302  1795  2322 D Ringtone: Successfully created local player
12-18 18:11:04.831  2852  2852 I TrafficPanelViewContent: onShowStatusChange show:false
12-17 22:48:18.270   633 31868 E SDK     : <2016-12-17 22:48:18> [ERR] SDK: UE-SeC 2016-12-17 22:48:18:270 Level[ERR] magic[3365677344 436]:libcSeekFile => fseek[22]:[-64][0][EA6046B0]
12-18 07:30:00.623  1795  1809 D KeyEvent: obtain, mHwFlags=0
12-18 00:00:52.624   633 31875 I SDK     : <2016-12-18 00:00:52> [NOTICE] SDK: UE-SeC 2016-12-18 0:0:52:624 Level[NOTICE] magic[3359111456 2487]:FSM_OpenFile => [END]
12-17 20:19:55.673  5224  5283 I Step_ExtendStepDataManager: 20002302|after compensate: cache step_6254
12-18 15:38:28.628 10334 10334 D wpa_supplicant: WPS: attr type=0x1024 len=6
12-17 22:25:41.793  5224  5283 I Step_StandStepCounter: 20002302|flush sensor data
12-18 14:10:00.100  1795  1805 D PowerManagerService: ready=true,policy=3,wakefulness=1,wksummary=0x1,uasummary=0x1,bootcompleted=true,boostinprogress=false,waitmodeenable=false,mode=true,manual=33,auto=-1,adj=0.0userId=0
12-18 17:30:08.873  2852  2852 I NotificationContentView: transferRemoteInputFocus: 0
12-18 10:39:40.226  2852  2852 W View    : requestLayout() improperly called by com.android.internal.widget.NotificationExpandButton{8d85a1f V.ED..C.. ......ID 373,30-421,81 #10203ac android:id/expand_button} during layout: running second layout pass
12-17 20:22:11.859  1795 16499 I ActivityManager_broadcast: Enqueueing ordered broadcast[background] BroadcastRecord{1927ea0 u0 android.intent.action.LTE_CA_STATE}: prev had 0
12-17 22:25:15.049   835  2385 D fpc_fingerprint_hal: worker idle
12-17 20:22:10.157  1795  1805 I ActivityManager_broadcast: collectReceiverComponents, callerApp: ProcessRecord{506ad58 2852:com.android.systemui/u0a33}, intent:com.android.systemui.statusbar.visible.change, receiver size:1, flags: 10000400
12-18 09:12:00.565  2852  2852 I HwPhoneStatusBarTransitions: setBackgroundColor:new=0, old=0
12-18 08:11:43.612  1795  2380 D PowerManagerService: ready=true,policy=3,wakefulness=1,wksummary=0x1,uasummary=0x1,bootcompleted=true,boostinprogress=false,waitmodeenable=false,mode=true,manual=33,auto=-1,adj=0.0userId=0
12-18 15:38:43.293   818  1086 E iMonitor: error writing to /sys/kernel/debug/tracing/trace_marker: Bad file descriptor (9)
12-17 20:51:06.097   633 31868 I SDK     : 
12-18 19:51:38.442  5224  5224 I Step_LSC: 20002302|onStandStepChanged 88641
12-18 17:33:02.014  1795 11746 I ActivityManager_service: retrieveServiceLocked, callerApp: ProcessRecord{2c8a5f9 14448:com.huawei.intelligent/u0a17}, flags: 10000400
12-18 09:19:29.998  2852  2852 D HwCustMobileSignalControllerImpl: isCurrentBySim()=false
12-18 07:49:04.373  2852  2852 I StackScrollAlgorithm: updateClipping isOverlap:false
12-17 21:52:46.487  2852  2852 I StatusBar: onNotificationPosted: StatusBarNotification(pkg=com.android.incallui user=UserHandle{0} id=2 tag=null key=0|com.android.incallui|2|null|1001: Notification(pri=2 contentView=null vibrate=null sound=null defaults=0x0 flags=0x2 color=0x00000000 actions=3 vis=PRIVATE publicVersion=Notification(pri=0 contentView=null vibrate=null sound=null defaults=0x0 flags=0x0 color=0xff33b5e5 vis=PRIVATE))) important=2, post=1481982766468, when=1481982650953, vis=0, userid=0
12-18 15:37:53.466 10334 10334 D wpa_supplicant: WPS: attr type=0x104a len=1
12-18 19:25:34.918  1046  1125 I msm8916_platform: platform_check_and_set_codec_backend_cfg:becf: afe: bitwidth 16, samplerate 48000 channels 2, backend_idx 0 usecase = 1 device (speaker)
12-18 17:30:08.635  2852  2852 I HwPhoneStatusBar: setBarState:0
12-18 14:16:21.406  1795  1795 V NotificationService: disableEffects=null canInterrupt=false once update: false
12-18 14:13:24.646  5994  5994 D wpa_supplicant: WPS: attr type=0x1049 len=6
12-17 20:31:42.423 24266 24386 W System.err: 	at com.qiyi.video.WelcomeActivity.a(Unknown Source)
12-18 18:25:12.127  2852  3556 I HwMobileSignalController: mExtDataOld:ExtData [mMasterNetWorkType=3, mSlaveNetWorkType=0, mMasterNetWorkLevel=5, mSlaveNetWorkLevel=-1, mDataState=2, mDataActivity=3, mDataNetType=13] mExtData:ExtData [mMasterNetWorkType=3, mSlaveNetWorkType=0, mMasterNetWorkLevel=5, mSlaveNetWorkLevel=-1, mDataState=2, mDataActivity=1, mDataNetType=13]
12-17 23:16:35.982  7194  7208 W PushLog2824: 	at com.huawei.android.pushagent.model.channel.ChannelMgr.c(Unknown Source)
12-17 20:44:08.259  3858  4126 I amsnl   : t:false, fl: false, p: 2147483647000, ce: true, we: false
12-17 21:22:44.230 24266 24266 I DownloadEpisodeAdapter: [qiyi_LOG_INFO DownloadEpisodeAdapter] showExceptionStatus
12-18 07:36:36.848  2852  2852 D HwCustMobileSignalControllerImpl: isCurrentBySim()=false
12-18 07:15:21.585   606  2379 E libteec : QSEECom_send_cmd return!
12-18 09:11:00.877  2852  2852 I BarTransitions.HwPhoneStatusBarView: transitionTo: mode=MODE_TRANSPARENT, animate=false
12-18 09:36:02.746  2852  2852 D HwCust  : Create obj success use class android.app.HwCustNotificationImpl
12-18 14:10:20.531  3218  3234 I PhoneInterfaceManager: shouldBlockLocation  ret:false
12-18 15:35:24.795  1795  2750 D HW_DISPLAY_EFFECT: presently, hw_update_color_temp_for_rg_led interface not achieved.
12-17 21:27:06.004   633 31430 I SDK     : 
12-18 08:09:00.003  1795  2376 D PowerManagerService: ready=true,policy=3,wakefulness=1,wksummary=0x1,uasummary=0x1,bootcompleted=true,boostinprogress=false,waitmodeenable=false,mode=true,manual=33,auto=-1,adj=0.0userId=0
12-18 15:28:57.820  2852  2852 D HwCustMobileSignalControllerImpl: sub =0,strMccMnc =null,hashMccMnc =[],strPlmn =hw_customized_networkType_entry
12-17 19:31:38.272  3608  3608 E HW-JPEG-DEC: [HME_JPEG_DEC_Delete](3298): HME_JPEG_DEC_Delete: decoder_ctx=null
12-18 14:13:13.655  3858  4126 I amsnl   : c: true, w: false, t: false, l: false
12-17 20:58:17.802  2852  2914 I HwMobileSignalController: subId:0 phoneType:1 networktype:13 targetClass:3 masterLevel:5 slaveLevel:-1
12-17 22:08:00.547   606  2379 E libteec : QSEECom_send_cmd return!
12-17 21:09:39.880  3626  3626 E PTM.FileNodeInfo: getTempInfo error: null, 0
12-17 23:27:11.973  3879  4071 I HwLauncher: BadgeContentObserver newBadgeNumber:0,oldBadgeNumber:0 mComponentName : ComponentInfo{com.tencent.mm/com.tencent.mm.ui.LauncherUI}
12-17 22:30:33.126  2852  2852 I vol.VolumeDialog: VolumeDialogController.Callbacks onStateChanged
12-17 21:58:49.386  5224  5283 I Step_HSNH: 20002302|rebuild notification
12-18 15:33:21.977  1795  2744 I WifiProHistoryDBManager: querySameSSIDApCount read same (SSID:"TP-LINK_fen", secType:1) and different BSSID record count=0
12-18 09:11:55.004  1795 15988 I SendBroadcastPermission: action:android.intent.action.SIG_STR, mPermissionType:0
12-18 14:38:49.857  5224  5283 I Step_LSC: 20002302|REPORT : 9830 209441 6985 0
12-18 15:43:13.349 10334 10334 D wpa_supplicant: WPS: attr type=0x1054 len=8
12-17 21:26:10.285  1795  3360 I Telecom : CallAudioRouteStateMachine: setSystemAudioState: changing from [AudioState isMuted: false, route: EARPIECE, supportedRouteMask: EARPIECE, SPEAKER] to [AudioState isMuted: false, route: EARPIECE, supportedRouteMask: EARPIECE, SPEAKER]
12-18 15:36:32.930 10334 10334 D wpa_supplicant: WPS: attr type=0x103b len=1
12-18 14:13:31.240  1795  1795 I WifiProJNI: ######### RESET RTT:3 ########
12-18 19:43:30.073  3382  3399 D QcrilMsgTunnelSocket: Broadcasting intent ACTION_RAC_CHANGED
12-18 15:32:57.960  1795  1795 D HwWifiP2pService: onReceive, action:android.net.wifi.p2p.CONNECTION_STATE_CHANGE
12-17 21:25:54.871   633 30754 I SDK     : <2016-12-17 21:25:54> [NOTICE] SDK: UE-SeC 2016-12-17 21:25:54:871 Level[NOTICE] magic[2441980192 1019]:SDK:begin nativeForceTunnelReconnect
12-17 23:14:56.938  1795  2381 D libfingersense_wrapper: Calling fingersense_touch_up()
12-18 17:40:29.769  3626  4889 E PTM.FileNodeInfo: getTempInfo error: null, 0
12-18 07:46:40.515   633 22279 I SDK     : <2016-12-18 07:46:40> [NOTICE] SDK: UE-SeC 2016-12-18 7:46:40:515 Level[NOTICE] magic[2240563488 1181]:KeySpace : Succeed in fetching group data
12-18 12:08:12.578  3168  3307 W System.err: 	at com.huawei.android.chr.ProtocolLogManager.addSubCommonBaseParaInfo(ProtocolLogManager.java:275)
12-17 21:58:37.952  3180  3578 I ScreenLockClean: call busy and not start clean apps.
12-18 18:23:56.544  2852  2852 D HwCustMobileSignalControllerImpl: sub =0,strMccMnc =null,hashMccMnc =[],strPlmn =hw_hspap_show_4g
12-18 19:52:12.401  1795  2750 D HW_DISPLAY_EFFECT: presently, hw_update_color_temp_for_rg_led interface not achieved.
12-18 17:44:35.723  2852  2852 I PhoneStatusBar: onStartedGoingToSleep
12-18 10:40:22.442  2852  2852 I HwPhoneStatusBar: showKeyguard:false
12-17 22:36:24.385  1795  5350 I MQoS    : MSG_QUERY_TCP_INFO called,count:32
12-17 22:48:51.922  1795  1795 I MQoS    : received cell-signal:1
12-18 08:28:25.389  3858  4126 I amsnl   : m1: false
12-17 21:32:22.844  2852  2852 I BarTransitions.HwPhoneStatusBarView: transitionTo: mode=MODE_TRANSLUCENT, animate=false
12-17 23:50:49.282  2852  2852 W StatusBarWindowManager: Apply window Height MATCH_PARENT
12-17 20:32:17.559  1046  1131 V msm8916_platform: platform_get_native_support:napb: ui Prop enabled(0) version(0)
12-17 20:11:45.969 22206 22227 E         : rmt_oeminfo_read, connection fail
12-17 22:25:36.524   835  2385 E libteec : receive data len = 1152
12-17 20:51:17.502  2852  2852 I HwSignalClusterView: getOrInflateState subId:0
12-18 00:22:04.373  2852  2852 D HwCustMobileSignalControllerImpl: isCurrentBySim()=false
12-18 17:32:03.968  1795  2380 D PowerManagerService: userActivityNoUpdateLocked: eventTime=141247323, event=2, flags=0x0, uid=1000
12-18 14:12:35.243  5157  5157 D test    : sending:{"handlerName":"getRegisteredJsHandler","callbackId":"java_cb_1","data":null}
12-18 17:30:14.607   633 31870 I SDK     : <2016-12-18 17:30:14> [WARN] SDK: UE-SeC 2016-12-18 17:30:14:607 Level[WARN] magic[3362781472 684]:PubEvt_Close Getting a socket[167] from the Socket-table Failed!
12-18 08:15:09.577 25329 25329 D wpa_supplicant: Configuration file '/data/misc/wifi/wpa_supplicant.conf' written successfully
12-17 23:58:52.268   633 31870 I SDK     : 
12-17 23:25:34.946   633 31868 I SDK     : <2016-12-17 23:25:34> [NOTICE] SDK: UE-SeC 2016-12-17 23:25:34:946 Level[NOTICE] magic[3365677344 11583]:Proc DNS response successfully!, URL=login.huawei.com, ip=167979558
12-18 08:38:00.943  1795  1825 I PowerManager_screenOn: DisplayPowerController updatePowerState mPendingRequestLocked=policy=BRIGHT, useProximitySensor=false, useProximitySensorbyPhone=true, screenBrightness=33, screenAutoBrightnessAdjustment=0.0, brightnessSetByUser=true, useAutoBrightness=true, blockScreenOn=false, lowPowerMode=false, boostScreenBrightness=false, dozeScreenBrightness=-1, dozeScreenState=UNKNOWN, useTwilight=false, useSmartBacklight=true, brightnessWaitMode=false, brightnessWaitRet=true, screenAutoBrightness=-1, userId=0
12-17 23:29:49.751   606  2379 E libteec : receive data len = 128
12-18 17:37:13.786   633 16451 I SDK     : <2016-12-18 17:37:13> [NOTICE] SDK: UE-SeC 2016-12-18 17:37:13:786 Level[NOTICE] magic[2105878816 7860]:CMTM_AddDNSRequest ok,pucURL =login.huawei.com,self =2105878816,iOldGatewayLock =0
12-18 15:32:58.856 10334 10334 D wpa_supplicant: 14:75:90:c3:8c:62 freq=2437 qual=0 noise=-89~ level=-84 snr=5 flags=0xb age=0 est=9000
12-17 20:38:12.616   802   802 E Thermal-daemon: [Thermal_Hw] temperature_filter: get invalid temperature, use old temp
12-18 15:36:16.833  1795 11746 D HwActivityManagerService: handleANRFilterFIFO,uid = 10146cmd = 1
12-18 07:35:11.520  2852  2852 I HwSignalClusterView: apply hwPhoneState.mSubId:0 anyMobileVisible:false mIsAirplaneMode:false, mobileGroupVisible=true
12-18 08:38:07.146  2852  2852 I TrafficPanelViewContent: onShowStatusChange show:false
12-17 20:32:18.005 25067 25100 I BetaClub_Open: [LocalSocketServer.startServer]Start
12-18 08:20:52.689  1795  1795 I MQoS    : received cell-signal:5
12-18 14:11:22.765  5157  5157 W cr_BindingManager: Cannot call determinedVisibility() - never saw a connection for the pid: 5157
12-17 21:08:17.716  2852  2852 I HwSignalClusterView: getOrInflateState subId:0
12-18 19:06:02.795  1795  2376 W AlarmManager: mIsScreenOn is: false, WAKEUP alarm trigger action = ALARM_ACTION(23480) package name is: com.tencent.mm
12-18 19:49:59.488 26095 26095 D ActivityThread: ActivityThread,attachApplication
12-17 23:29:54.621  2852  2852 D HwCustMobileSignalControllerImpl: isCurrentBySim()=false
12-17 23:34:28.159   633 12394 I SDK     : 
12-17 21:47:12.840  3382  3399 D QcrilMsgTunnelSocket: readRilMessage: Buffer = [B@204bb9f HexData = [010000000404000012000000514f454d484f4f4b1d04080002000000ffff]
12-18 08:30:08.880  2852  2852 I QSContainer: updateQsState:false
12-17 22:25:36.466  2852  2852 E KeyguardUpdateMonitor: isSimPinSecure mSimDatas is null or empty 
12-17 19:34:56.186  5224  5283 I Step_HSNH: 20002302|upDateHealthNotification()|91|3.02|4236
12-17 21:52:11.143  1795  1825 D DisplayPowerController: Unfinished business...
12-17 21:58:54.225  2852  2822 D KeyguardViewMediator: notifyScreenTurnedOn
12-18 15:32:57.890 10334 10334 D wpa_supplicant: CTRL-DEBUG: global_ctrl_sock-sendto: sock=16 sndbuf=229376 outq=0 send_len=5
12-17 23:13:39.645  2852  2852 D HwCust  : Create obj success use class android.app.HwCustNotificationImpl
12-17 21:32:41.167  2852  2852 I StackScroller: onInterceptTouchEvent: MotionEvent { action=ACTION_UP, actionButton=0, id[0]=1, x[0]=845.0, y[0]=1057.0, toolType[0]=TOOL_TYPE_FINGER, buttonState=0, metaState=0, flags=0x0, edgeFlags=0x0, pointerCount=1, historySize=0, eventTime=127120340, downTime=127118744, deviceId=10, source=0x1002 }, mSwipingInProgress=false, mOnlyScrollingInThisMotion=false, mExpandingNotification=false, mDisallowDismissInThisMotion=false, mExpandedInThisMotion=false, isCustomizing=false, isRemoteInputing=false, mOwnScrollY=0
12-18 19:01:10.271  1795 16501 W ActivityManager: getRunningAppProcesses: caller 10102 does not hold REAL_GET_TASKS; limiting output
12-18 18:23:26.439  1795  1808 V HwBroadcastQueue: trim and enqueue foreground Parallel:(0) Ordered:(2)(BroadcastRecord{69a1ef6 u-1 android.intent.action.SCREEN_ON})
12-17 21:27:16.491   606 31604 D QSEECOMAPI: QSEECom_shutdown_app, app_id = 295
12-18 07:53:07.692  3858  4126 I amsnl   : c: true, w: false, t: false, l: false
12-17 19:32:23.336  1795  1795 D HwConnectivityService: CtrlSocket restoreScrOnStatus reset
12-18 08:10:45.726  1795  2381 D libfingersense_wrapper: Calling fingersense_classify_touch()
12-18 12:49:00.930  2852  2852 I HwDateUtils: formatChinaDateTime, change to China normalTime:中午12:49
12-18 07:26:40.418  2852  2852 I TrafficPanelViewContent: onShowStatusChange show:false
12-18 18:46:04.264  2852  2852 I HwBatteryManager: onBatteryLevelChanged: level=85, pluggedIn=false, charging=false, PercentColor=-1275068417
12-17 20:33:59.548  1795  2748 D HwAmbientLuxFilterAlgo: t=123993245,BT=123994245,DT=123997245,BT1=123997245,DT1=124001245,Bn=false,Dn=false,lx=[8.0/123991741, 8.0/123992042, 8.0/123992343, 8.0/123992644, 8.0/123992944, 8.0/123993245],mLx=5.0,s=5.0,ss=0.0,AuIntervened=false,mProximityState=false,bLux=15.0,dLux=0.0,bLux1=15.0,dLux1=0.0
12-18 18:13:26.125  2852  2852 I PhoneStatusBar: updateNotificationShade
12-17 21:27:04.119  3608  3608 I InCall  : VideoCallPresenter - no incoming call recoverView
12-18 08:08:08.511   633 23959 I SDK     : <2016-12-18 08:08:08> [NOTICE] SDK: UE-SeC 2016-12-18 8:8:8:511 Level[NOTICE] magic[2211072288 2756]:WriteSdkGroupItem: hash has same item[HW_AD_MDM_PASSWORD]
12-17 20:05:55.124  5224  5283 I Step_ExtendStepDataManager: 20002302|before compensate: cache step_5064
12-18 18:25:18.626  1795 16498 V InputMethodManagerService: Client requesting input be hidden, pid=4492
12-18 14:07:39.429  3218  7071 I PhoneInterfaceManager: shouldBlockLocation  ret:false
12-17 19:32:06.289  1795  3975 E LocSvc_libulp: I/===> int ulp_brain_turn_onoff_dr_provider() line 848 
12-18 00:10:23.227  2852  2914 I HwMobileSignalController: subId:0 phoneType:1 networktype:13 targetClass:3 masterLevel:4 slaveLevel:-1
12-17 23:20:58.170  1046  1125 D audio_hw_primary: check_usecases_codec_backend:becf: force routing 0
12-17 20:59:51.387  3626  3626 E PTM.FileNodeInfo: getTempInfo error: null, 0
12-17 21:52:24.391   606  2379 E libteec : qsc_send_cmd finish
12-17 21:22:40.914 24266 24266 I QiYiData: QiYiStatistics | aF = null
12-17 23:41:24.863   633 31868 I SDK     : 
12-18 07:49:40.881  1795  1819 D NetworkManagement: notifyInterfaceClassActivity: client is com.android.server.net.NetworkPolicyManagerService$13@4df0feb
12-17 21:33:08.501  1795 15987 D PowerManagerService: ready=true,policy=3,wakefulness=1,wksummary=0x0,uasummary=0x1,bootcompleted=true,boostinprogress=false,waitmodeenable=false,mode=true,manual=33,auto=-1,adj=0.0userId=0
12-18 14:15:02.551  3180  3332 I ThermalStateManager: sensor name: cpu temperature: 39 , thermal action: cpu policy:1843200
12-18 17:37:13.237  3218  3218 D QC_RIL_OEM_HOOK: Received Broadcast Intent ACTION_UNSOL_RESPONSE_OEM_HOOK_RAW
12-17 22:29:44.334  5224  5283 I Step_StandStepCounter: 20002302|flush sensor data
12-18 18:32:57.443  1795  3110 D HwPFWLogger: AutoStartupDataMgr:isUnderControll third party not in whitelist: com.netease.newsreader.activity
12-18 17:42:26.918  1795 17832 V WindowManager: Skipping AppWindowToken{f9710cc token=Token{ae88aff ActivityRecord{615921e u0 com.huawei.betaclub/.ranking.RankingShowActivity t403}}} -- going to hide
12-18 10:49:44.227  1795 16499 I AlarmManager: remove(PendingIntent{c2f7e38: PendingIntentRecord{17bf9a com.tencent.mm broadcastIntent}}) changed bounds; rebatching
12-17 23:43:49.839   633 31870 I SDK     : <2016-12-17 23:43:49> [WARN] SDK: UE-SeC 2016-12-17 23:43:49:839 Level[WARN] magic[3362781472 684]:PubEvt_Close Getting a socket[144] from the Socket-table Failed!
12-17 21:32:17.026  1046  2703 D voice_extn: update_call_states is_call_active:0 in_call:0, mode:0
12-17 20:51:52.116 24266 24266 D VideoPlayerImpl: org.iqiyi.video.player.cv.ag()<-1> : current progress: progress= 2175999
12-18 18:13:57.843  3382  3399 I SendBroadcastPermission: action:qualcomm.intent.action.ACTION_RAC_CHANGED, mPermissionType:0
12-18 19:49:49.121   606  2379 E libteec : qsc_send_cmd finish
12-18 14:14:13.069  5994  5994 E wpa_supplicant: bssid=08:10:79:c8:82:42;freq=2437;level=-73;flags=11;ssid=zzm;
12-18 14:11:30.590  1795  2733 D WiFi_PRO_WifiProStateMachine: isAllowWiFiAutoEvaluate == true
12-17 23:30:18.196  2852  2852 I HwSignalClusterView: apply hwPhoneState.mSubId:0 anyMobileVisible:false mIsAirplaneMode:false, mobileGroupVisible=true
12-18 15:51:04.177   633 31870 I SDK     : <2016-12-18 15:51:04> [WARN] SDK: UE-SeC 2016-12-18 15:51:4:177 Level[WARN] magic[3362781472 684]:PubEvt_Close Getting a socket[11] from the Socket-table Failed!
12-18 08:18:35.528  2852  2852 D HwCustMobileSignalControllerImpl: sub =0,strMccMnc =null,hashMccMnc =[],strPlmn =hw_customized_networkType_entry
12-18 18:23:29.839   633 31875 I SDK     : <2016-12-18 18:23:29> [NOTICE] SDK: UE-SeC 2016-12-18 18:23:29:839 Level[NOTICE] magic[3359111456 6458]:FSM_Tool_TreatFolderEncEx => [START]: pcFileName [20161218_155601.log] 
12-18 07:47:49.871  1795  1819 I SendBroadcastPermission: action:android.net.conn.DATA_ACTIVITY_CHANGE, mPermissionType:0
12-17 20:44:00.040 26395 26395 D HwIntelligent3_BitmapUtil: bmp is null : false
12-17 21:01:43.662  1795  2748 D HwAmbientLuxFilterAlgo: t=125657359,BT=125658359,DT=125661359,BT1=125661359,DT1=125665359,Bn=false,Dn=false,lx=[6.0/125655853, 6.0/125656155, 6.0/125656456, 6.0/125656757, 7.0/125657058, 6.0/125657359],mLx=5.0,s=5.0,ss=0.03759398,AuIntervened=false,mProximityState=false,bLux=15.0,dLux=0.0,bLux1=15.0,dLux1=0.0
12-18 18:33:00.548  3168  3168 I CHR_TelStatusListenr1: [Timer serviceState:1 simReady:false] suspend
12-17 21:32:31.590  1795  2381 D libfingersense_wrapper: fingersense_touch_up() finished
12-18 14:12:12.505  3879  3879 I ActivityManager_activity: Reporting idle of ActivityRecord{4679a0a token=android.os.BinderProxy@5462fa {com.huawei.android.launcher/com.huawei.android.launcher.unihome.UniHomeLauncher}} finished=false
12-17 21:02:06.115  2852  2852 D NetWorkUtils: mVSimCurCardType is -1
12-18 19:52:36.243  3218  3218 I QImsService: ImsServiceSub : broadcastVopsSsacIntent Vops = true , Ssac = false
12-18 08:18:44.702  1795  2381 D libfingersense_wrapper: fingersense_touch_up() finished
12-18 10:51:18.537   633 31870 I SDK     : <2016-12-18 10:51:18> [WARN] SDK: UE-SeC 2016-12-18 10:51:18:537 Level[WARN] magic[3362781472 684]:PubEvt_Close Getting a socket[129] from the Socket-table Failed!
12-18 08:50:35.205  2852  3556 I NetworkController.MobileSignalController(0): need to force refresh view
12-18 14:36:03.012  5224  5283 I Step_ExtendStepDataManager: 20002302|after compensate: cache step_9667
12-18 12:38:45.605  2852  2852 D HwCustMobileSignalControllerImpl: sub =0,strMccMnc =null,hashMccMnc =[],strPlmn =hw_mcc_mnc
12-17 19:40:26.760 31949 31967 I ECS     : WatchThread{4786} TcpClient.connect(TcpClient.java:162) ==================== TCP CLIENT CONNECT [2] ====================
12-18 19:50:05.628  1795  2671 D WifiStateMachine:  InitialState !CMD_SCREEN_STATE_CHANGED  rt=142883050/530344355 0 0
12-18 17:41:21.268 17205 17205 I         : power log dlsym ok
12-18 07:26:38.996 18503 19736 D RandomTimeGenerator: computeRandomTime be called, value = 251000
12-17 19:56:14.846  1795 11747 D PowerManagerService: ready=true,policy=3,wakefulness=1,wksummary=0x0,uasummary=0x1,bootcompleted=true,boostinprogress=false,waitmodeenable=false,mode=true,manual=33,auto=-1,adj=0.0userId=0
12-17 21:58:34.206  1795  1795 I DeviceIdleController: becomeActiveLocked, reason = screen
12-18 00:13:54.101  3858  4126 I amsnl   : m1: false
12-18 08:27:40.959  1795  1795 I MQoS    : received cell-signal:1
12-18 11:26:03.757   633 31870 I SDK     : <2016-12-18 11:26:03> [WARN] SDK: UE-SeC 2016-12-18 11:26:3:756 Level[WARN] magic[3362781472 684]:PubEvt_Close Getting a socket[42] from the Socket-table Failed!
12-18 09:17:44.707  2852  2852 D BarTransitions.HwNavigationBarView: MODE_TRANSLUCENT -> MODE_OPAQUE animate=false
12-18 15:29:16.514  9659  9659 I chromium: [INFO:CONSOLE(1)] "Uncaught ReferenceError: WebViewJavascriptBridge is not defined", source:  (1)
12-18 10:50:46.388  5224  5283 I SendBroadcastPermission: action:android.com.huawei.bone.NOTIFY_SPORT_DATA, mPermissionType:0
12-18 19:52:55.288  1795  2748 D HwAmbientLuxFilterAlgo: t=143052709,BT=143053709,DT=143056709,BT1=143056709,DT1=143060709,Bn=false,Dn=false,lx=[33.0/143051205, 33.0/143051505, 16.0/143051806, 3.0/143052107, 20.0/143052408, 21.0/143052709],mLx=33.0,s=5.0,ss=0.25317633,AuIntervened=false,mProximityState=false,bLux=304.0,dLux=11.5,bLux1=304.0,dLux1=11.5
12-17 19:59:04.091  1795 17832 D PowerManagerService: ready=true,policy=0,wakefulness=0,wksummary=0x1,uasummary=0x0,bootcompleted=true,boostinprogress=false,waitmodeenable=false,mode=true,manual=33,auto=-1,adj=0.0userId=0
12-18 15:39:19.698  1795  2728 E HwCHRWebMonitor: WebMonitor [mNetWorkIsSuck=0 mUIDIsSuck=]  WebSpeed [WEBSENDSEGS=160  WEBRESENDSEGS=5  WEBRECVSEGS=88  WEBERRSEGS=0  WEBOUTRSTS=0  WEBESTABLISRST=0  WEBRTTDURATION=717  WEBRTTSEGS=88  WEBSRTT=560  WEBSNDDUPACKS=0  SENDSEGS=0  RESENDSEGS=0  RECVSEGS=0  ERRSEGS=0  OUTRSTS=0  ESTABLISRST=0  RTTDURATION=0  RTTSEGS=0  SNDDUPACKS=0  suckTimes=0 recovage_times=0]
12-17 23:47:04.290  3626  3626 E PTM.FileNodeInfo: getTempInfo error: null, 0
12-18 11:23:56.609  1795  1795 I MQoS    : onSignal: mSubId=1,currDataSubID=0
12-18 08:38:00.993 25067 25098 D AndroidCommon: [SdcardManager.isMounted]Mounted:/storage/emulated/0:true
12-18 10:55:49.428   633 31867 I SDK     : <2016-12-18 10:55:49> [NOTICE] SDK: UE-SeC 2016-12-18 10:55:49:427 Level[NOTICE] magic[3368294688 1013]:s(0, 0),r(0, 0)in 20s;vsock(199209B, 15839B, 0, 0), sock(1349, 1382, 0, 0), times(50, 2, 312, 83), delay(0, 0)ms, m(0, 6144)KB, p:59905, s:59905, t(248, 1, 50190B, 82806B), u(0, 14, 262382B, 72628B), c(3651, 3738, 0, 0), e(105467, 2620)/(2133, 2620), k:113, d(972, 1072), de(0), s(online, 2, 1), SSL(0), UDP(0), r_d(0), s_d(0), c_d(0), dur(2306 m), vs(0, 0, 0), sysFM(0 KB), ls(2807, 2807),bypass[0]:[0]
12-18 19:25:15.093  1795  3238 I ActivityManager_service: New app record ProcessRecord{d995ad6 24361:com.huawei.logupload/1000} thread=android.os.BinderProxy@c0f30b0 pid=24361 procname=com.huawei.logupload
12-18 00:04:57.475  2852  2852 D HwCustMobileSignalControllerImpl: sub =0,strMccMnc =null,hashMccMnc =[],strPlmn =hw_customized_networkType_entry
12-18 08:44:05.860  2852  2852 I HwSignalClusterView: getOrInflateState subId:0
12-17 21:48:21.182  3218  3218 I QImsService: ImsServiceSub : type = 1 status = 0 isValid = true
12-18 08:26:56.616  2852  2852 I HwSignalClusterView: getOrInflateState subId:0
12-18 10:39:10.888  1795  1808 V HwBroadcastQueue: trim and enqueue background Parallel:(3) Ordered:(0)(BroadcastRecord{c9e00c2 u-1 android.intent.action.BATTERY_CHANGED})
12-17 23:28:34.687   633 31870 I SDK     : <2016-12-17 23:28:34> [WARN] SDK: UE-SeC 2016-12-17 23:28:34:687 Level[WARN] magic[3362781472 684]:PubEvt_Close Getting a socket[196] from the Socket-table Failed!
12-17 22:05:43.025  1795  1809 I WindowManager: rotationForOrientationLw(orient=1, last=0); user=0 
12-18 15:41:30.386  1795  2739 D HuaweiWifiWatchdogStateMachine: dumpTcpResult: len=9,rtt=510,rttPkt=218,rttWn=0,cgt=26,cgtWn=14058997
12-17 19:42:24.324 20894 20910 D UploadFile: key:encryptType value:0
12-18 18:51:29.572  2852  2852 I HwSignalClusterView: getOrInflateState subId:0
12-17 23:44:07.797  2852  2852 I HwSignalClusterView: getOrInflateState subId:0
12-17 20:31:01.884 24093 24113 D BetaClub_LogUpload: [LogUploadService.resumeUpload]Upload list is empty, start to kill process!
12-18 12:46:02.894   633 31870 I SDK     : <2016-12-18 12:46:02> [WARN] SDK: UE-SeC 2016-12-18 12:46:2:894 Level[WARN] magic[3362781472 684]:PubEvt_Close Getting a socket[223] from the Socket-table Failed!
12-18 18:25:00.002  1795  1795 V AlarmManager: Received TIME_TICK alarm; rescheduling
12-17 20:54:51.345 24266 24266 D VideoPlayerImpl: org.iqiyi.video.player.cv.ag()<-1> : current progress: progress= 2355099
12-17 20:26:47.811  2852  2852 I PhoneStatusBar: updateNotificationShade
12-17 22:58:39.467  3626  3626 E PTM.FileNodeInfo: getTempInfo error: null, 0
12-18 10:56:58.701  1795 16232 D PowerManagerService: ready=true,policy=3,wakefulness=1,wksummary=0x1,uasummary=0x1,bootcompleted=true,boostinprogress=false,waitmodeenable=false,mode=true,manual=33,auto=-1,adj=0.0userId=0
12-17 22:51:14.621 31949 31967 I TCP     : tcp.conn{4787} TcpClientThread.connectSocket(TcpClientThread.java:349) connecting max 30000ms to uc.huawei.com:7801
12-18 15:33:30.285 10334 10334 E wpa_supplicant: bssid=fc:d7:33:a5:e5:dc;freq=2412;level=-68;flags=11;ssid=想连wifi，臣妾做不到;
12-18 07:51:50.611   802   802 E ThermalBinder: mThermalService is NULL!
12-17 21:34:38.676  2852  2852 E LocalLinkTextView: setDescription without uselink line!
12-18 08:30:45.264  1795  6988 I GnssLocationProvider: stopNavigating, mStarted=false
12-18 19:25:17.532   633 24505 I SDK     : 
12-18 17:31:45.286  2852  2852 I NotificationContentView: transferRemoteInputFocus: 0
12-17 22:38:51.217   633  6650 E imssdk_CloudRecord: CallObjectMethod strat 
12-17 19:32:59.906  1795  1825 I PowerManager_screenOn: PowerManagerServiceonProximityNegative by Phone
12-17 21:26:45.931  1795 31097 E BatteryStatsService: no controller energy info supplied
12-17 22:48:18.545  3879  3879 I HwLauncher: UnreadContentObserver  handle update icon message
12-18 08:36:02.642  1795 11746 D PowerManagerService: release:lock=243040083, flg=0x0, tag="hibernation", name=com.huawei.powergenie", ws=null, uid=1000, pid=3180
12-17 23:35:01.821 30820 30820 I HwSystemManager: AutoCleanService:tryToCancelTask called, mAutoCleanTask == null
12-18 14:38:42.867  1795  1795 I MQoS    : onSignal: mSubId=0,currDataSubID=0
12-17 19:59:38.301  5215  5215 D wpa_supplicant: wlan0: RX EAPOL from 80:38:bc:0b:28:e1
12-18 14:15:20.777   633 31870 I SDK     : <2016-12-18 14:15:20> [WARN] SDK: UE-SeC 2016-12-18 14:15:20:777 Level[WARN] magic[3362781472 684]:PubEvt_Close Getting a socket[84] from the Socket-table Failed!
12-17 19:57:44.810  2852  2852 I NetworkSpeedView: updateVisibility parent class:class com.android.systemui.statusbar.HwSystemIcons
12-18 15:28:21.699  2852  2852 D HwCustMobileSignalControllerImpl: sub =0,strMccMnc =null,hashMccMnc =[],strPlmn =hw_mcc_mnc
12-18 00:10:22.625  1795  2381 D libfingersense_wrapper: Calling fingersense_classify_touch()
12-18 10:58:13.636  3626  3753 I LogCollectService: msg = 103 received
12-17 21:21:30.068  3218  3218 I QImsService: ImsServiceSub : handleSsac voice = 100
12-17 22:31:30.706  2852  3556 I NetworkController.MobileSignalController(0): onDataActivity: direction=3
12-18 18:23:34.396  1795  2665 D NetdConnector: RCV <- {200 12675 Firewall command succeeded}
12-18 00:24:20.790  3879  4071 I HwLauncher: WeatherDynamicUpdater update before : mDrawingData[1] = num1:96, 192, 0
12-18 17:30:12.864  1795  2685 D HwConnectivityService: [enter]mapDataStateToLteDataState state=CONNECTED
12-18 08:30:08.668  1795  1825 D DisplayPowerController: mode change : autoBrightnessEnabled=false,adjustment=0.0,state=1
12-18 18:11:04.772  3180  3332 I ScenarioAction: new ScenarioAction sPoolSize: 0
12-17 23:13:44.895   633 31870 I SDK     : 
12-17 22:33:31.406  2852  2852 D BarTransitions.HwNavigationBarView: applyModeBackground oldMode=MODE_TRANSPARENT newMode=MODE_TRANSLUCENT animate=false
12-18 15:28:03.178  1795  2778 I ActivityManager_activity: insertTaskAtTop, setTaskToReturnTo: fromHome=false,lastStackTop=TaskRecord{926b055 #383 A=com.tencent.mm U=0 StackId=1 sz=2}, isHomeStack=false, topTask=TaskRecord{926b055 #383 A=com.tencent.mm U=0 StackId=1 sz=2}, task=TaskRecord{926b055 #383 A=com.tencent.mm U=0 StackId=1 sz=2}
12-18 19:52:04.295  5224  5224 I Step_LSC: 20002302|onStandStepChanged 88684
12-18 14:36:04.156  5994  5994 D wpa_supplicant: WPS: attr type=0x1044 len=1
12-18 14:15:20.466   633 31870 I SDK     : <2016-12-18 14:15:20> [WARN] SDK: UE-SeC 2016-12-18 14:15:20:466 Level[WARN] magic[3362781472 684]:PubEvt_Close Getting a socket[167] from the Socket-table Failed!
12-18 19:37:25.817  2852  2914 I HwMobileSignalController: updateSignalStrength: signalStrength=SignalStrength: -1 0 -1 255 -1 255 -1 255 255 31 -89 -7 172 2147483647 2147483647 false gw|lte
12-18 14:11:12.340  5157  5157 D test    : sending:{"handlerName":"getRegisteredJsHandler","callbackId":"java_cb_1","data":null}
12-18 14:12:12.752  3218  3517 I QImsService: ImsSenderRxr :  Tag -1 3 219 0[SUB0]
12-17 23:21:04.209  3879  3892 I HwLauncher: Launcher.LauncherProvider  launcher call - method:setAppBadgeCount arg:null extras:[app_shortcut_custom_id=null][app_shortcut_class_name=com.tencent.mm.ui.LauncherUI][app_badge_count=0] uid =10105 pid =4492
12-17 20:39:49.984  2852  2852 I PhoneStatusBar: removeNotificationChildren
12-17 22:50:42.740  2852  2852 I HwSignalClusterView: getOrInflateState subId:0
12-18 15:37:20.861  3218  6115 W PhoneInterfaceManager: shouldBlockLocation running ...
12-17 19:33:10.247  1795  1809 I PowerManager_screenOn: waitForAllWindowsDrawn  cover is open or null
12-18 14:12:33.496  5157  5157 D test    : sending:{"handlerName":"getRegisteredJsHandler","callbackId":"java_cb_1","data":null}
12-18 19:28:09.633  5224  5283 I Step_ExtendStepDataManager: 20002302|compensate 24701008 86
12-17 22:25:34.052  3180  3578 I AlarmRestrict: no net ctrl socket pending alarm! not resume alarm:com.sina.weibog3
12-17 23:11:33.145  3879  4071 W CfgFilePolicy: CFG_DIRS length : 9
12-18 10:52:10.143   808   547 D [HWCamera] AutoDetectPlatInterface: isAutoSceneRunning false
12-17 20:33:14.539  1795 17832 I PGManagerService: proxyWakeLockByPidUid, pid: 24994, uid: 10020, proxy: true
12-18 07:32:00.781  3218  3218 I QImsService: ImsServiceSub : handleSsac voice = 255
12-17 20:31:05.350   633 24123 I SDK     : <2016-12-17 20:31:05> [NOTICE] SDK: UE-SeC 2016-12-17 20:31:5:350 Level[NOTICE] magic[2475632928 2421]:FileSec: have right to open file due to cur app sec level = 0 is higher than file app() sec level = 0.
12-17 20:35:49.298  1795 16500 I ActivityManager_broadcast: collectReceiverComponents, callerApp: ProcessRecord{5ab4fa6 25103:com.tencent.mm:push/u0a105}, intent:null, receiver size:1, flags: 10000400
12-18 15:33:01.229  9017 10476 D Index   : Indexing locale 'zh_CN' took 16 millis
12-18 18:13:26.153  1795  3253 D PowerManagerService: acquire lock=165630966, flags=0x1, tag="RILJ_ACK_WL", name=com.android.phone, ws=null, uid=1001, pid=3218
12-18 07:41:49.224  2852  2852 I PanelBar: collapsePanel:true
12-17 21:26:51.191  3180  4303 I AwareLog: MemoryRecoveryDMEPlugin: receive sceen on event
12-17 21:52:33.326   633 31868 I SDK     : 
12-17 20:19:02.374  1795  2748 D HwAmbientLuxFilterAlgo: earliestValidTime + POWER_ON_BRIGHTENING_LIGHT_DEBOUNCE
12-18 18:56:06.019  1795  2665 D NetdConnector: RCV <- {613 IfaceClass idle 0 526880333692218}
12-18 16:01:27.207  1795  2380 D KeyEvent: obtain, mHwFlags=1874117200
12-17 21:02:31.543  3858  4126 I amsnl   : m1: false
12-17 21:47:19.376  1795  6986 D ActivityManager: cleanUpApplicationRecord -- 1059
12-18 14:14:31.581  2852  2852 I StackScrollAlgorithm: updateClipping isOverlap:false
12-17 22:28:53.822  1795  2377 I AwareLog: AwareMem_DMEServer: start
12-18 16:41:27.809  1795  2323 E UsbDeviceManager: 	at android.os.UEventObserver$UEventThread.run(UEventObserver.java:187)
12-18 14:10:56.927  5157  5157 I chromium: [INFO:CONSOLE(1)] "Uncaught SyntaxError: Unexpected token var", source:  (1)
12-17 19:56:54.166  1795  2671 I ActivityManager_broadcast: Enqueueing ordered broadcast[background] BroadcastRecord{463fd7e u-1 android.net.wifi.supplicant.STATE_CHANGE}: prev had 2
12-17 20:43:49.874  2852  2852 I HwSignalClusterView: setMobileDataIndicatorsHuawei subId:0 visible:true strengthIcon:2130839311 typeIcon:2130839195 contentDescription:手机信号满格。 typeContentDescription:4G isTypeIconWide:true showActivity:true activityIn:false activityOut:false isRoaming:false
12-17 23:24:08.587  3180  3578 I BlackListAlarmRestrict: [resume] net alarms
12-17 20:23:27.758  1795  2750 D HW_DISPLAY_EFFECT: presently, hw_update_color_temp_for_rg_led interface not achieved.
12-17 23:57:41.868   633 31870 I SDK     : <2016-12-17 23:57:41> [WARN] SDK: UE-SeC 2016-12-17 23:57:41:868 Level[WARN] magic[3362781472 684]:PubEvt_Close Getting a socket[138] from the Socket-table Failed!
12-18 18:16:03.520   800  1015 D         : oem-qmi: Waiting to accept connection
12-17 21:30:21.294   633   692 I eSpaceService: LoginThread{6330} LoginThread.doinLoop(LoginC.java:912) Login_By_Step-> Thread is over  true 6330
12-17 22:02:01.230  1795  2750 I PowerManager_screenOn: DisplayPowerState Updating screen state: state=ON, backlight=0
12-17 23:09:15.810  1795  2380 D PowerManagerService: userActivityNoUpdateLocked: eventTime=130444106, event=2, flags=0x0, uid=1000
12-17 22:30:35.902   633 31870 I SDK     : 
12-18 14:12:09.168  5157  5157 I chromium: [INFO:CONSOLE(1)] "Uncaught SyntaxError: Unexpected token var", source:  (1)
12-18 19:25:35.700  2852  2852 W PanelView: set notification panel padding = 1675
12-18 08:28:13.622   633 31867 I SDK     : <2016-12-18 08:28:13> [NOTICE] SDK: UE-SeC 2016-12-18 8:28:13:621 Level[NOTICE] magic[3368294688 1013]:s(0, 0),r(0, 0)in 20s;vsock(187649B, 14943B, 0, 0), sock(1275, 1311, 0, 0), times(45, 0, 291, 72), delay(0, 0)ms, m(0, 6144)KB, p:57471, s:57471, t(235, 1, 47927B, 79112B), u(0, 1, 247810B, 68778B), c(2601, 3512, 0, 0), e(102075, 2483)/(2025, 2483), k:112, d(919, 1008), de(0), s(online, 2, 1), SSL(0), UDP(0), r_d(0), s_d(0), c_d(0), dur(2159 m), vs(0, 0, 0), sysFM(0 KB), ls(2663, 2663),bypass[0]:[0]
12-17 23:48:37.075  1795  2371 I huawei_ProximitySensor_CPP_Test: ProximitySensorr readEvents mHasPendingEvent is 1
12-18 15:35:10.106  1795  1795 D HuaweiWifiWatchdogStateMachine: speed: rxpkt:1040, rxSpd:721161B/s, txpkt:975, txSpd:36605
12-18 18:26:42.347  2852  2852 D StatusBar: applyInPlace=true shouldPeek=false alertAgain=true
12-17 21:26:58.385  1795  1795 D HwConnectivityService: CtrlSocket Receiver,disable: false locked: true action: android.intent.action.SCREEN_OFF mSmartKeyguardLevel: normal_level mStartPowerSaving: false
12-17 21:48:50.517  1795  2323 E UsbDeviceManager: 	at java.io.FileInputStream.open(Native Method)
12-17 23:08:50.414  2852  2914 I HwMobileSignalController: updateSignalStrength: signalStrength=SignalStrength: -1 0 -1 255 -1 255 -1 255 255 19 -105 -11 40 2147483647 2147483647 false gw|lte
12-18 14:07:29.088  7741  7741 D Mms_TX_NOTIFY: Get no-perm notification callback android.intent.action.SCREEN_ON
12-18 08:39:10.767   633 31870 I SDK     : <2016-12-18 08:39:10> [WARN] SDK: UE-SeC 2016-12-18 8:39:10:767 Level[WARN] magic[3362781472 684]:PubEvt_Close Getting a socket[136] from the Socket-table Failed!
12-18 00:19:32.690  1795  2748 D HwAmbientLuxFilterAlgo: t=134660999,BT=134661999,DT=134664999,BT1=134664999,DT1=134668999,Bn=false,Dn=false,lx=[0.0/134659495, 0.0/134659796, 0.0/134660097, 0.0/134660398, 0.0/134660699, 0.0/134660999],mLx=0.0,s=5.0,ss=0.0,AuIntervened=false,mProximityState=false,bLux=6.0,dLux=-1.0,bLux1=6.0,dLux1=-1.0
12-18 19:50:14.911  1795  2750 D PowerManagerService: Setting HAL auto-suspend mode to true
12-18 15:29:15.550  9659  9659 W cr_BindingManager: Cannot call determinedVisibility() - never saw a connection for the pid: 9659
12-17 19:58:57.755  1795  2731 D HwSelfCureEngine: updateSelfCureFailedHistory(), networkCureFailedHistory remove "Huawei-Employee"WPA_EAP
12-17 20:25:11.833   633 31870 I SDK     : 
12-17 21:27:46.114   802   802 E Thermal-daemon: Report temperature: [charger_ic] temp :26  report_threshold:1
12-17 20:23:10.521  2852  2852 D NetWorkUtils: is3GCalling is false,mCdmaSlot is -1
12-18 07:37:00.591  1795  2748 D HwAmbientLuxFilterAlgo: earliestValidTime + POWER_ON_BRIGHTENING_LIGHT_DEBOUNCE
12-17 21:37:45.225  1795  2323 E UsbDeviceManager: Error reading charge file
12-17 21:26:55.650  1795  2750 I QTI PowerHAL: Got set_interactive hint
12-17 21:58:22.453  3608  3608 D InCall  : InCallPresenter - notifyInCallScreenIsForeground: false
12-17 21:32:14.743  2852  2852 I HwSignalClusterView: getOrInflateState subId:0
12-18 15:33:30.297 10334 10334 D wpa_supplicant: IEs - hexdump(len=165): 00 0f 54 75 6f 73 68 69 5f 43 50 45 2d 38 46 31 30 01 08 82 84 8b 96 12 24 48 6c 03 01 01 2a 01 ...
12-17 20:00:19.007  1795  5219 E WifiMonitor: WifiMonitor:wlan0 cnt=31412 dispatchEvent: CTRL-EVENT-STATE-CHANGE id=0 state=6 BSSID=80:38:bc:0b:28:e1 SSID=Huawei-Employee
12-18 08:06:02.267   633 31870 I SDK     : <2016-12-18 08:06:02> [WARN] SDK: UE-SeC 2016-12-18 8:6:2:267 Level[WARN] magic[3362781472 684]:PubEvt_Close Getting a socket[99] from the Socket-table Failed!
12-18 07:42:02.055  2852  2852 D HwCustMobileSignalControllerImpl: sub =0,strMccMnc =null,hashMccMnc =[],strPlmn =hw_show_4_5G_for_mcc
12-18 05:26:30.593  1795  3253 I SendBroadcastPermission: action:android.intent.action.SIG_STR, mPermissionType:0
12-17 21:27:20.898  2852  2925 I ExifParser: mTiffStream skip = 0
12-18 13:11:13.713  5224  5224 I Step_LSC: 20002302|compensate received
12-17 21:27:13.783  2852  2852 I HwNotificationIconAreaController: showNotificationAll
12-18 08:44:05.055   633 31870 I SDK     : 
12-17 20:32:09.971  2852  2852 I HwSignalClusterView: getOrInflateState subId:0
12-17 19:32:01.128  3608  3608 E InCall  : StatusBarNotifier - getNotificationBuilder
12-18 18:31:33.175  5224  5283 I Step_HSNH: 20002302|rebuild notification
12-18 10:39:10.912  3626  3770 I LSC_903001012: process buffer and get message
12-18 19:49:28.756  1046 26554 I Huawei_audio_cust: huawei_audio huawei_choose_Handset_device_incall_forHWtest: test Type =4
12-18 18:18:22.689  1795  2323 E UsbDeviceManager: 	at android.os.UEventObserver$UEventThread.sendEvent(UEventObserver.java:210)
12-18 12:39:14.016  1795 16501 D HwInputMethodManagerService: hideSecSoftInput = false
12-18 14:12:23.307  5157  5157 I chromium: [INFO:CONSOLE(1)] "Uncaught ReferenceError: WebViewJavascriptBridge is not defined", source:  (1)
12-18 00:05:04.396  2852  2852 I vol.VolumeDialog: VolumeDialogController.Callbacks onDismissRequested reason = 2
12-17 22:21:06.490  1795  2685 I HwPFWLogger: AppAutoStartupPolicy:prevent start receiver of package com.Qunar for action android.net.conn.CONNECTIVITY_CHANGE
12-17 19:31:56.801  2852  2852 I PhoneStatusBar: onScreenTurningOn
12-18 14:11:02.414  5994  5994 D wpa_supplicant: WPS: attr type=0x1049 len=6
12-18 14:12:16.786  5157  5157 W cr_BindingManager: Cannot call determinedVisibility() - never saw a connection for the pid: 5157
12-17 19:56:53.877  1795  1795 D HwConnectivityService: [PS filter] should not power save
12-18 15:29:28.665  1795 11746 D HwActivityManagerService: handleANRFilterFIFO,uid = 10113cmd = 1
12-17 23:26:40.375  2852  2852 I QSContainer: updateQsState:false
12-17 22:27:13.343   835  2385 E libteec : qsc_decode end
12-17 20:13:17.136  1795  1825 D DisplayPowerController: Unfinished business...
12-18 15:36:03.795  1795  6986 V ActivityManager: Successfully start provider ContentProviderRecord{7b3fb38 u0 euid:0 com.android.mediacenter/.data.db.provider.MediaCenterProvider} launchingApp=ProcessRecord{98e2b9b 12256:com.android.mediacenter/u0a80} caller pid= 3879
12-17 21:48:15.261  1795  1809 I WindowManager: MyOrientationListener: updateRotation.
12-18 15:37:38.592 10334 10334 D wpa_supplicant: WPS: attr type=0x1008 len=2
12-18 18:46:04.033  2852  2852 I TrafficPanelViewContent: onShowStatusChange show:false
12-18 14:12:24.121  5157  5157 W cr_BindingManager: Cannot call determinedVisibility() - never saw a connection for the pid: 5157
12-17 23:11:31.094  2852  2852 D NetWorkUtils: mVSimCurCardType is -1
12-17 22:33:41.788  2852  2852 D NetWorkUtils: mVSimCurCardType is -1
12-17 21:27:03.550  1795  2750 D PowerManagerService: Setting HAL auto-suspend mode to true
12-18 08:02:47.356  2852  2852 I TrafficPanelManager: hideTraffic
12-17 21:27:05.953  3626  3626 I HourObserver: left handleScrnOnOffTimeStats, mScrnOffAccTime = 168769, mScrnOffAccTime = 168769, mScrnOnAccTime = 1457165
12-18 01:56:22.550  1795 15987 D PowerManagerService: ready=true,policy=0,wakefulness=0,wksummary=0x1,uasummary=0x0,bootcompleted=true,boostinprogress=false,waitmodeenable=false,mode=true,manual=33,auto=-1,adj=0.0userId=0
12-17 19:31:36.438  1795  1825 I PowerManager_screenOn: PowerManagerNotifier onWakefulnessChangeStarted: wakefulness=0, reason=2, interactive=false, mInteractive=false, mInteractiveChanging=true
12-18 05:26:31.099  1795 19274 D PFW.HwPFWAppRestartPolicy: curDefault IMs = com.baidu.input_huawei
12-17 23:42:27.659  1795  1795 I WifiProJNI: ######### CMD_QUERY_PKTS ########
12-18 11:20:45.321  1795  2685 D ConnectivityService: NetworkAgentInfo [MOBILE (UNKNOWN) - 310] EVENT_NETWORK_INFO_CHANGED, going from CONNECTED to SUSPENDED
12-17 23:38:49.079   633 31870 I SDK     : 
12-17 21:27:09.912  7741  7741 D HwCust  : Create obj success use class com.huawei.mms.util.HwCustHwMessageUtilsImpl
12-18 15:37:19.680  3218  3236 W PhoneInterfaceManager: shouldBlockLocation running ...
12-17 19:32:01.113  3608  3608 D InCall  : ContactInfoCache - Contact lookup. In memory cache hit; lookup complete
12-17 23:27:02.490  2852  2852 D NetWorkUtils: is3GCalling is false,mCdmaSlot is -1
12-17 21:32:17.253   633 31870 I SDK     : 
12-18 08:10:58.522  2852  2852 D DateTimeView: Change to single clock mode!
12-17 22:39:57.552   633  6750 I SDK     : 
12-18 09:11:00.436  2852  2852 I ToggleSlider:  mSeekListener onProgressChanged progress:8416 fromUser:false
12-18 08:26:46.883  5224  5283 I Step_DataCache: 20002302|getTodayTotalSteps 983
12-18 15:27:46.069 25067 25067 I UX      : CollectorManager--isCollectorEnabled--getBoolean: false
12-18 00:17:53.772  1795  1795 I MQoS    : received cell-signal:5
12-17 22:49:52.001  1795  1795 I MQoS    : onSignal: mSubId=1,currDataSubID=0
12-17 21:51:00.821  2883  2996 I HwSystemManager: ITrafficInfo:ITrafficInfo create 301updateBytes = 1773889467
12-18 14:14:00.233  5994  5994 D wpa_supplicant: WPS: attr type=0x1054 len=8
12-18 00:24:25.199  1795  1825 I DisplayPowerController: checkPhoneWindowIsTop:pakcage name:com.huawei.android.launcher,ClassName name:com.huawei.android.launcher.unihome.UniHomeLauncher
12-18 18:18:22.681  3382  3399 D QcrilMsgTunnelSocket: readRilMessage: Buffer = [B@204bb9f HexData = [010000000404000011000000514f454d484f4f4bfa0308000100000000]
12-17 20:52:07.285  2852  2852 D HwCustMobileSignalControllerImpl: sub =0,strMccMnc =null,hashMccMnc =[],strPlmn =hw_mcc_mnc
12-18 19:51:05.748  2852  2852 D HwCust  : Create obj success use class android.app.HwCustNotificationImpl
12-18 09:45:19.088  1795 16498 D PowerManagerService: ready=true,policy=0,wakefulness=0,wksummary=0x1,uasummary=0x0,bootcompleted=true,boostinprogress=false,waitmodeenable=false,mode=true,manual=33,auto=-1,adj=0.0userId=0
12-18 09:45:22.978  1795  2376 D PowerManagerService: ready=true,policy=0,wakefulness=0,wksummary=0x1,uasummary=0x0,bootcompleted=true,boostinprogress=false,waitmodeenable=false,mode=true,manual=33,auto=-1,adj=0.0userId=0
12-18 00:20:00.137  2852  2852 D HwCustMobileSignalControllerImpl: isCurrentBySim()=false
12-18 17:31:36.186  5224  5283 I Step_DataCache: 20002302|getTodayTotalSteps 13757
12-18 10:39:38.121   633 31870 I SDK     : <2016-12-18 10:39:38> [WARN] SDK: UE-SeC 2016-12-18 10:39:38:120 Level[WARN] magic[3362781472 684]:PubEvt_Close Getting a socket[62] from the Socket-table Failed!
12-17 22:28:39.885  2852  2914 I HwMobileSignalController: subId:0 phoneType:1 networktype:16 targetClass:1 masterLevel:5 slaveLevel:-1
12-18 14:13:31.714  5994  5994 D wpa_supplicant: 30:fc:68:7a:f3:b2 freq=2412 qual=0 noise=-89~ level=-90 snr=-1 flags=0xb age=0 est=6500
12-17 22:26:55.530  1046  2704 V msm8916_platform: platform_set_parameters: exit with code(0)
12-17 21:25:22.709  1795  1819 D NetworkManagement: notifyInterfaceClassActivity: client is com.android.server.connectivity.Tethering@ff4a50f
12-17 20:41:53.745  3218  3218 I SendBroadcastPermission: action:org.codeaurora.VOIP_VOPS_SSAC_STATUS, mPermissionType:0
12-18 12:39:12.560  7741  7741 D Mms_View: NotificationList @41363360  lifecycle onResume
12-18 15:38:54.868  3858  4126 I amsnl   : t:false, fl: false, p: 2147483647000, ce: true, we: true
12-18 15:41:55.026 10334 10334 D wpa_supplicant: wlan0: Control interface command 'SIGNAL_POLL'
12-17 21:51:28.762  2852  2852 D StatusBar: No peeking: unimportant notification: 0|com.huawei.health|10010|null|10099
12-17 22:30:34.589  1795  1825 D HwGradualBrightnessAlgo: AutoMode=true,Target=705,Current=156,amount=18.161737,duration=0.5
12-17 23:55:59.684  2852  2852 I TrafficPanelManager: hideTraffic
12-17 22:23:24.773  3168  4145 D HwRepairHelper: getRcvData() TimeLteLevel2 :  0
12-18 18:32:39.031  3879  3879 I HwLauncher: Launcher  Launcher.onStart() cost 7 ms
12-17 20:31:44.385 24266 24266 D MainInitHelper: Emotion@8f05143mOrder = 8,mId = 7,mName = [fn],mContent = ,mImagePath = null,mImageUrl = 
12-17 20:24:35.078  2852  2852 I QSContainer: updateQsState:false
12-17 19:55:47.568  5215  5215 D wpa_supplicant: wpa_driver_nl80211_driver_cmd SETSUSPENDMODE 0 len = 0, 4096
12-18 00:00:50.567   633 31870 I SDK     : <2016-12-18 00:00:50> [WARN] SDK: UE-SeC 2016-12-18 0:0:50:567 Level[WARN] magic[3362781472 684]:PubEvt_Close Getting a socket[179] from the Socket-table Failed!
12-18 07:39:54.324  2852  2852 D NetWorkUtils: is3GCalling is false,mCdmaSlot is -1
12-17 20:10:19.574  3626  3626 E PTM.FileNodeInfo: getTempInfo error: null, 0
12-18 17:31:35.100  4492  4544 D 2DSDR   : APS: 2DSDR: CanvasContext::setSDRZoomout(), the SDR ratio from ViewRootImpl is 1.000000, native window width = 1080, height = 1920
12-18 09:17:29.781  1795  3247 I WindowManger_windowChange: oldFocusWindow: Window{773320 u0 com.huawei.android.launcher/com.huawei.android.launcher.unihome.UniHomeLauncher}, currentFocusWindow: null, currentFocusApp: AppWindowToken{b6efcd1 token=Token{a978b5b ActivityRecord{5f12a6a u0 com.tencent.mm/.ui.LauncherUI t383}}}
12-17 23:25:13.447  2852  2852 D HwCustMobileSignalControllerImpl: sub =0,strMccMnc =null,hashMccMnc =[],strPlmn =hw_show_4g
12-18 14:12:59.027  5157  5157 I chromium: [INFO:CONSOLE(1)] "Uncaught SyntaxError: Unexpected token var", source:  (1)
12-17 19:32:26.553  1795  1795 D DeviceIdleController: scheduleAlarmLocked(1800000, false)
12-17 19:32:31.590  1795  2332 I qti_sensors_hal: [ACC]processReportInd: X: 6.735211 Y: 6.429236 Z: -1.128266  x_offset:0.160831 y_offset:0.184366 z_offset:0.985027
12-17 19:35:56.177  2852  2925 I ExifParser: mTiffStream skip = 0
12-18 09:35:14.993  3626  3626 E PTM.FileNodeInfo: getTempInfo error: null, 0
12-18 14:11:30.328  5994  5994 D wpa_supplicant: wlan0: Control interface command 'SET ps 1'
12-18 00:20:49.260  2852  2852 I HwSignalClusterView: setMobileDataIndicatorsHuawei subId:0 visible:true strengthIcon:2130839311 typeIcon:2130839195 contentDescription:手机信号满格。 typeContentDescription:4G isTypeIconWide:true showActivity:true activityIn:true activityOut:true isRoaming:false
12-18 12:38:44.991  1795 15982 I AlarmManager: remove(PendingIntent{386e123: PendingIntentRecord{b2018f com.tencent.mm broadcastIntent}}) changed bounds; rebatching
12-17 21:27:05.645  1795 20747 I qti_sensors_hal: 0x0, 0x0, 0x0, 0x0
12-17 22:33:15.749  1795  3111 V HwWindowManagerService: setFocusedApp update app ops, mTaskChanged set to:false
12-17 23:10:17.515   633 31870 I SDK     : <2016-12-17 23:10:17> [WARN] SDK: UE-SeC 2016-12-17 23:10:17:515 Level[WARN] magic[3362781472 684]:PubEvt_Close Getting a socket[141] from the Socket-table Failed!
12-17 22:30:36.926   633  5324 I SDK     : 
12-18 10:52:33.370  2852  2852 I HwSignalClusterView: getOrInflateState subId:0
12-18 18:32:42.218  2852  2852 I HwSignalClusterView: apply hwPhoneState.mSubId:0 anyMobileVisible:false mIsAirplaneMode:false, mobileGroupVisible=true
12-17 22:27:02.012  2852  3556 I NetworkController.MobileSignalController(0): onDataActivity: direction=0
12-17 21:26:53.230  2883  2996 E HwSystemManager: NormalTrafficAnalysis:alert byte = 0, so return
12-17 20:13:36.595  3218  3218 D QC_RIL_OEM_HOOK: Received Broadcast Intent ACTION_UNSOL_RESPONSE_OEM_HOOK_RAW
12-18 15:33:25.165 10461 10473 I HwVAssistant_VASearchIndexablesProvider: queryNonIndexableKeys
12-17 22:05:38.506  2852  2852 I HwDateUtils: begin of formatChinaDateRange chinaDate:晚上10:05
12-18 19:50:00.449  7741  7741 I SendBroadcastPermission: action:huawei.floatapp.notice.orginapp.launch.mms, mPermissionType:0
12-17 19:59:10.856  3626  4877 D NCCHR_NcLogCollectServiceImpl: setMetricStoargeHeader is called
12-18 19:45:36.138  1795  1819 D NetworkManagement: notifyInterfaceClassActivity: client is android.net.INetworkManagementEventObserver$Stub$Proxy@c0acf8b
12-18 07:36:33.307  3858  4126 I amsnl   : c: true, w: false, t: false, l: false
12-17 21:48:19.852  3608  3608 D InCall  : StatusBarNotifier - onStateChange startpsystembar
12-17 22:29:20.542  1046 26554 D audio_hw_spkr_prot: audio_extn_fbsp_set_parameters: Speaker protection disabled
12-17 22:30:34.215  1795  1795 D PowerManagerService: ready=true,policy=3,wakefulness=1,wksummary=0x1,uasummary=0x1,bootcompleted=true,boostinprogress=false,waitmodeenable=false,mode=true,manual=33,auto=-1,adj=0.0userId=0
12-18 16:11:49.441  3168  3307 I CHR_ChrCommonInfo: getChrComHead default4GSlotId = 0
12-18 18:24:14.427  2852  2852 I TintImageView: onTouchEvent: code=4, action=0, event=MotionEvent { action=ACTION_DOWN, actionButton=0, id[0]=0, x[0]=98.0, y[0]=119.0, toolType[0]=TOOL_TYPE_FINGER, buttonState=0, metaState=0, flags=0x0, edgeFlags=0x0, pointerCount=1, historySize=0, eventTime=142049011, downTime=142049011, deviceId=10, source=0x1002 }
12-18 14:10:40.406  5157  5157 I chromium: [INFO:CONSOLE(1)] "Uncaught ReferenceError: WebViewJavascriptBridge is not defined", source:  (1)
12-17 20:14:34.781  1795  3121 W ActivityManager: getRunningAppProcesses: caller 10102 does not hold REAL_GET_TASKS; limiting output
12-17 20:16:52.626   633 31870 I SDK     : <2016-12-17 20:16:52> [WARN] SDK: UE-SeC 2016-12-17 20:16:52:626 Level[WARN] magic[3362781472 684]:PubEvt_Close Getting a socket[11] from the Socket-table Failed!
12-18 15:38:24.115   633 13100 I SDK     : 
12-17 21:09:51.529  2852  2852 D HwCustMobileSignalControllerImpl: isCurrentBySim()=false
12-18 14:09:48.644  5157  5239 D fingerprint: t48FpHd3NjvDxXSJgoU6xB4ykQ5RRXFI3G0J9dGHX1D/Qskh06DPJHIJ1PyNINjlCNodbAY1AdWi
12-18 10:45:30.870  1795  6988 D PowerManagerService: ready=true,policy=3,wakefulness=1,wksummary=0x1,uasummary=0x1,bootcompleted=true,boostinprogress=false,waitmodeenable=false,mode=true,manual=33,auto=-1,adj=0.0userId=0
12-17 22:08:01.279  5224  5283 I Step_HSNH: 20002302|rebuild notification
12-18 09:11:47.022  2852  2852 D HwCust  : Create obj success use class android.app.HwCustNotificationImpl
12-17 20:22:09.981  2852  2852 D HwCustMobileSignalControllerImpl: isCurrentBySim()=false
12-17 21:32:46.082  2883  6116 I HwSystemManager: HoldService:checkBeforeShowDialogWithPid, current value:1, type:33554432, pkg:huawei.w3
12-17 23:21:02.867  1795  1825 D DisplayPowerController: Animating brightness: target=0, rate=0
12-18 15:33:30.754 10948 10962 E SQLiteDatabase: android.database.sqlite.SQLiteCantOpenDatabaseException: unknown error (Sqlite code 14): Could not open database, (OS error - 13:Permission denied)
12-18 16:01:41.075  1795  2381 I PowerManagerService: Going to sleep due to power button (uid 1000)...
12-17 20:33:12.721  2852  2852 D HwCustMobileSignalControllerImpl: isCurrentBySim()=false
12-18 14:09:29.854  1795 16501 D PowerManagerService: ready=true,policy=3,wakefulness=1,wksummary=0x1,uasummary=0x1,bootcompleted=true,boostinprogress=false,waitmodeenable=false,mode=true,manual=33,auto=-1,adj=0.0userId=0
12-17 20:43:13.281 24266 24266 V chaunce : org.iqiyi.video.vote.b.aux.a()<-1> : checkVoteShowTime-->1657112
12-18 18:31:50.961  5224  5224 I Step_LSC: 20002302|compensate received
12-17 20:51:08.472   802   802 E Thermal-daemon: [Thermal_Hw] temperature_valid, battery : temperature is invalid, invalid temperatrue is 26
12-18 15:42:36.067  1795  1795 D WifiService: onReceive, action:android.intent.action.BATTERY_CHANGED
12-17 20:35:10.841  3382  3399 D QcrilMsgTunnelSocket: Rcvd UNSOL response with 28 bytes data for SUB0
12-18 15:27:45.159  1795  2691 D HwConnectivityService: handleFilterMsg action: 3mFilterMsgFlag3
12-17 20:12:31.391  2852  3556 D NetworkController.MobileSignalController(0): mSimSubId:0 onDataActivity: direction=4
12-18 15:32:58.440  1795  3238 E PF_API_NATIVE: check perfhub service fail! 
12-18 08:11:39.013  1795  2748 D lux trace:: [5504.0/137110767, 5529.0/137111144, 5225.0/137111879, 5130.0/137112237, 5120.0/137112611, 5186.0/137112988, 5275.0/137113365, 5318.0/137113740, 5314.0/137114116, 5322.0/137114492]
12-17 21:20:41.679 24266 24266 D seekbar : org.iqiyi.video.ui.ci.onProgressChanged()<-1> : 当前进度：1405702 缓冲大小:1278304 缓冲进度：2684006
12-17 19:57:44.532  5215  5215 D wpa_supplicant: CTRL_IFACE: GET_NETWORK id=0 name='phase2'
12-18 19:25:24.275  2852  2852 D HwCustMobileSignalControllerImpl: sub =0,strMccMnc =null,hashMccMnc =[],strPlmn =hw_show_4g
12-18 15:37:23.883  2883  6521 I HwSystemManager: HoldService:checkBeforeShowDialogWithPid, current value:2, type:33554432, pkg:com.sankuai.meituan
12-18 07:35:40.623  2852  2852 D HwCustMobileSignalControllerImpl: isCurrentBySim()=false
12-17 20:54:03.104  1795  1819 D NetworkManagement: notifyInterfaceClassActivity: client is android.net.INetworkManagementEventObserver$Stub$Proxy@c0acf8b
12-17 22:38:02.149  1795  1819 D NetworkManagement: notifyInterfaceClassActivity: client is com.android.server.ethernet.EthernetNetworkFactory$InterfaceObserver@fccfd35
12-18 14:13:32.496  3626  4889 E PTM.FileNodeInfo: getTempInfo error: null, 0
12-17 22:44:56.455   802   802 E Thermal-daemon: Report temperature: [charger_ic] temp :34  report_threshold:1
12-17 20:18:59.953  2852  2852 I StatusBarWindowManager: apply skiped :0
12-18 08:11:21.777  2852  2852 D HwCustMobileSignalControllerImpl: isCurrentBySim()=false
12-18 16:52:52.956  1795  2323 E UsbDeviceManager: 	at java.io.FileInputStream.open(Native Method)
12-18 09:40:12.706  2852  2852 I TimeManager: chinaDateTime:上午9:40
12-17 20:31:05.976   633 31868 I SDK     : <2016-12-17 20:31:05> [NOTICE] SDK: UE-SeC 2016-12-17 20:31:5:976 Level[NOTICE] magic[3365677344 2756]:WriteSdkGroupItem: hash has same item[w00290667_keyTicket]
12-18 08:05:16.934  2852  2852 D HwCustMobileSignalControllerImpl: isCurrentBySim()=false
12-17 23:58:52.287   633 31870 I SDK     : 
12-17 22:29:46.679  1795  6985 D HwConnectivityService: return the background wifi network info for system manager.
12-18 07:58:59.714   633 31868 I SDK     : 
12-18 14:12:22.659   533  3739 E ANDR-PERF-MPCTL: Invalid profile no. 0, total profiles 0 only
12-18 12:38:49.491   633 31869 I SDK     : 
12-18 15:36:07.843  3218  3439 I PhoneInterfaceManager: shouldBlockLocation  ret:false
12-18 17:30:08.375  3626  3626 E PTM.FileNodeInfo: getTempInfo error: null, 0
12-18 17:56:04.567  2852  2852 D HwRecentsLockUtils: search
12-18 15:37:57.586 10334 10334 D wpa_supplicant: CTRL-DEBUG: ctrl_sock-sendmsg: sock=16 sndbuf=229376 outq=0 send_len=24
12-17 23:45:02.023   633   692 I eSpaceService: LoginThread{6745} LoginC.beginLogin(LoginC.java:293) Login_By_Step->--> beginLogin
12-18 10:45:03.278  1046  2703 V APM_AudioPolicyManager: getOutput() device 2, stream 1, samplingRate 0, format 0, channelMask 3, flags 0
12-17 19:35:55.808   606  2379 E libteec : qsc_send_cmd finish
12-17 20:11:41.413   803   905 E Pged-IPgedBinderService: ****monitorNetworkPacket num is too larger,num is 0***
12-18 19:51:11.886  2852  3556 I HwMobileSignalController: mExtDataOld:ExtData [mMasterNetWorkType=3, mSlaveNetWorkType=0, mMasterNetWorkLevel=5, mSlaveNetWorkLevel=-1, mDataState=2, mDataActivity=4, mDataNetType=13] mExtData:ExtData [mMasterNetWorkType=3, mSlaveNetWorkType=0, mMasterNetWorkLevel=5, mSlaveNetWorkLevel=-1, mDataState=2, mDataActivity=1, mDataNetType=13]
12-17 21:36:43.939  5224 17475 I Step_LSC: 20002302|uploadStaticsToDB() onResult  type = 0 obj=true
12-17 21:25:54.818  2852  2852 D NetWorkUtils: mVSimCurCardType is -1
12-18 14:12:39.267  5994  5994 D wpa_supplicant: nl80211: Scan SSID - hexdump(len=0): [NULL]
12-17 21:27:07.793  2852  2852 D StatusBar: No peeking: unimportant notification: 0|com.huawei.health|10010|null|10099
12-17 19:32:30.327  1795  1825 I PowerManager_screenOn: PowerManagerService goToSleepNoUpdateLocked: eventTime=123056043, reason=7, flags=0, uid=1000
12-17 23:11:28.676  1795  1825 D Sensors : bh1745-light calling driver setDelay 300 ms
12-18 14:13:46.335  4690  4690 E HW-JPEG-DEC: [HME_JPEG_DEC_Delete](3298): HME_JPEG_DEC_Delete: decoder_ctx=null
12-17 23:50:40.373  1795  2750 D HW_DISPLAY_EFFECT: presently, hw_update_color_temp_for_rg_led interface not achieved.
12-18 18:27:08.737  2852  3556 D NetworkController.MobileSignalController(0): mSimSubId:0 onDataActivity: direction=3
12-18 10:52:01.555  2852  2852 I ToggleSlider:  mSeekListener onProgressChanged progress:6544 fromUser:false
12-17 22:29:49.534  3608  3608 D InCall  : InCallActivity - onStart()...
12-18 15:27:45.817  7741  7741 I Mms_TXM_SVC: onStartCommand send EVENT_NEW_INTENT. service-id 1
12-18 09:29:53.888  1795  6988 W ActivityManager: getRunningAppProcesses: caller 10105 does not hold REAL_GET_TASKS; limiting output
12-17 23:27:38.204  3180  5157 I DownloadState: @@@@@@@@@@@@ uid :10105 download :false
12-18 07:56:29.597   633 31870 I SDK     : <2016-12-18 07:56:29> [WARN] SDK: UE-SeC 2016-12-18 7:56:29:597 Level[WARN] magic[3362781472 684]:PubEvt_Close Getting a socket[126] from the Socket-table Failed!
12-18 09:31:38.487  3218  3218 E QtiImsExtUtils: getImsPhoneId failed. Exception = org.codeaurora.ims.QtiImsException: ImsService is not running
12-18 08:11:43.528  2852  2852 D HwCustMobileSignalControllerImpl: sub =0,strMccMnc =null,hashMccMnc =[],strPlmn =hw_hspap_show_4g
12-17 20:36:15.079  1795  2396 W ActivityManager: getTasks: caller 10140 does not hold REAL_GET_TASKS; limiting output
12-18 15:38:43.158  1795 16499 D PowerManagerService: Releasing suspend blocker "PowerManagerService.WakeLocks".
12-18 08:18:50.609  3879  5007 I HwLauncher: Launcher.LauncherProvider  launcher call - method:setAppBadgeCount arg:null extras:[app_shortcut_custom_id=null][app_shortcut_class_name=com.tencent.mm.ui.LauncherUI][app_badge_count=0] uid =10105 pid =4492
12-17 21:21:05.394 24802 24802 I nativeProcess: iqiyi message: ==== do something  executeCmd isProcessExist true =====
12-18 10:46:07.682  1795  6985 I WindowManger_startWindow: startActivityLocked doShow= true mLaunchTaskBehind= false
12-18 09:10:57.988  1795  1825 E huawei_ProximitySensor_CPP_Test: write 200 failed
12-18 14:22:09.471  1795  2323 E UsbDeviceManager: Error reading charge file
12-17 20:32:48.487  2852  2852 I HwSignalClusterView: getOrInflateState subId:0
12-17 19:57:15.328  3782  5818 I QtiTetherService/TetherCommunication: Posting: TetherEvent -- TetherStateChangedEvent{Active=[], Available=[], Errored=[]}
12-18 08:14:22.616  3382  3399 D QcrilMsgTunnelSocket: To broadcast an Intent via the notifier to external apps
12-18 07:57:06.282   606  2379 E libteec : QSEECom_send_cmd return!
12-18 10:52:09.377   808   547 D [HWCamera] IppAlgoSmartAE: int android::IppAlgoSmartAE::doSmartAEAlgo(unsigned char *, void *, int, int, int), start fill parameters for frame 0
12-18 19:50:18.158  3879  3879 I HwLauncher: FPSMonitor  [Launcher , dispatchTouchEvent end, false, true] up event  x = 738 y = 1270
12-17 19:31:36.975  1795  1795 I TrafficMonitor: update:rxPkts:5,txPkts:6,rxBytes:954,txBytes:427
12-18 10:36:15.002  2852  2852 I NotificationGroupManager: onEntryUpdated:0|com.huawei.health|10010|null|10099
12-18 14:11:30.659   633 31870 I SDK     : 
12-17 23:29:35.073  1795  1819 I InputDispatcher: frozenCheckLocked mDispatchFrozen=0 mNextUnblockedEvent=0
12-17 19:33:11.031  5215  5215 D wpa_supplicant: Beacon IEs - hexdump(len=193): 00 0e 77 6c 61 6e 61 63 63 65 73 73 76 32 2e 30 01 08 82 84 0b 16 0c 12 18 24 03 01 01 05 04 00 ...
12-18 14:11:29.187  5994  5994 D wpa_supplicant: CTRL-DEBUG: global_ctrl_sock-sendto: sock=16 sndbuf=229376 outq=0 send_len=5
12-18 10:52:06.344   808   547 I QCamera : <HAL><INFO> static void qcamera::QCamera2HardwareInterface::synchronous_stream_cb_routine(mm_camera_super_buf_t*, qcamera::QCameraStream*, void*): 994: [KPI Perf] : PROFILE_FIRST_PREVIEW_FRAME
12-17 20:11:45.777   633 22205 I SDK     : 
12-18 09:39:02.032  3218  3218 I SendBroadcastPermission: action:android.intent.action.NETWORK_SET_TIMEZONE, mPermissionType:0
12-17 23:02:07.689   802   802 E Thermal-daemon: [Thermal_Hw] temperature_filter: get invalid temperature, use old temp
12-18 09:05:53.977  2852  2852 D HwCustMobileSignalControllerImpl: isCurrentBySim()=false
12-18 14:13:02.725  2852  2914 I HwMobileSignalController: subId:0 phoneType:1 networktype:13 targetClass:3 masterLevel:5 slaveLevel:-1
12-18 14:26:04.176  2852  2852 I StatusBarIconView: updateTint: tint=0
12-18 15:16:22.922  1795 11746 D PowerManagerService: release:lock=171532518, flg=0x0, tag="eventloop", name=android", ws=null, uid=1000, pid=7194
12-18 10:46:17.568  1046  1125 I Huawei_audio_cust: huawei_common_get_output_device_FM: huawei_audio select fm(0) device(0x2)exit
12-18 09:17:27.418 25067 25098 D AndroidCommon: [SdcardManager.isMounted]Mounted:/storage/emulated/0:true
12-17 22:08:05.630   633   692 E ECS     : LoginThread{6451} StringUtil.parserIPAddress(StringUtil.java:646) <<< ERROR(6) >>> 
12-17 23:22:59.073  3858  4126 I amsnl   : c: true, w: false, t: false, l: false
12-17 22:58:10.417  2852  3556 I NetworkController.MobileSignalController(0): onSignalStrengthsChanged signalStrength=SignalStrength: -1 0 -1 255 -1 255 -1 255 255 18 -104 -8 106 2147483647 2147483647 false gw|lte level=4 isSuspend=false levelOld=4,mSignalStrength level=4
12-18 17:32:57.766  1795  3884 V SecInputMethodManagerService: Client requesting input be hidden, pid=4492
12-17 20:43:26.272  1795  3110 W ActivityManager: getTasks: caller 10140 does not hold REAL_GET_TASKS; limiting output
12-18 19:52:50.145  2852  2852 D HwCust  : Create obj success use class android.app.HwCustNotificationImpl
12-17 20:15:42.724  7194 22744 I PushLog2824: [SocketRead_20:14:35-13205]socket closed, set alarm to reconnect srv(android/null:-1)
12-18 18:25:39.564  2852  2852 I NotificationGroupManager: onEntryUpdated:0|com.huawei.health|10010|null|10099
12-18 07:39:32.309  2852  2852 I HwSignalClusterView: getOrInflateState subId:0
12-17 23:31:01.681  2852  2852 W StatusBarWindowManager: Apply window without WALLPAPER
12-17 22:57:07.958  2852  2852 D HwCustMobileSignalControllerImpl: isCurrentBySim()=false
12-17 20:20:49.003  1795 16499 D PowerManagerService: release:lock=201859890, flg=0x0, tag="WakerLock:218529747", name=com.tencent.mm", ws=null, uid=10105, pid=4634
12-17 22:26:55.608  3879  3879 I HwLauncher: Launcher receiver screen off broadcast sendmessage true
12-18 00:01:06.978  2852  2852 D NetWorkUtils: mVSimCurCardType is -1
12-18 19:49:37.902  2852  2852 V KeyguardUpdateMonitor: FingerStat Visible: false; Interactive: false; Switching: false; Bouncer:false; GoingToSleep: false Occluded: false; dreaming: false; Authenticated: false
12-18 19:43:24.499  1795  2323 E UsbDeviceManager: 	at java.io.FileInputStream.<init>(FileInputStream.java:146)
12-18 07:31:19.411  2852  2852 D HwCustMobileSignalControllerImpl: isCurrentBySim()=false
12-17 21:47:59.694   633   692 I eSpaceService: LoginThread{6407} LoginThread.doinLoop(LoginC.java:867) Login_By_Step-> Thread is begin   6407
12-17 22:30:35.893   633 31870 I SDK     : <2016-12-17 22:30:35> [WARN] SDK: UE-SeC 2016-12-17 22:30:35:893 Level[WARN] magic[3362781472 684]:PubEvt_Close Getting a socket[146] from the Socket-table Failed!
12-18 18:23:30.139  4492  4492 V AudioManager: getStreamVolume  treamType: 5
12-18 10:55:28.916   633 31868 I SDK     : <2016-12-18 10:55:28> [NOTICE] SDK: UE-SeC 2016-12-18 10:55:28:916 Level[NOTICE] magic[3365677344 7509]:Currently udp detect response ok,detect id is [6],ack id is [6]!
12-17 22:30:53.224  2852  2852 I HwSignalClusterView: setMobileDataIndicatorsHuawei subId:0 visible:true strengthIcon:2130839311 typeIcon:2130839195 contentDescription:手机信号满格。 typeContentDescription:4G isTypeIconWide:true showActivity:true activityIn:false activityOut:false isRoaming:false
12-17 23:13:45.324   633 10174 I SDK     : <2016-12-17 23:13:45> [NOTICE] SDK: UE-SeC 2016-12-17 23:13:45:324 Level[NOTICE] magic[2341447968 1189]:KeySpace : Succeed in fetching group data
12-17 19:35:55.804  1795  2326 W FingerprintService: client com.android.systemui is authenticating...
12-17 23:28:34.655   633 31870 I SDK     : 
12-18 15:29:53.122  2852  2852 D HwCust  : Create obj success use class android.app.HwCustNotificationImpl
12-17 22:27:02.434  1795  3237 W ActivityManager: getRunningAppProcesses: caller 10102 does not hold REAL_GET_TASKS; limiting output
12-18 10:53:11.873  2852  2852 D HwCustMobileSignalControllerImpl: isCurrentBySim()=false
12-17 19:59:38.361  5215  5215 D wpa_supplicant: RTM_NEWLINK: ifi_index=118 ifname=wlan0 operstate=6 linkmode=1 ifi_family=0 ifi_flags=0x11043 ([UP][RUNNING][LOWER_UP])
12-17 21:26:02.610  1046  1125 D audio_hw_primary: check_usecases_codec_backend:becf: check_usecases num.of Usecases to switch 0
12-17 21:47:55.424  3180  3578 I ash     : com.android.browser { running duration=30003 } transition to: doze reason:
12-18 17:32:25.093   533  3739 E ANDR-PERF-MPCTL: Invalid profile no. 0, total profiles 0 only
12-17 22:24:50.359   633  4214 I SDK     : <2016-12-17 22:24:50> [NOTICE] SDK: UE-SeC 2016-12-17 22:24:50:359 Level[NOTICE] magic[2406697248 1146]:KeySpace : Begin to get user info
12-18 15:41:13.559  1795  2665 D NetdConnector: RCV <- {601 limit alert globalAlert wlan0}
12-17 23:30:16.971  2852  3556 I NetworkController.MobileSignalController(0): onSignalStrengthsChanged signalStrength=SignalStrength: -1 0 -1 255 -1 255 -1 255 255 19 -103 -10 42 2147483647 2147483647 false gw|lte level=4 isSuspend=false levelOld=4,mSignalStrength level=4
12-17 22:28:48.911  1795  1825 W LightSensor: LightSensor, enable, 283: en=0
12-18 07:47:52.928   633   692 I eSpaceService: LoginThread{6856} LoginC.goToStepInStep(LoginC.java:278) Login_By_Step->SVNConnect
12-18 15:27:45.985  5994  5994 D wpa_supplicant: WPS: attr type=0x1024 len=3
12-17 22:30:10.795  1795  2748 D HwAmbientLuxFilterAlgo: t=128108212,BT=128109212,DT=128112212,BT1=128112212,DT1=128116212,Bn=false,Dn=false,lx=[1.0/128106708, 1.0/128107008, 1.0/128107309, 1.0/128107610, 1.0/128107911, 1.0/128108212],mLx=1.0,s=5.0,ss=0.17857143,AuIntervened=false,mProximityState=false,bLux=7.8,dLux=0.0,bLux1=7.8,dLux1=0.0
12-17 22:30:36.052  2852  2852 I vol.VolumeDialog: VolumeDialogController.Callbacks onDismissRequested reason = 2
12-17 20:17:57.918   633 31870 I SDK     : <2016-12-17 20:17:57> [WARN] SDK: UE-SeC 2016-12-17 20:17:57:918 Level[WARN] magic[3362781472 684]:PubEvt_Close Getting a socket[68] from the Socket-table Failed!
12-18 08:38:00.046   835  2385 E libteec : receive data len = 128
12-17 20:22:10.395  2852  2852 I StatusBar: onNotificationRemoved: StatusBarNotification(pkg=com.tencent.mm user=UserHandle{0} id=4097 tag=null key=0|com.tencent.mm|4097|null|10105: Notification(pri=1 contentView=null vibrate=[] sound=null tick defaults=0x0 flags=0x101 color=0x00000000 category=msg vis=PRIVATE))
12-18 09:46:03.283   633 31870 I SDK     : 
12-17 20:51:50.116 24266 24266 D VideoPlayerImpl: org.iqiyi.video.player.cv.ag()<-1> : current progress: progress= 2173922
12-17 19:40:23.342  3858  4126 I amsnl   : csr
12-18 15:38:08.521 10334 10334 D wpa_supplicant: random pool - hexdump(len=128): [REMOVED]
12-18 04:09:17.920  1795  2323 E UsbDeviceManager: java.io.FileNotFoundException: sys/class/hw_power/charger/charge_data/water_intrused (No such file or directory)
12-17 21:32:17.940 32039 32051 I W3_Bundle: getPackageInfo parse [com.huawei.it.w3m.im] PackageInfo used time:333
12-17 21:29:18.189   633 31870 I SDK     : <2016-12-17 21:29:18> [WARN] SDK: UE-SeC 2016-12-17 21:29:18:189 Level[WARN] magic[3362781472 684]:PubEvt_Close Getting a socket[110] from the Socket-table Failed!
12-17 23:10:13.132  1795  6985 D PowerManagerService: ready=true,policy=3,wakefulness=1,wksummary=0x0,uasummary=0x1,bootcompleted=true,boostinprogress=false,waitmodeenable=false,mode=true,manual=33,auto=-1,adj=0.0userId=0
12-17 20:28:01.990   633 31868 I SDK     : 
12-18 15:27:44.920  2852  2852 W KG_FP.Utils: Start Fast finger turnon screen
12-18 12:38:44.166   633  2485 I SDK     : <2016-12-18 12:38:44> [NOTICE] SDK: UE-SeC 2016-12-18 12:38:44:166 Level[NOTICE] magic[2173176096 2361]:FileSec: no bundle id in file tail.
12-18 15:36:28.669 10334 10334 D wpa_supplicant: WPS: attr type=0x1023 len=28
12-18 14:10:54.875  5157  5157 I chromium: [INFO:CONSOLE(1)] "Uncaught ReferenceError: WebViewJavascriptBridge is not defined", source:  (1)
12-17 19:40:24.806  1795 15982 I LightsService: setLcdRatio ratio:100 autoAdjust:true
12-17 21:23:27.133  1795 16499 D HwActivityManagerService: handleANRFilterFIFO,uid = 10140cmd = 0
12-18 14:11:31.549  5994  5994 D wpa_supplicant: WPS: attr type=0x1024 len=3
12-18 00:14:06.461  2852  2914 I SimCardMethod: isCardAbsent slot:0 slotState:5
12-18 10:51:56.785  2883  2996 I HwSystemManager: CalculateTrafficMethod:getAllUidBytesInPeriod start = 2016-11-29 00:00:00 end = 2016-12-18 10:51:56
12-18 17:41:23.213 17205 17205 E HW-JPEG-DEC: [HME_JPEG_DEC_Delete](3298): HME_JPEG_DEC_Delete: decoder_ctx=null
12-17 23:01:50.814  2852  2852 D MagazineDetailView: resetPagerState
12-18 08:31:28.499  1795  2323 E UsbDeviceManager: 	at android.os.UEventObserver$UEventThread.run(UEventObserver.java:187)
12-17 21:48:23.461  1534  1553 I OUC_COTA: {"status":"1"}(/HttpCommunicator.java:312)
12-17 20:29:06.468   633   692 I eSpaceService: Heartbeat timer.timers{6220} IpMessageHandler.onError(IpMessageHandler.java:65) Request Faild:CmdID=786,action=null,status=-2
12-18 09:35:15.097  3218  3218 E HW-JPEG-DEC: [HME_JPEG_DEC_Delete](3298): HME_JPEG_DEC_Delete: decoder_ctx=null
12-18 00:17:49.020  2852  3556 I HwMobileSignalController: mExtDataOld:ExtData [mMasterNetWorkType=3, mSlaveNetWorkType=0, mMasterNetWorkLevel=4, mSlaveNetWorkLevel=-1, mDataState=2, mDataActivity=3, mDataNetType=13] mExtData:ExtData [mMasterNetWorkType=3, mSlaveNetWorkType=0, mMasterNetWorkLevel=4, mSlaveNetWorkLevel=-1, mDataState=2, mDataActivity=0, mDataNetType=13]
12-18 12:49:44.525  1795  1805 D PowerManagerService: ready=true,policy=0,wakefulness=0,wksummary=0x1,uasummary=0x0,bootcompleted=true,boostinprogress=false,waitmodeenable=false,mode=true,manual=33,auto=-1,adj=0.0userId=0
12-18 19:47:23.842  7194  7208 W PushLog2824: 	at ah.onReceive(Unknown Source)
12-17 19:40:23.793   835  2385 E libteec : receive data len = 128
12-17 20:53:24.972  1795  1795 I MQoS    : received cell-signal:5
12-18 19:01:05.551  1795  2376 I AlarmManager: Alarm triggering (type 0 or 2): [Alarm{36905fe type 2 when 527133967 com.huawei.betaclub}, Alarm{a3e23be type 2 when 527170595 android}, Alarm{862299 type 2 when 527400000 com.tencent.mm}, Alarm{1b6bfe0 type 2 when 527400000 com.tencent.mm}, Alarm{493f9e3 type 2 when 527400000 com.tencent.mm}, Alarm{3eb2e3e type 2 when 527400000 com.tencent.mm}, Alarm{a81cef9 type 0 when 1482058861273 com.tencent.mm}, Alarm{282513f type 0 when 1482058861273 com.huawei.espacev2}]
12-18 19:50:10.172  1795  3238 I ActivityManager_broadcast: Enqueueing ordered broadcast[background] BroadcastRecord{362e5c u-1 com.android.systemui.statusbar.visible.change}: prev had 0
12-18 09:18:55.944  2852  2852 I StackScrollAlgorithm: updateClipping isOverlap:false
12-18 08:29:32.921  3180  3578 I PacketsControl: not 3G net type. do nothing.
12-17 21:20:00.021  2852  2852 I StackScrollAlgorithm: overlapAmount:832.6, previousNotificationEnd:571.0, newYTranslation:-261.59998, location:2, i:1, getTopPadding:499.0, getLocationOnScreen():-72
12-18 14:08:03.215  2852  2852 I PanelView: instantCollapse
12-18 17:33:03.749  2852  2852 V MagazineUtils: Is User Assigned Wallpaper? : 0  false
12-17 20:12:07.727  2852  2852 D HwCust  : Create obj success use class android.app.HwCustNotificationImpl
12-18 15:29:26.339  1795  2380 D KeyEvent: obtain, mHwFlags=1874117200
12-18 00:24:23.237  3218  4159 I PhoneInterfaceManager: shouldBlockLocation  ret:false
12-18 18:24:28.604  1795 11747 W ActivityManager: getRunningAppProcesses: caller 10102 does not hold REAL_GET_TASKS; limiting output
12-18 15:29:30.910  9659  9878 D fingerprint: pR+BJNASeVHtQwzvaIySpS01Y0Ke9uVMozzKrP2S6/Sy6RDi4CaVk9b0aObDJBAPFJ1UrBY6c5sj
12-17 21:22:56.017 24266 24266 I plugin  : [qiyi_LOG_INFO plugin] startAndBindService
12-18 13:09:16.144  3782  4006 V AudioManager: isWiredHeadsetOn...
12-18 08:28:23.692  2852  2852 D HwCustMobileSignalControllerImpl: isCurrentBySim()=false
12-18 12:38:43.794  1795  2396 D HwPFWLogger: AutoStartupDataMgr:retrieveStartupSettings type 0 of com.Qunar is 0
12-17 19:35:10.961  2852  2852 I HwBrightnessController: updateSlider2 seekBarProgress:2384
12-18 10:40:16.598  1795  1795 D DeviceIdleController: updateDisplayLocked: screenOn=false
12-17 23:29:49.369  1795  1795 E qti_sensors_hal: read from oem info: data_valid_flag=0x55
12-18 14:11:16.700  2852  2852 I PhoneStatusBar: suspendAutohide
12-17 21:58:45.539   835  2385 E libteec : begin
12-18 07:15:21.810  1046  9752 V APM_AudioPolicyManager: getOutputForAttr() usage=13, content=4, tag= flags=00000000 session 3737 selectedDeviceId 0
12-18 19:44:57.149  1795  1806 D PowerManagerService: ready=true,policy=0,wakefulness=0,wksummary=0x1,uasummary=0x0,bootcompleted=true,boostinprogress=false,waitmodeenable=false,mode=true,manual=33,auto=-1,adj=0.0userId=0
12-18 17:24:59.259  3626  3626 I iMonitor: send: 903001012
12-17 21:24:28.923  1795  2323 E UsbDeviceManager: Error reading charge file
12-18 10:52:11.475  4492  4492 E HW-JPEG-DEC: [HME_JPEG_DEC_Delete](3298): HME_JPEG_DEC_Delete: decoder_ctx=null
12-18 00:06:38.404  2852  2852 D NetWorkUtils: is3GCalling is false,mCdmaSlot is -1
12-18 08:25:47.176  2852  2852 I StatusBar: onNotificationPosted: StatusBarNotification(pkg=com.huawei.health user=UserHandle{0} id=10010 tag=null key=0|com.huawei.health|10010|null|10099: Notification(pri=0 contentView=null vibrate=null sound=null defaults=0x0 flags=0x62 color=0x00000000 vis=PRIVATE)) important=2, post=1482020747171, when=1481531589202, vis=0, userid=0
12-18 14:15:19.538   633 31870 I SDK     : <2016-12-18 14:15:19> [WARN] SDK: UE-SeC 2016-12-18 14:15:19:538 Level[WARN] magic[3362781472 684]:PubEvt_Close Getting a socket[209] from the Socket-table Failed!
12-17 21:51:04.210  1795  2750 I HwLightsService: back light level before map = 188
12-18 14:10:51.687  5994  5994 D wpa_supplicant: CTRL_IFACE: GET_NETWORK id=2 name='wapi_psk'
12-17 19:33:02.538   835  2385 D fingerprintd: onAcquired(2001)
12-18 15:33:21.101  9017  9017 D WifiAddFragment: .handleEvent().NETWORK_STATE_CHANGED.DetailedState:CONNECTED
12-17 21:58:03.442   835  2385 D fpc_fingerprint_hal: workerFunction STATE_NAVIGATION
12-18 19:49:54.868  2852  2852 I HwSignalClusterView: apply hwPhoneState.mSubId:0 anyMobileVisible:false mIsAirplaneMode:false, mobileGroupVisible=true
12-18 17:31:09.262  1795 16498 I GnssLocationProvider: stopNavigating, mStarted=false
12-18 11:10:38.860  1795  1819 D NetworkManagement: notifyInterfaceClassActivity: client is com.android.server.connectivity.Tethering@ff4a50f
12-17 21:22:44.481  1795  1795 I MQoS    : onSignal: mSubId=1,currDataSubID=0
12-18 17:32:41.107  5224  5283 I SendBroadcastPermission: action:android.com.huawei.bone.NOTIFY_SPORT_DATA, mPermissionType:0
12-18 10:58:21.559  3180  3578 I ash     : Proxy wakelock uid = 10102 pid = 31949
12-17 20:31:48.175 24266 24266 I DownloadEpisodeAdapter: [qiyi_LOG_INFO DownloadEpisodeAdapter] loadImage
12-17 21:26:10.002   633 31870 I SDK     : 
12-18 14:14:06.866  3218  3234 W PhoneInterfaceManager: shouldBlockLocation running ...
12-17 21:30:21.781  1795  2323 E UsbDeviceManager: 	at android.os.UEventObserver$UEventThread.run(UEventObserver.java:187)
12-17 21:53:29.255  3608  3608 I InCall  : CallList - hasAnyLiveCall call = [Call_14, ACTIVE, [Capabilities: CAPABILITY_HOLD CAPABILITY_SUPPORT_HOLD CAPABILITY_MUTE CAPABILITY_CANNOT_DOWNGRADE_VIDEO_TO_AUDIO], children:[], parent:null, conferenceable:[], videoState:Audio Only, mSessionModificationState:0, VideoSettings:(CameraDir:-1)]
12-18 08:36:25.492  1795  2323 E UsbDeviceManager: Error reading charge file
12-18 10:40:56.052  1795  2380 D PowerManagerService: ready=true,policy=3,wakefulness=1,wksummary=0x0,uasummary=0x1,bootcompleted=true,boostinprogress=false,waitmodeenable=false,mode=false,manual=216,auto=-1,adj=0.0userId=0
12-18 19:50:03.019  2852  2852 I HwPhoneStatusBarTransitions: setBackgroundColor:new=0, old=0
12-17 19:31:58.236  2852  2852 I ToggleSlider:  mSeekListener onProgressChanged progress:2384 fromUser:false
12-18 17:41:28.814   816 17347 D DnsProxyListener: GetAddrInfoHandler addr: ss1.baidu.com {317, 917821, 10029} 183.232.22.33
12-17 22:40:05.503  3218  3218 D VideoCall_LowBattery: BatteryIntent received: android.intent.action.BATTERY_CHANGED
12-17 20:31:43.193 24266 24266 I qiyi_LifeCycle_LOG: [qiyi_LifeCycle_LOG]-PagerFragment in lifecycle: onAttach:推荐
12-17 19:50:30.929  1795  6986 D PowerManagerService: release:lock=237604388, flg=0x0, tag="WakerLock:49171226", name=com.tencent.mm", ws=null, uid=10105, pid=4634
12-18 12:55:53.317  7194  7208 I PushLog2824: [ReceiverDispatcher-336]jsonStr does not  have a mapping for app(android/null:-1)
12-17 19:31:56.260 31949 31967 I ECS     : WatchThread{4786} TcpClient.clearAll(TcpClient.java:240) ==================== TCP CLIENT CLEAR ALL ====================
12-18 09:01:03.063  2852  2852 D StepCounterView: onStepCounterChange stepsNum:1245
12-17 23:05:18.099  1795  1825 D AutomaticBrightnessController: ambient lux=19.0,timeStamp =455654462334000
12-18 01:26:21.555  3626  3626 E PTM.FileNodeInfo: getTempInfo error: null, 0
12-18 14:13:31.717  5994  5994 D wpa_supplicant: WPS: attr type=0x1011 len=8
12-18 17:54:39.285  1795  2323 E UsbDeviceManager: 	at android.os.UEventObserver$UEventThread.sendEvent(UEventObserver.java:210)
12-18 18:30:29.398  5224  5283 I SendBroadcastPermission: action:android.com.huawei.bone.NOTIFY_SPORT_DATA, mPermissionType:0
12-17 20:53:07.289   633 31870 I SDK     : <2016-12-17 20:53:07> [WARN] SDK: UE-SeC 2016-12-17 20:53:7:289 Level[WARN] magic[3362781472 684]:PubEvt_Close Getting a socket[237] from the Socket-table Failed!
12-18 09:10:58.440   633 28982 E SDK     : <2016-12-18 09:10:58> [ERR] SDK: UE-SeC 2016-12-18 9:10:58:440 Level[ERR] magic[2185759008 1992]:get =>FSM_Tool_CreateFileHandle error [-1000]
12-17 19:34:56.404  5215  5215 E wpa_supplicant: bssid=80:38:bc:0b:14:40;freq=2472;level=-79;flags=11;ssid=wlanaccessv2.0;
12-18 03:25:54.658  2852  2852 W HwLockScreenPanel: refreshBatteryInfo: null
12-18 14:14:10.609  2883  6521 I HwSystemManager: HoldService:PHONE_CODE_PERMISSION  is allowed  . packagename =  com.sankuai.meituanhd
12-18 09:35:06.673   935   935 E Parcel  : Reading a NULL string not supported here.
12-17 20:48:30.260  2852  2914 I HwMobileSignalController: updateSignalStrength: signalStrength=SignalStrength: -1 0 -1 255 -1 255 -1 255 255 19 -102 -8 54 2147483647 2147483647 false gw|lte
12-17 21:23:15.723  1795  6988 I ActivityManager_service: ServiceNeeded not bring down service:ServiceRecord{807cfe5 u0 euid: 0 com.qiyi.video/org.qiyi.pluginlibrary.pm.CMPackageManagerService}
12-18 14:10:29.390  1795  2737 I QosMonitor: postEventFromNative: msg=100,arg1=0,arg2=9
12-18 18:32:41.206  3180  3332 I PGServer: report state:2 event type:2 pid:2852 uid:10033 pkg:null to pid: 1795
12-17 21:28:23.535  2852  2852 I PhoneStatusBar: suspendAutohide
12-18 17:43:37.104  1795  3304 D GnssLocationProvider: svid: 19 cn0: 0.0 elev: 0.0 azimuth: 0.0   A
12-17 21:58:22.235  3608  3608 D InCall  : AnswerPresenter - onUiShowingfalse
12-17 23:09:44.166  2852  2852 D HwCustMobileSignalControllerImpl: sub =0,strMccMnc =null,hashMccMnc =[],strPlmn =hw_customized_networkType_entry
12-18 18:02:47.189   633 31870 I SDK     : <2016-12-18 18:02:47> [WARN] SDK: UE-SeC 2016-12-18 18:2:47:189 Level[WARN] magic[3362781472 684]:PubEvt_Close Getting a socket[206] from the Socket-table Failed!
12-18 09:26:03.920  5224  5224 I Step_LSC: 20002302|compensate received
12-18 08:17:14.322  2852  2852 I NotificationContentView: transferRemoteInputFocus: 0
12-18 15:35:57.136  1795  1837 W PackageManager: Unknown permission com.tencent.applink.sdk.permission.APPLINK_WRITE_PERMISSION in package com.sankuai.meituan
12-18 12:38:43.897  1795  1795 D HwConnectivityService: needSetUserDataEnabled enableInt = 1
12-18 17:42:40.206  3879  3879 D HwLauncher: Launcher.Settings  updateIconTitleSize after fontSize: 34.5
12-18 05:26:30.717  2883  2883 I HwSystemManager: ScheduleRecordPowerConsumeReceiver:onReceive: Action = com.huawei.hwsystemmanager.power.SCHEDULE_RECORD_REMAING_TIME_SCENE
12-18 17:06:50.864  1795  2323 E UsbDeviceManager: 	at android.os.UEventObserver$UEventThread.sendEvent(UEventObserver.java:210)
12-18 07:56:29.818   633 31868 I SDK     : 
12-18 17:51:42.817  1795 20747 D PowerManagerService: release:lock=7748061, flg=0x0, tag="hibernation", name=com.huawei.powergenie", ws=null, uid=1000, pid=3180
12-17 20:45:49.648  1795  1819 I SendBroadcastPermission: action:android.net.conn.DATA_ACTIVITY_CHANGE, mPermissionType:0
12-17 23:57:41.854   633 31870 I SDK     : <2016-12-17 23:57:41> [WARN] SDK: UE-SeC 2016-12-17 23:57:41:854 Level[WARN] magic[3362781472 684]:PubEvt_Close Getting a socket[33] from the Socket-table Failed!
12-17 21:48:30.184  2852  2852 W HwLockScreenPanel: Handle message: 4
12-17 19:31:56.619  2852  2852 D ReporterUtil:  e id:344 type:{pkg:com.android.incallui}
12-18 08:20:55.516  2852  2852 I HwSignalClusterView: apply hwPhoneState.mSubId:0 anyMobileVisible:false mIsAirplaneMode:false, mobileGroupVisible=true
12-18 14:08:32.190  5157  5157 W FlurryAgent: Continuing previous session
12-18 08:24:59.277  1795  2750 D HW_DISPLAY_EFFECT: presently, hw_update_color_temp_for_rg_led interface not achieved.
12-17 23:36:34.571  3858  4126 I amsnl   : m1: false
12-18 15:27:57.781  1795  2728 D wifi_tcp: state_smg
12-18 14:11:31.708  6009  6202 D SettingsLib.AccessPoint: buildSummaryActive detailState = CONNECTED, isNoInternetAccess = false, isNoHandoverNetwork = false, getNoInternetReason = 0
12-18 00:18:44.849  2852  2852 D HwCustMobileSignalControllerImpl: sub =0,strMccMnc =null,hashMccMnc =[],strPlmn =hw_mcc_mnc
12-17 23:57:42.229   633 14557 I SDK     : <2016-12-17 23:57:42> [NOTICE] SDK: UE-SeC 2016-12-17 23:57:42:228 Level[NOTICE] magic[2268936480 2487]:FSM_OpenFile => [END]
12-18 07:48:21.662   633 31867 I SDK     : <2016-12-18 07:48:21> [NOTICE] SDK: UE-SeC 2016-12-18 7:48:21:661 Level[NOTICE] magic[3368294688 1013]:s(0, 0),r(0, 0)in 20s;vsock(183790B, 14644B, 0, 0), sock(1231, 1269, 0, 0), times(44, 0, 282, 71), delay(0, 0)ms, m(0, 6144)KB, p:55264, s:55264, t(226, 1, 46275B, 75877B), u(0, 1, 242218B, 66814B), c(2500, 3387, 0, 0), e(97916, 2391)/(1954, 2391), k:107, d(882, 971), de(0), s(online, 2, 1), SSL(0), UDP(0), r_d(0), s_d(0), c_d(0), dur(2119 m), vs(0, 0, 0), sysFM(0 KB), ls(2570, 2570),bypass[0]:[0]
12-17 19:57:15.302  1795  3121 I NotificationManager: enqueueNotificationInternal: pkg=com.huawei.health id=10010 notification=Notification(pri=0 contentView=null vibrate=null sound=null defaults=0x0 flags=0x2 color=0x00000000 vis=PRIVATE)
12-17 20:31:06.757  1795  1795 I MQoS    : received cell-signal:5
12-18 07:51:53.069   633 31870 I SDK     : 
12-18 08:14:13.161  2852  2852 I StatusBarIconView: updateTint: tint=0
12-18 15:33:01.603 10530 10554 D HWDisplayEngine_JNI: get_version_and_time ret = 0, id = 4, versionArray = 
12-18 18:43:04.102  2852  2852 D HwCustMobileSignalControllerImpl: isCurrentBySim()=false
12-17 20:22:36.787  5224  5283 I Step_DataCache: 20002302|getTodayTotalSteps 6324
12-18 09:11:22.994  4492  4492 D CubicBezierInterpolator: CubicBezierInterpolator  mControlPoint1x = 0.23, mControlPoint1y = 0.06, mControlPoint2x = 0.09, mControlPoint2y = 0.97
12-18 14:11:12.243  5157  5157 I chromium: [INFO:CONSOLE(1)] "Uncaught SyntaxError: Unexpected token var", source:  (1)
12-17 21:51:50.379   835   835 D fpc_fingerprint_hal: fpc_get_authenticator_id
12-18 14:07:30.525   633 31870 I SDK     : 
12-17 20:23:22.097  3168 23396 D HwRepairHelper: update()   updated:  00
12-17 20:35:10.841  1795  3121 D PowerManagerService: acquire lock=198568639, flags=0x1, tag="RILJ_ACK_WL", name=com.android.phone, ws=null, uid=1001, pid=3218
12-17 21:01:09.930  1795  1795 I MQoS    : onSignal: mSubId=0,currDataSubID=0
12-18 07:56:39.162  1795  1795 D HuaweiWifiWatchdogStateMachine:  not in link monitoring mode, ignore TCP result .
12-17 19:32:26.867  2852  2852 I PhoneStatusBar: removeNotificationChildren
12-17 22:25:19.968  1795  2326 W HwFingerprintService: setLivenessSwitch:start
12-17 22:41:38.635   633 31870 I SDK     : 
12-17 21:26:13.180  5224  5283 I Step_HSNH: 20002302|upDateHealthNotification()|149|4.98|6988
12-18 16:01:38.483  2852  2852 I WindowBlurView: setProgress: 255
12-18 18:32:57.555  2852  2852 W DisabledFeatureUtils: Dis-Feature : 0
12-17 21:47:24.936  2852  2852 W StatusBarWindowManager: Apply window without WALLPAPER
12-17 23:18:09.247  1795  6988 D PowerManagerService: release:lock=256108280, flg=0x0, tag="RILJ_ACK_WL", name=com.android.phone", ws=null, uid=1001, pid=3218
12-17 20:32:15.679 24266 25011 I Utility : [qiyi_LOG_INFO Utility] isQiyiPackage ret:true
12-18 09:11:54.436  2852  2852 D HwCustMobileSignalControllerImpl: isCurrentBySim()=false
12-17 21:41:10.617   633 31870 I SDK     : 
12-18 00:12:44.542  1795  1806 D PowerManagerService: acquire lock=234067155, flags=0x1, tag="RILJ_ACK_WL", name=com.android.phone, ws=null, uid=1001, pid=3218
12-17 20:22:35.514  2852  2852 D HwCustMobileSignalControllerImpl: sub =0,strMccMnc =null,hashMccMnc =[],strPlmn =hw_show_4_5G_for_mcc
12-18 12:46:02.764 31949 31967 I TCP     : tcp.recv{4790} TcpClientThread.onRecv(TcpClientThread.java:522) tcp connection event TCP_CLOSED
12-18 00:22:30.865  2852  2852 I HwSignalClusterView: getOrInflateState subId:0
12-18 00:24:20.353  3879  3879 I HwLauncher: Launcher  Launcher.onStart() cost 39 ms
12-18 18:13:26.117  1795  1819 D NetworkManagement: notifyInterfaceClassActivity: client is android.net.INetworkManagementEventObserver$Stub$Proxy@c0acf8b
12-17 21:57:58.610  5224  5283 I SendBroadcastPermission: action:android.com.huawei.bone.NOTIFY_SPORT_DATA, mPermissionType:0
12-18 19:25:24.593  1795  2396 I MediaProcessHandler: processOp opType: 1, uid: 10020, pid: 21108
12-17 20:31:43.345 24368 24518 I System.out: [cat, /proc/uptime]
12-18 07:15:52.320  3180  4303 I AwareLog: MemoryRecoveryDMEPlugin: reportScene typeId = 2002
12-17 21:50:48.701  2883  4316 I HwSystemManager: HotlineInterceptionConfigs:enabled ? = true
12-17 21:57:58.270  1795  1795 I WindowManger_keyguard: Started waking up...
12-17 21:14:40.223 24266 24266 D seekbar : org.iqiyi.video.ui.ci.onProgressChanged()<-1> : 当前进度：1044280 缓冲大小:1639726 缓冲进度：2684006
12-18 15:41:42.013  3858  4126 I amsnl   : csr
12-17 19:31:36.280  2852  2852 I HwBrightnessController: updateSlider1 seekBarProgress:2167
12-18 07:29:38.000  3626  3754 I LogDatabase: msg = 14 received
12-18 19:50:15.122  1795  1795 I qti_sensors_hal: activate: handle is 0, en is 0
12-17 20:23:44.492  2852  2852 I EventCenter: EventCenter Get :android.com.huawei.bone.NOTIFY_SPORT_DATA
12-17 23:09:13.833  2852  2852 D NetWorkUtils: is3GCalling is false,mCdmaSlot is -1
12-18 10:46:10.894  3858  4126 I amsnl   : c: true, w: false, t: false, l: false
12-18 18:40:38.625  3382  3399 D QcrilMsgTunnelSocket: Broadcasting intent ACTION_RAC_CHANGED
12-17 20:18:53.110  2852  2852 D HwCustMobileSignalControllerImpl: isCurrentBySim()=false
12-17 20:45:54.953  1795 16501 D PowerManagerService: acquire lock=10247201, flags=0x1, tag="RILJ_ACK_WL", name=com.android.phone, ws=null, uid=1001, pid=3218
12-17 21:32:47.876  2852  3577 D KG_Policy: getRemainingChance 5
12-18 12:39:34.481  3879  3879 I HwLauncher: Launcher onResume()
12-17 20:31:48.100 24266 24266 I DownloadEpisodeAdapter: [qiyi_LOG_INFO DownloadEpisodeAdapter] loadImage
12-18 10:21:31.189  3168  3307 I CHR_ProtocolLogManager: faultID: 11 sub: 0
12-18 18:51:59.823  1795  2323 E UsbDeviceManager: java.io.FileNotFoundException: sys/class/hw_power/charger/charge_data/water_intrused (No such file or directory)
12-18 08:02:47.250  3180  3578 I ash     : Application com.baidu.input_huawei is depended by other app, delay to H!
12-18 18:11:04.763  1795  2376 I HwActivityManagerService: keyAppBroadcastQueueForIntent intent Intent { act=ALARM_ACTION(4492) flg=0x14 (has extras) } on bgkeyapp queue
12-18 19:50:40.925  2852  2852 I HwPhoneStatusBar: updateNotificationShade
12-18 17:56:17.638  2852  2852 W PanelView: set notification panel padding = 1675
12-17 22:26:31.400  3180  3578 I BlackListAlarmRestrict: [resume] net alarms
12-17 20:06:05.693  2852  2852 I StatusBarIconView: updateTint: tint=0
12-17 23:15:17.615  2852  2914 I HwMobileSignalController: updateSignalStrength: signalStrength=SignalStrength: -1 0 -1 255 -1 255 -1 255 255 18 -105 -9 76 2147483647 2147483647 false gw|lte
12-17 20:22:33.649  3879  5007 I HwLauncher: Launcher.LauncherProvider  launcher call - method:setAppBadgeCount arg:null extras:[app_shortcut_custom_id=[shortcut_c3a551c28e1ac387c29ec290c2b278c2aa62c3b1c284c3acc291117ec3adc3b9]][app_shortcut_class_name=com.tencent.mm.ui.LauncherUI][app_badge_count=0] uid =10105 pid =4492
12-18 00:24:11.547  2852  2852 I HwSignalClusterView: getOrInflateState subId:0
12-18 15:29:49.745   633  9940 I SDK     : 
12-17 19:31:39.961  2852  2852 I HwBrightnessController: updateSlider1 seekBarProgress:0
12-18 18:33:20.024  1795 16501 D PowerManagerService: release:lock=213739095, flg=0x0, tag="RILJ_ACK_WL", name=com.android.phone", ws=null, uid=1001, pid=3218
12-18 15:28:31.336  2852  2852 I PhoneStatusBar: suspendAutohide
12-18 09:17:50.789  1795  2736 E hwintelligencewifi: getCurrentCellid PHONE_TYPE_GSM cellidString = 46000172550247
12-18 02:35:09.038  3626  3770 I LSC_902500004: process buffer and get message
12-17 23:12:18.444  1795 15987 I ActivityManager_service: bindServiceLocked, r: ServiceRecord{22da4d9 u0 euid: 0 com.huawei.systemmanager/.util.content.HsmIntentService_bg}, euid: 0
12-17 21:32:39.696  3382  3399 D QcrilMsgTunnelSocket: Rcvd UNSOL response with 28 bytes data for SUB0
12-17 20:51:42.254   818  1086 E iMonitor: setTracingEnabled:0
12-18 16:01:08.932  2852  3556 I NetworkController.MobileSignalController(0): onSignalStrengthsChanged signalStrength=SignalStrength: -1 0 -1 255 -1 255 -1 255 255 23 -96 -9 162 2147483647 2147483647 false gw|lte level=5 isSuspend=false levelOld=1,mSignalStrength level=1
12-17 21:48:20.340  3218 13114 D PhoneInterfaceManager: [PhoneIntfMgr] getDataEnabled: subId=0 phoneId=0
12-18 14:15:17.916  5157  6780 W System.err: javax.net.ssl.SSLException: Read error: ssl=0xbc50b240: I/O error during system call, Software caused connection abort
12-18 07:57:06.506   835  2385 E libteec : begin
12-18 14:21:29.752  3218  3218 D QC_RIL_OEM_HOOK: Received Broadcast Intent ACTION_UNSOL_RESPONSE_OEM_HOOK_RAW
12-17 22:26:55.264  2852  2852 W HwPhoneLayoutInflater: onCreateView : ClassNotFoundException, In this case we want to let the base class take a crack at it
12-17 20:57:10.493  2852  2852 D HwCustMobileSignalControllerImpl: isCurrentBySim()=false
12-18 15:35:58.363  3879  3879 I HwLauncher: Workspace addAppToDesktop itemInfo=ShortcutInfo(title=美团) success=true isInstalled=true checkPage=1 mCoordinates=2,3 view=null
12-17 20:24:33.417  1795  2323 E UsbDeviceManager: java.io.FileNotFoundException: sys/class/hw_power/charger/charge_data/water_intrused (No such file or directory)
12-18 08:29:53.054  2852  2852 D HwCustMobileSignalControllerImpl: isCurrentBySim()=false
12-17 19:32:23.891  3858  4126 I amsnl   : t:false, fl: false, p: 2147483647000, ce: true, we: true
12-17 23:38:58.508  2852  2852 I PowerUI : buckets   .....15 .. 10 .. 5level          99 --> 100status         2 --> 5plugType       1 --> 1invalidCharger 0 --> 0bucket         1 --> 1plugged        true --> true
12-17 21:53:29.350  2852  2852 I StackScroller: generateAddAnimation:null, false
12-18 15:36:16.534  1795  2377 I AwareLog: AwareMem_EventTracker: [APP_ACTIVITY_FINISH_140576365] is abandoned for phone in active state
12-17 19:54:27.417  3626  3626 E PTM.FileNodeInfo: getTempInfo error: null, 0
12-18 10:52:06.940   827   542 I mm-camera: <MCT   >< INFO> 1008: mct_controller_handle_SOF_proc: mct_stream_send_ctrl_sof frameid=22 begin
12-18 09:35:17.794  7194  7208 I PushLog2824: [ReceiverDispatcher-336]init push bastet failed!(android/null:-1)
12-17 21:26:08.889  2852  2914 I HwMobileSignalController: subId:0 phoneType:1 networktype:16 targetClass:1 masterLevel:5 slaveLevel:-1
12-18 09:45:56.145  2852  2852 I HwSignalClusterView: setMobileDataIndicatorsHuawei subId:0 visible:true strengthIcon:2130839311 typeIcon:2130839195 contentDescription:手机信号满格。 typeContentDescription:4G isTypeIconWide:true showActivity:true activityIn:false activityOut:false isRoaming:false
12-18 07:56:33.566 31949 31967 I TCP     : tcp.conn{4787} TcpClientThread.connectSocket(TcpClientThread.java:360) notify user tcp connected successully at 45099 to uc.huawei.com:7801
12-18 17:31:09.276  5224  5283 I Step_ExtendStepDataManager: 20002302|compensate 24700891 16
12-18 17:47:38.389  1795  3341 E LocSvc_ApiV02: I/<--- void globalEventCb(locClientHandleType, uint32_t, const locClientEventIndUnionType, void *) line 114 QMI_LOC_EVENT_WIFI_REQ_IND_V02
12-18 15:32:55.484  2852  2852 I StackScrollAlgorithm: updateClipping isOverlap:true
12-17 23:18:13.523  3858  4126 I amsnl   : t:false, fl: false, p: 2147483647000, ce: true, we: false
12-18 14:15:20.393   633 31870 I SDK     : 
12-18 00:05:04.765  1795  3139 I AlarmManager: set(PendingIntent{cf421fc: PendingIntentRecord{b357085 com.tencent.mm broadcastIntent}}) : type=2 triggerAtTime=459511128 win=202499 tElapsed=459511128 maxElapsed=459713627 interval=0 flags=0x8
12-18 15:34:21.469  1795 16500 D PowerManagerService: release:lock=148264037, flg=0x0, tag="HttpsWakeLockHelper", name=com.huawei.systemmanager", ws=null, uid=1000, pid=10228
12-18 15:28:35.383  1795  2381 D libfingersense_wrapper: Calling fingersense_touch_up()
12-18 14:07:28.654  1046  1467 I APM_AudioPolicyManager: getOutputForAttr() attr usage=13 content=4 flags=0
12-18 19:45:42.416  1795  3110 I HwActivityManagerService: Split enqueueing broadcast [callerApp]:ProcessRecord{580cfb2 5224:com.huawei.health:DaemonService/u0a99}
12-17 20:59:26.869  1795  1819 D NetworkManagement: notifyInterfaceClassActivity: client is com.android.server.connectivity.Vpn$2@e40aefb
12-17 21:20:15.220  3858  4126 I amsnl   : m1: false
12-17 19:55:54.499   633 31874 E SDK     : 
12-17 20:33:50.844  2852  2914 I SimCardMethod: isCardAbsent slot:0 slotState:5
12-18 00:12:42.683  2852  2852 I HwSignalClusterView: apply hwPhoneState.mSubId:0 anyMobileVisible:false mIsAirplaneMode:false, mobileGroupVisible=true
12-17 22:09:17.885  3626  3626 E PTM.FileNodeInfo: getTempInfo error: null, 0
12-17 20:13:17.226  2852  2852 I BitmapUtils: 	at com.android.internal.os.ZygoteInit$MethodAndArgsCaller.run(ZygoteInit.java:941)
12-18 14:07:39.646  2883  2895 I HwSystemManager: HoldService:locationInfo switch is on . pid = 5157
12-18 19:25:29.265  2852  2852 I HwBrightnessUtils: APS brightness=32.0,ConvertToPercentage=0.2956818
12-18 09:06:01.975   633   692 I TCP     : tcp.conn{4485} TcpClientThread.onSocketUnreachable(TcpClientThread.java:386) unreachable to 45.249.213.63:7801
12-17 22:31:45.817  2852  2852 I HwMobileSignalController: notifyListenerHuawei::origin typeIcon:2130839195 icons.mName:4G isSuspend:false, showDataIcon=true, dataConnected=true, isRoaming=false
12-17 22:05:42.832  1795  1821 I ActivityManager_activity: windowsVisibleLocked(): ActivityRecord{b46dc67 u0 com.android.incallui/.InCallActivity t310} idle: true
12-17 23:08:17.243  1795  2381 D libfingersense_wrapper: Calling fingersense_classify_touch()
12-18 15:33:39.377 24551 24551 E HW-JPEG-DEC: [HME_JPEG_DEC_Delete](3298): HME_JPEG_DEC_Delete: decoder_ctx=null
12-18 19:50:15.278  2852  2852 W HwKeyguardPolicy: KGSvcCall updateKeyguardState 1->1; false false
12-17 21:27:04.809  2852  2914 I HwMobileSignalController: subId:0 phoneType:1 networktype:16 targetClass:1 masterLevel:5 slaveLevel:-1
12-18 14:07:28.701 25067  4950 W ContextImpl: Calling a method in the system process without a qualified user: android.app.ContextImpl.startService:1527 android.content.ContextWrapper.startService:613 com.huawei.androidcommon.utils.ComponentUtils.startOrStopService:28 com.huawei.betaclub.receiver.utils.ReceiverUtils.launchNotificationPollService:129 com.huawei.betaclub.receiver.receiver.UserPresentReceiver.onReceive:23 
12-17 22:57:00.392  3782  7796 V AudioManager: isWiredHeadsetOn...
12-18 11:11:06.868   633 31870 I SDK     : <2016-12-18 11:11:06> [WARN] SDK: UE-SeC 2016-12-18 11:11:6:867 Level[WARN] magic[3362781472 684]:PubEvt_Close Getting a socket[173] from the Socket-table Failed!
12-18 17:32:26.144  4492  4492 I 2DSDR   : APS: 2DSDR: AbsListView.FlingRunnable.run(), SDR ratio = 1.0, layer height = 1920, scroll view height = 1440
12-18 17:31:37.008  1795 11747 I SendBroadcastPermission: action:android.intent.action.SIG_STR, mPermissionType:0
12-18 08:19:14.292  2852  2852 I HwSignalClusterView: getOrInflateState subId:0
12-17 21:27:20.783  2852  2852 I HwPhoneStatusBar: setBarState:1
12-18 00:18:17.698  2852  3556 D NetworkController.MobileSignalController(0): mSimSubId:0 onDataActivity: direction=3
12-18 15:42:20.973  3382  3399 D QcrilMsgTunnelSocket: Rcvd UNSOL response with 28 bytes data for SUB0
12-17 22:30:35.539   633 31870 I SDK     : <2016-12-17 22:30:35> [WARN] SDK: UE-SeC 2016-12-17 22:30:35:539 Level[WARN] magic[3362781472 684]:PubEvt_Close Getting a socket[58] from the Socket-table Failed!
12-17 19:57:04.969   606  2379 E libteec : receive data len = 128
12-17 21:26:55.057  1795  3110 I NotificationManager: onNotificationExpansionChanged called
12-17 20:13:17.642  3168  3168 I CHR_ChrVolteStatisticInfoUtil: chrVolteStatisticInfo: mCount=0, mAvgValue=0, mMaxValue=0, mMinValue=0
12-17 21:23:15.660 24266 24266 I tips    : [qiyi_LOG_INFO tips] con:dismissTipsJoinAction: start
12-18 14:14:15.105  1795  3304 V GnssLocationProvider: SV count: 25
12-18 19:52:08.373  1795  1806 I HwActivityManagerService: Split enqueueing broadcast [callerApp]:ProcessRecord{580cfb2 5224:com.huawei.health:DaemonService/u0a99}
12-18 13:01:51.006  1795  3111 I HwActivityManagerService: Split enqueueing broadcast [callerApp]:ProcessRecord{24cdca7 3218:com.android.phone/1001}
12-17 20:12:38.416  5224  5283 I Step_ExtendStepDataManager: 20002302|before compensate: cache step_5737
12-18 00:00:50.549   633 31870 I SDK     : <2016-12-18 00:00:50> [WARN] SDK: UE-SeC 2016-12-18 0:0:50:549 Level[WARN] magic[3362781472 684]:PubEvt_Close Getting a socket[80] from the Socket-table Failed!
12-18 18:28:13.337  2852  2852 I StatusBar: onNotificationPosted: StatusBarNotification(pkg=com.sankuai.meituan user=UserHandle{0} id=2147483647 tag=null key=0|com.sankuai.meituan|2147483647|null|10146: Notification(pri=0 contentView=null vibrate=null sound=null defaults=0x0 flags=0x62 color=0x00000000 vis=PRIVATE)) important=2, post=1482056893331, when=1482056893329, vis=0, userid=0
12-18 07:57:54.294  2852  2852 I PanelView: instantCollapse
12-18 12:08:12.494  3168  3369 E CHR_CenumENCSubEventId: set ordinal Value failed! name is not in the enum map, name = ChrVolteStatisticInfo
12-17 23:10:21.055   633   692 I ECS     : pool-1-thread-1{4483} XmlMsg.encodeBuf(XmlMsg.java:215) SEND 144 bytes [16]_00_00_00_8C_00_03_01_03_13_05_89_20_93_18_28_DF cmdCode(CC_SetPersonalState.0x0313)msgType(MT_ARG.1)msgClass(MC_InstanceMessage.3)sender(ST_Mobile.0)crypted(true)zipped(false)nobase64(true)length(140)version(3)sno(8920)
12-18 10:46:12.945  1795  1806 I ActivityManager_broadcast: Enqueueing ordered broadcast[background] BroadcastRecord{d248cd1 u0 com.tencent.mm.plugin.openapi.Intent.ACTION_HANDLE_APP_REGISTER}: prev had 0
12-18 19:49:54.237  1795  1795 D HwCHRWifiCellID: onServiceStateChanged, state is 0 1 voice home data home 中国移动 中国移动 46000 中国移动 中国移动 46000  GSM Unknown CSS not supported -1 -1 RoamInd=-1 DefRoamInd=-1 EmergOnly=false IsDataRoamingFromRegistration=false
12-18 09:11:10.583  2852  2852 I HwSignalClusterView: setMobileDataIndicatorsHuawei subId:0 visible:true strengthIcon:2130839311 typeIcon:2130839195 contentDescription:手机信号满格。 typeContentDescription:4G isTypeIconWide:true showActivity:true activityIn:true activityOut:true isRoaming:false
12-17 22:30:37.546   633 31868 E SDK     : .
12-18 17:33:05.691  1795 20747 W ActivityManager: getRunningAppProcesses: caller 10105 does not hold REAL_GET_TASKS; limiting output
12-18 13:01:05.906  2883  3354 I HwSystemManager: RemainingTimeSceneHelper:updateTimeSceneData,temp_date= 1481990400 temp_number= 78 temp_recordtype= two_holiday
12-18 17:41:07.918  3858  4126 I amsnl   : t:false, fl: false, p: 2147483647000, ce: true, we: false
12-17 21:11:29.273   633 31867 I SDK     : <2016-12-17 21:11:29> [NOTICE] SDK: UE-SeC 2016-12-17 21:11:29:273 Level[NOTICE] magic[3368294688 1013]:s(0, 0),r(0, 0)in 20s;vsock(147293B, 11657B, 0, 0), sock(920, 968, 0, 0), times(37, 0, 213, 62), delay(0, 0)ms, m(0, 6144)KB, p:42664, s:42664, t(164, 1, 35313B, 55546B), u(0, 0, 191168B, 51824B), c(2401, 2549, 0, 0), e(75098, 1780)/(1454, 1780), k:81, d(642, 730), de(0), s(online, 2, 1), SSL(0), UDP(0), r_d(0), s_d(0), c_d(0), dur(1482 m), vs(0, 0, 0), sysFM(0 KB), ls(1931, 1931),bypass[0]:[0]
12-18 19:25:16.490   633 31870 I SDK     : <2016-12-18 19:25:16> [WARN] SDK: UE-SeC 2016-12-18 19:25:16:490 Level[WARN] magic[3362781472 684]:PubEvt_Close Getting a socket[4] from the Socket-table Failed!
12-17 22:40:37.563  1795  2665 D NetdConnector: RCV <- {613 IfaceClass active 0 454173919906505 10102}
12-18 19:01:10.900   633 23973 I SDK     : <2016-12-18 19:01:10> [NOTICE] SDK: UE-SeC 2016-12-18 19:1:10:900 Level[NOTICE] magic[2057894176 3485]:Begin to get user info
12-18 17:41:09.403  1795 16499 D PowerManagerService: ready=true,policy=3,wakefulness=1,wksummary=0x1,uasummary=0x1,bootcompleted=true,boostinprogress=false,waitmodeenable=false,mode=true,manual=33,auto=-1,adj=0.0userId=0
12-18 15:38:58.271  1795  1795 I WifiProJNI: ######### GET RTT:3 ########
12-17 20:33:39.670  2852  2914 I HwMobileSignalController: subId:0 phoneType:1 networktype:13 targetClass:3 masterLevel:5 slaveLevel:-1
12-18 00:18:36.800  2852  3556 I NetworkController.MobileSignalController(0): onDataActivity: direction=3
12-17 23:33:57.268  1795  1795 I MQoS    : rtt=360,tcp_tx_pkts=1485554,tcp_rx_pkts=1771325
12-18 15:38:39.360  3858  4126 I amsnl   : t:false, fl: false, p: 2147483647000, ce: true, we: true
12-17 20:01:32.327 10324 10324 D MagicLink: MagicLink2-BroadcastReceiver:====>NETWORK_STATE_CHANGED_ACTION
12-18 07:32:19.252   802   802 E Thermal-daemon: [Thermal_Hw] temperature_valid, battery : temperature is invalid, invalid temperatrue is 24
12-17 21:52:48.158  1795  1795 D HwConnectivityService: mIntentReceiver begin
12-17 23:00:58.107   633 31870 I SDK     : 
12-18 05:26:30.513  3218  3517 I QImsService: ImsSenderRxr : Ims registrationorg.codeaurora.ims.ImsQmiIF$Registration@568594e[SUB0]
12-18 08:36:07.159  2852  2852 D HwCustMobileSignalControllerImpl: isCurrentBySim()=false
12-18 19:49:54.522  1795  3238 I AlarmManager: remove(PendingIntent{d9c702b: PendingIntentRecord{a0dcf42 com.android.phone broadcastIntent}}) changed bounds; rebatching
12-18 10:52:45.701  3858  4126 I amsnl   : m1: false
12-17 21:23:14.494 24266 24266 I QiyiDownloadManager: com.iqiyi.video.download.g.com2.e()<-1> : checkActionModule:4194304
12-17 21:13:57.167 24266 24266 V chaunce : org.iqiyi.video.vote.b.aux.a()<-1> : checkVoteShowTime-->1001103
12-17 23:13:07.711  1795  2665 D NetdConnector: RCV <- {613 IfaceClass active 0 456124073682168 10105}
12-17 22:47:18.435  1795  1808 I ActivityManager_broadcast: dispatch ordered broadcast [foreground] BroadcastRecord{c6af050 u-1 android.intent.action.TIME_TICK}, has 9 receivers
12-17 23:56:19.184  1795  3975 E LocSvc_libulp: I/===> int ulp_brain_turn_onoff_dr_provider() line 848 
12-18 10:55:35.880  3218  3218 D QC_RIL_OEM_HOOK: Received Broadcast Intent ACTION_UNSOL_RESPONSE_OEM_HOOK_RAW
12-18 09:17:28.333 31949 31967 I eSpaceService: WatchThread{4786} TcpCirChannel.connect(TcpCirChannel.java:219) Connect to server  address = [uc.huawei.com,]  port = 7801
12-18 07:39:58.312  1795  1795 D WifiProJNI: send_cmd_kernel: cmd=1
12-18 08:42:52.143   633 31868 I SDK     : <2016-12-18 08:42:52> [NOTICE] SDK: UE-SeC 2016-12-18 8:42:52:143 Level[NOTICE] magic[3365677344 5474]:Change the status to [2]!
12-18 15:34:16.067  1795  1837 I ActivityManager: new Process app=ProcessRecord{ac626bd 0:com.android.defcontainer/u0a1}, name: com.android.defcontainer, euid: 0
12-17 21:32:52.987  2852  2852 E KeyguardUpdateMonitor: isSimPinSecure mSimDatas is null or empty 
12-18 14:12:35.214  1795  1795 I MQoS    : rtt=600,tcp_tx_pkts=1502277,tcp_rx_pkts=1781237
12-18 14:12:23.489  5157  5157 I chromium: [INFO:CONSOLE(1)] "Uncaught ReferenceError: WebViewJavascriptBridge is not defined", source:  (1)
12-18 15:33:23.199  1795  3110 W ActivityManager: getRunningAppProcesses: caller 10105 does not hold REAL_GET_TASKS; limiting output
12-18 14:07:29.675  2883  3125 I HwSystemManager: StartupResidentService:InnerHandler Message:7
12-17 21:26:49.968  2852  2852 I BackgrounCallingLayout: mCallingStatusReceiver:onReceive::action=InCallScreenIsForegroundActivity, isForegroundActivity=true, mPhoneState=2
12-18 08:15:08.727  1795  2666 I SendBroadcastPermission: action:com.android.server.action.NETWORK_STATS_UPDATED, mPermissionType:0
12-17 20:32:26.843 24266 24266 V chaunce : org.iqiyi.video.vote.b.aux.a()<-1> : checkVoteShowTime--hideVoteView
12-18 11:44:08.356  2852  2852 W StatusBarWindowManager: Apply window without WALLPAPER
12-18 14:12:07.842  5157  5157 W cr_BindingManager: Cannot call determinedVisibility() - never saw a connection for the pid: 5157
12-17 23:29:06.280  1795  2377 I RMS.MemoryFragReader: invoke the getBuddyInfoLines method
12-18 08:08:01.667  2883  3125 I HwSystemManager: StartupResidentService:InnerHandler Message:7
12-17 19:55:49.330  1795 11745 I HwActivityManagerService: keyAppBroadcastQueueForIntent intent Intent { act=com.tencent.mm.ui.ACTION_ACTIVE flg=0x10 (has extras) } on bgkeyapp queue
12-18 15:37:18.468  3218  8966 W PhoneInterfaceManager: shouldBlockLocation running ...
12-17 19:31:44.709  1795  1825 I WindowManger_keyguard: Setting mDismissKeyguard true by win Window{e6a6b5e u0 com.android.incallui/com.android.incallui.InCallActivity}
12-18 08:15:09.513  1795  2671 I SendBroadcastPermission: action:android.net.wifi.WIFI_STATE_CHANGED, mPermissionType:0
12-18 11:27:10.559   633 31870 I SDK     : 
12-18 12:49:51.952  1795 16501 D PowerManagerService: ready=true,policy=0,wakefulness=0,wksummary=0x1,uasummary=0x0,bootcompleted=true,boostinprogress=false,waitmodeenable=false,mode=true,manual=33,auto=-1,adj=0.0userId=0
12-17 22:31:12.428  2852  2914 I HwMobileSignalController: subId:0 phoneType:1 networktype:13 targetClass:3 masterLevel:4 slaveLevel:-1
12-17 20:59:05.592  1795  5350 I MQoS    : MSG_QUERY_TCP_INFO called,count:205
12-18 19:53:39.883  2852  2852 I PhoneStatusBar: removeNotificationChildren
12-18 10:52:07.577   808   547 D [HWCamera] IppAlgoSmartAE: int android::IppAlgoSmartAE::doSmartAEAlgo(unsigned char *, void *, int, int, int), saturationCompValid = 256
12-17 21:18:10.367 24802 24802 I nativeProcess: iqiyi message: ==== do something  executeCmd isProcessExist true =====
12-17 22:30:32.479  1795  1795 I NotificationManager: cancelNotificationLocked,remove =com.android.incallui
12-17 23:11:53.740  1795 17831 D PowerManagerService: acquire lock=15092242, flags=0x1, tag="RILJ_ACK_WL", name=com.android.phone, ws=null, uid=1001, pid=3218
12-18 15:27:44.836  2852  2852 W HwLockScreenPanel: Handle message: 10
12-18 17:47:54.130  1795  1819 D NetworkManagement: notifyInterfaceClassActivity: client is com.android.server.net.NetworkStatsService$6@5d6efc
12-18 04:26:28.709  3168  3369 I CHR_ChrLogService: msg = 1 received
12-18 15:33:33.800  1795 15988 I AlarmManager: remove(PendingIntent{e3a672b: PendingIntentRecord{8f3788 com.huawei.intelligent broadcastIntent}}) changed bounds; rebatching
12-17 23:05:39.752  2852  2852 D HwCustMobileSignalControllerImpl: isCurrentBySim()=false
12-18 19:49:53.828  1795  2381 E FingerprintNavigation: keycode is : 66
12-17 20:13:17.326  1795  1795 D DeviceIdleController: becomeInactiveIfAppropriateLocked()
12-18 07:15:21.817  1795  1825 I PowerManager_screenOn: DisplayPowerController updatePowerState mPendingRequestLocked=policy=BRIGHT, useProximitySensor=false, useProximitySensorbyPhone=true, screenBrightness=33, screenAutoBrightnessAdjustment=0.0, brightnessSetByUser=true, useAutoBrightness=true, blockScreenOn=false, lowPowerMode=false, boostScreenBrightness=false, dozeScreenBrightness=-1, dozeScreenState=UNKNOWN, useTwilight=false, useSmartBacklight=true, brightnessWaitMode=false, brightnessWaitRet=true, screenAutoBrightness=-1, userId=0
12-17 21:52:31.309  1795  2377 I AwareLog: AwareMem_EventTracker: [POLLING_TIMEOUT_127463156] is abandoned for memory low 907052 but policy can not execute
12-18 19:49:59.883 26095 26114 I HwIntelligent3_BaseAlarmModule: module OVERTIME_REMINDER alarm type : 0 repeating : false interval : -1 trigger : 2016-12-19 20:44:27 isMissed : false
12-18 19:26:42.343  1795  2323 E UsbDeviceManager: Error reading charge file
12-18 19:53:49.397  2852  2852 I HwBrightnessController: onChange selfChange:false uri.toString():content://settings/system/screen_auto_brightness mIsObserveAutoBrightnessChange:true
12-18 08:18:38.882  3879  4071 I HwLauncher: BadgeContentObserver  getBadgeNumber: 0 mComponentName :ComponentInfo{com.tencent.mm/com.tencent.mm.ui.LauncherUI}
12-18 15:46:02.650   816 14203 D DnsProxyListener: GetAddrInfoHandler addr: uc.huawei.com {316, 917820, 10102} 45.249.213.63
12-18 18:29:20.532  2852  2852 I HwSignalClusterView: getOrInflateState subId:0
12-17 21:23:15.184 25080 30196 E sql_check_for_stuck: 
12-18 14:12:48.500  5157  5157 I chromium: [INFO:CONSOLE(1)] "Uncaught ReferenceError: WebViewJavascriptBridge is not defined", source:  (1)
12-17 22:02:02.247  3626  3626 I HourObserver: enter into handleScrnOnOffTimeStats, scrnOn = false, mIsPreScrnOn = true, mScrnSwitchTime = 1481983321540, occurTime = 1481983322245, delta = 705, mScrnOffAccTime = 116390, mScrnOnAccTime = 4462
12-18 10:45:13.890  1795  2736 E hwintelligencewifi: getCurrentCellid type type = PHONE_TYPE_GSM
12-17 20:13:12.715  2852  2852 I PhoneStatusBar: resumeSuspendedAutohide
12-17 23:25:08.868  1795  2750 D HW_DISPLAY_EFFECT: presently, hw_update_color_temp_for_rg_led interface not achieved.
12-17 20:19:29.856  3218  3218 I SendBroadcastPermission: action:org.codeaurora.VOIP_VOPS_SSAC_STATUS, mPermissionType:0
12-18 19:43:24.512  2852  2852 I StatusBarIconView: updateTint: tint=0
12-18 00:15:37.549  1795  2381 D libfingersense_wrapper: Calling fingersense_classify_touch()
12-18 14:07:29.257  2852  2852 D HwCustMobileSignalControllerImpl: isCurrentBySim()=false
12-18 14:25:39.239  3218  3218 D QC_RIL_OEM_HOOK: Received Broadcast Intent ACTION_UNSOL_RESPONSE_OEM_HOOK_RAW
12-17 19:59:06.987  5224  5283 I Step_ExtendStepDataManager: 20002302|compensate 24699599 3
12-18 15:36:07.116  1795 15988 D HwActivityManagerService: handleANRFilterFIFO,uid = 10146cmd = 1
12-18 07:39:56.343  2852  2852 D HwCustMobileSignalControllerImpl: sub =0,strMccMnc =null,hashMccMnc =[],strPlmn =hw_show_4_5G_for_mcc
12-18 17:02:10.927  3626 15040 D PTM.BatteryStats: start: 2016-12-18 17:02:10
12-17 20:14:41.365  2852  2852 I StackScrollAlgorithm: updateClipping isOverlap:false
12-17 23:05:15.689   835  2385 E libteec : begin
12-18 12:38:43.460  3382  3399 D QcrilMsgTunnelSocket: readRilMessage: Buffer = [B@204bb9f HexData = [010000000404000012000000514f454d484f4f4b1d04080002000000ffff]
12-18 14:12:03.191  5994  5994 E wpa_supplicant: RSSI=-62;LINKSPEED=72;NOISE=9999;FREQUENCY=2462;
12-17 23:38:49.616  3879  3879 I HwLauncher: UnreadContentObserver  handle update icon message
12-17 22:21:06.324  1795  1819 D NetworkManagement: notifyInterfaceClassActivity: client is com.android.server.ConnectivityService$1@e0f099c
12-18 14:12:07.213  5157  5157 W cr_BindingManager: Cannot call determinedVisibility() - never saw a connection for the pid: 5157
12-17 21:27:20.756  3218  4070 E HW-JPEG-DEC: [HME_JPEG_DEC_Delete](3298): HME_JPEG_DEC_Delete: decoder_ctx=null
12-18 15:35:33.265 10334 10334 D wpa_supplicant: Beacon IEs - hexdump(len=205): 00 1c e6 83 b3 e8 bf 9e 77 69 66 69 ef bc 8c e8 87 a3 e5 a6 be e5 81 9a e4 b8 8d e5 88 b0 01 08 ...
12-18 09:01:03.557   802   802 E Thermal-daemon: [Thermal_Hw] temperature_valid, battery : temperature is invalid, invalid temperatrue is 30
12-18 15:43:02.186  1795  2381 D libfingersense_wrapper: fingersense_touch_up() finished
12-17 21:26:42.006  2852  2852 I EventCenter: EventCenter Get :android.com.huawei.bone.NOTIFY_SPORT_DATA
12-18 14:11:32.661  1795  1795 D Telecom : NumberMarkController: findNumberMark mPhoneNumbers.size() = 0
12-18 09:46:03.321   633 31870 I SDK     : 
12-17 20:47:54.962  1795  1806 D PowerManagerService: acquire lock=2494932, flags=0x1, tag="RILJ_ACK_WL", name=com.android.phone, ws=null, uid=1001, pid=3218
12-17 23:13:48.519   633 31868 I SDK     : <2016-12-17 23:13:48> [NOTICE] SDK: UE-SeC 2016-12-17 23:13:48:519 Level[NOTICE] magic[3365677344 6458]:FSM_Tool_TreatFolderEncEx => [START]: pcFileName [anyofficeKeyspaceUserLastLogintime_w00290667] 
12-18 00:05:59.466 15212 15228 I AppLogManager: PrintWoker poll timeout , shutdown
12-18 17:30:13.069  2852  2852 I HwNavigationBarTransitions: transitionTo:mode=2, isEmuiStyle=false
12-18 14:41:01.423  2852  2852 D DateTimeView: Change to single clock mode!
12-17 19:35:53.712  2852  2852 I PhoneStatusBar: resumeSuspendedAutohide
12-18 16:11:49.429  3168  3307 E         : ######  output 1
12-18 00:16:53.757  2852  2852 D HwCustMobileSignalControllerImpl: sub =0,strMccMnc =null,hashMccMnc =[],strPlmn =hw_customized_networkType_entry
12-18 08:27:01.348  2852  2852 D HwCustMobileSignalControllerImpl: sub =0,strMccMnc =null,hashMccMnc =[],strPlmn =hw_show_lte
12-17 21:48:21.109  2852  2852 D HwCust  : Create obj success use class android.app.HwCustNotificationImpl
12-17 21:20:41.302   633 31868 E SDK     : 
12-17 21:34:31.184  2852  2852 D HwCustMobileSignalControllerImpl: isCurrentBySim()=false
12-18 00:32:56.032  3168  3307 E CHR_QcomModemInfoCollector: getModemInfoDo, fetch len error
12-18 08:15:08.926 25329 25329 D wpa_supplicant: pmf=1
12-17 21:07:34.906  1795  3884 W ActivityManager: getRunningAppProcesses: caller 10102 does not hold REAL_GET_TASKS; limiting output
12-17 22:36:05.724   606  2379 E libteec : send data return = 128
12-18 17:38:22.959  1795  2326 W HwFingerprintService: NEED_LIVENESS_AUTHENTICATION = 0
12-18 09:45:18.391  2852  2852 D StatusBar: reusing notification for key: 0|com.huawei.health|10010|null|10099
12-17 23:12:24.913  1795  1819 D NetworkManagement: notifyInterfaceClassActivity: client is com.android.server.net.NetworkPolicyManagerService$13@4df0feb
12-18 15:35:01.022 11632 11632 E HW-JPEG-DEC: [HME_JPEG_DEC_Delete](3298): HME_JPEG_DEC_Delete: decoder_ctx=null
12-18 15:36:05.189  2883  3876 I HwSystemManager: PermissionDbVisitor:insertHistoryRecord:HistoryRecord[packageName:com.sankuai.meituan,permissionType:8,action:11,dateStartTime:1481990400000,timestamp:1482046565189]
12-17 21:23:04.621 24266 24266 I DownloadEpisodeAdapter: [qiyi_LOG_INFO DownloadEpisodeAdapter] setEpisodeTitle
12-18 15:27:57.781  1795  2728 D HwArpVerifier: AccessWebStatus : reset all
12-17 19:58:33.691  5215  5215 D wpa_supplicant: EAPOL: txSuppRsp
12-18 17:39:39.839  1795  1795 D WifiProJNI: send_cmd_kernel: cmd=1
12-18 09:14:33.817  2852  2852 I HwPhoneStatusBar: updateNotificationShade
12-18 08:20:05.772  2852  2852 I HwSignalClusterView: setMobileDataIndicatorsHuawei subId:0 visible:true strengthIcon:2130839311 typeIcon:2130839197 contentDescription:手机信号满格。 typeContentDescription:LTE isTypeIconWide:true showActivity:true activityIn:false activityOut:false isRoaming:false
12-18 17:32:50.973  1795  1809 I WindowManager: rotationForOrientationLw(orient=1, last=0); user=0 
12-18 12:39:09.685  2852  2852 D HwCustMobileSignalControllerImpl: isCurrentBySim()=false
12-17 21:10:56.214  1795  5350 I MQoS    : MSG_QUERY_TCP_INFO called,count:276
12-18 15:36:32.944 10334 10334 D wpa_supplicant: WPS: attr type=0x1024 len=6
12-18 09:10:57.960  3626  3626 E PTM.FileNodeInfo: getTempInfo error: null, 0
12-18 14:07:30.075  1795  1806 I AlarmManager: remove(PendingIntent{aaa43a1: PendingIntentRecord{70aec15 com.tencent.mm broadcastIntent}}) changed bounds; rebatching
12-17 22:08:02.067  3782  3721 V AudioManager: isWiredHeadsetOn...
12-18 00:04:15.303  2852  2852 D HwCustMobileSignalControllerImpl: isCurrentBySim()=false
12-17 21:30:19.473  2852  2914 I HwMobileSignalController: subId:0 phoneType:1 networktype:13 targetClass:3 masterLevel:5 slaveLevel:-1
12-18 10:51:55.842  1795  3077 I GnssLocationProvider: disableGps:false  isEnabled()=true
12-18 12:39:33.648  1795  6985 V HwWindowManagerService: setFocusedApp update app ops, mTaskChanged set to:false
12-18 17:30:14.305   633   692 I TCP     : msg.recv{4490} TcpClientThread.onRecv(TcpClientThread.java:515) TCP Msg 44TCP_OK
12-17 19:58:33.251  5215  5215 D wpa_supplicant: CTRL-DEBUG: ctrl_sock-sendmsg: sock=16 sndbuf=229376 outq=0 send_len=42
12-18 15:36:03.486  1795  3139 D HwActivityManagerService: handleANRFilterFIFO,uid = 10146cmd = 0
12-18 17:42:53.487   633 31867 I SDK     : <2016-12-18 17:42:53> [NOTICE] SDK: UE-SeC 2016-12-18 17:42:53:487 Level[NOTICE] magic[3368294688 1896]:AnyOffice_IsTunnelAvailable: TLS Tunnel is available!
12-17 23:25:07.417  2852  2852 D NetWorkUtils: mVSimCurCardType is -1
12-18 04:01:15.967   818  1152 I logserver: handle_exception_events enter
12-18 15:39:18.401  1795  2381 D libfingersense_wrapper: Calling fingersense_classify_touch()
12-17 23:10:17.163   633 31870 I SDK     : <2016-12-17 23:10:17> [WARN] SDK: UE-SeC 2016-12-17 23:10:17:163 Level[WARN] magic[3362781472 684]:PubEvt_Close Getting a socket[187] from the Socket-table Failed!
12-18 15:32:58.681  9017  9017 D CubicBezierInterpolator: CubicBezierInterpolator  mControlPoint1x = 0.23, mControlPoint1y = 0.06, mControlPoint2x = 0.09, mControlPoint2y = 0.97
12-18 14:11:51.388  1795  3247 D HwActivityManagerService: handleANRFilterFIFO,uid = 10113cmd = 0
12-18 12:39:05.667  2852  2852 D HwCustMobileSignalControllerImpl: sub =0,strMccMnc =null,hashMccMnc =[],strPlmn =hw_hspap_show_4g
12-18 14:07:33.315  5157  5157 W nalizableReferenceQueue: Could not load Finalizer in its own class loader. Loading Finalizer in the current class loader instead. As a result, you will not be able to garbage collect this class loader. To support reclaiming this class loader, either resolve the underlying issue, or move Google Collections to your system class path.
12-18 18:26:10.921  1795  2380 I PowerManager_screenOn: PowerManagerNotifier onUserActivity: event=2, uid=1000
12-17 21:51:00.997  3608  3608 I InCall  : VideoCallFragment - onResume
12-18 07:42:00.236  1046  1125 D hardware_info: hw_info_append_hw_type : device_name = speaker
12-17 23:48:39.350  2852  2852 W HwLockScreenPanel: createLockScreenView when reset
12-17 19:55:46.954   606  2379 E libteec : qsc_send_cmd finish
12-17 20:32:17.493 24266 24312 I Utility : [qiyi_LOG_INFO Utility] isQiyiPackage PackageName:com.qiyi.video
12-18 10:55:19.958  1795  2750 I HwLightsService: back light level before map = 0
12-17 23:32:50.997   633 31868 I SDK     : 
12-17 20:31:00.887  5224  5224 I Step_LSC: 20002302|logicalDealBroadcastEvent : Intent { act=android.intent.action.SCREEN_ON flg=0x50000010 }
12-17 20:18:54.455   606  2379 E libteec : qsc_send_cmd finish
12-18 15:36:26.586  1795  2671 V HwWifiServiceFactory: get AllImpl object = com.android.server.wifi.HwWifiServiceFactoryImpl@c332618
12-18 10:52:09.649  1046  1131 V SRS_Routing: ResolveRoute 1: 2 2
12-18 14:12:43.003  5157  5157 I chromium: [INFO:CONSOLE(1)] "Uncaught SyntaxError: Unexpected token var", source:  (1)
12-18 15:33:07.497  1795  2381 D libfingersense_wrapper: Calling fingersense_classify_touch()
12-18 10:52:07.111   808   547 D QCameraParameters: int qcamera::QCameraParameters::getRealGain(const void*, float*) const real_gain = 1.477753
12-17 23:21:50.698  2852  2852 D NetWorkUtils: is3GCalling is false,mCdmaSlot is -1
12-18 14:11:30.637   633 31870 I SDK     : <2016-12-18 14:11:30> [WARN] SDK: UE-SeC 2016-12-18 14:11:30:637 Level[WARN] magic[3362781472 684]:PubEvt_Close Getting a socket[137] from the Socket-table Failed!
12-17 19:33:06.382  1795  2739 D HuaweiWifiWatchdogStateMachine: 80:38:bc:08:42:c1 history loss[-58]=0%, volume=28880
12-18 15:35:07.177  2852  2852 I PhoneStatusBar: updateNotificationShade
12-17 21:54:59.479  1795  1795 I NotificationManager: enqueueNotificationInternal: n.getKey = 0|com.android.incallui|2|null|1001
12-18 00:24:04.498  2852  2852 D HwCustMobileSignalControllerImpl: isCurrentBySim()=false
12-17 23:21:08.409  1795  2380 I PowerManager_screenOn: PowerManagerNotifier onUserActivity: event=2, uid=1000
12-17 21:47:25.111  2852  2852 D PhoneStatusBar: disable: < EXPAND icons alerts system_info BACK* HOME* RECENT clock navigationbar SEARCH quick_settings >
12-17 19:34:58.951 20602 20616 E SQLiteLog: (14) os_unix.c:32731: (13) open(/storage/emulated/0/baidu/tempdata/ls.db) - 
12-18 10:52:07.378   808   547 D [HWCamera] AutoDetectPlatInterface: isAutoSceneRunning false
12-18 00:07:16.456  1795 15591 W AwareLog: AwareMem_Kill: updateGroupList package: move high frequent=com.huawei.bone, uid=10144
12-17 22:29:46.588  1795  3077 D GnssLocationProvider: receive broadcast intent, action: android.intent.action.SCREEN_OFF
12-17 19:42:51.904  1795  3110 D PowerManagerService: ready=true,policy=0,wakefulness=0,wksummary=0x1,uasummary=0x0,bootcompleted=true,boostinprogress=false,waitmodeenable=false,mode=true,manual=33,auto=-1,adj=0.0userId=0
12-18 07:29:39.082   633 31868 I SDK     : 
12-17 23:55:54.297  1795  3110 D PowerManagerService: ready=true,policy=0,wakefulness=0,wksummary=0x1,uasummary=0x0,bootcompleted=true,boostinprogress=false,waitmodeenable=false,mode=true,manual=33,auto=-1,adj=0.0userId=0
12-17 21:52:25.465  3218  3234 E HW-JPEG-DEC: [HME_JPEG_DEC_Delete](3298): HME_JPEG_DEC_Delete: decoder_ctx=null
12-18 15:37:45.139 12919 12919 D HwWidgetFactoryImpl: getAppDefinedPrimaryColor has Color=0xfffcfcfc set by setStatusBarColor()
12-17 21:48:24.235  1795 16232 D PowerManagerService: release:lock=120157855, flg=0x0, tag="WakerLock:1950221", name=com.tencent.mm", ws=null, uid=10105, pid=25103
12-18 08:08:01.651  1795  1795 E qti_sensors_hal: Final value: x_offset=0.160831, y_offset=0.184366, z_offset=0.985027
12-17 22:26:09.297  2852  2852 I StackScrollAlgorithm: updateClipping isOverlap:true
12-17 21:11:49.526   633 29002 I SDK     : <2016-12-17 21:11:49> [NOTICE] SDK: UE-SeC 2016-12-17 21:11:49:526 Level[NOTICE] magic[2454636832 2589]:ReadSdkGroupItem: no Item[w00290667_mobilePhoneNumber] in group uShare=0
12-18 10:51:18.521   633 31870 I SDK     : <2016-12-18 10:51:18> [WARN] SDK: UE-SeC 2016-12-18 10:51:18:521 Level[WARN] magic[3362781472 684]:PubEvt_Close Getting a socket[21] from the Socket-table Failed!
12-18 00:00:50.842   633 31870 I SDK     : 
12-17 21:58:02.131  3608  3608 D InCall  : InCallPresenter - onActivityStopped
12-18 14:26:22.131  2852  2852 I StackScrollAlgorithm: updateDimmedActivatedHideSensitive overlap:false
12-18 18:50:32.452  1795  2323 E UsbDeviceManager: 	at com.android.server.usb.UsbDeviceManager$2.onUEvent(UsbDeviceManager.java:328)
12-17 22:26:55.541   835  2385 E libteec : begin
12-18 19:25:15.131  1795 11745 I GnssLocationProvider: setRequest ProviderRequest[OFF]
12-17 19:33:02.496  1795  2326 W HwFingerprintService: framework setLivenessSwitch is ok ---end
12-18 13:11:03.599  2852  2852 I HwSignalClusterView: apply hwPhoneState.mSubId:0 anyMobileVisible:false mIsAirplaneMode:false, mobileGroupVisible=true
12-17 20:24:35.088  2852  2852 I HwPhoneStatusBar: enter keyguard:1481977475088
12-18 08:12:57.726  2852  2852 D HwCustMobileSignalControllerImpl: sub =0,strMccMnc =null,hashMccMnc =[],strPlmn =hw_mcc_mnc
12-17 20:44:06.955  2852  2852 I HwSignalClusterView: getOrInflateState subId:0
12-17 22:33:45.006  1795  6986 E HsmCoreServiceImpl: onTransact in code is: 102
12-18 00:12:36.671  1795  2381 D libfingersense_wrapper: fingersense_classify_touch() finished
12-18 19:51:29.496  5224  5283 I Step_DataCache: 20002302|getTodayTotalSteps 17076
12-17 23:11:29.686   835  2385 E libteec : receive data len = 128
12-18 00:03:56.896  3879  4071 I HwLauncher: NewEspaceMessageContentObserver  getNewEspaceMessageCount: 9
12-17 20:01:32.500  7194  7194 D BlockMonitor: Message queue size is too large!
12-17 23:55:25.249  1795  1819 I SendBroadcastPermission: action:android.net.conn.DATA_ACTIVITY_CHANGE, mPermissionType:0
12-17 19:36:01.833  2852  2852 I HwDateUtils:  formatChinaDateTime equals.
12-18 14:10:00.103  1795  3139 D PowerManagerService: ready=true,policy=3,wakefulness=1,wksummary=0x1,uasummary=0x1,bootcompleted=true,boostinprogress=false,waitmodeenable=false,mode=true,manual=33,auto=-1,adj=0.0userId=0
12-17 21:48:10.025  2852  2852 I StackScrollAlgorithm: updateDimmedActivatedHideSensitive overlap:true
12-18 10:47:23.105  1795  2323 E UsbDeviceManager: 	at java.io.FileInputStream.<init>(FileInputStream.java:146)
12-17 22:07:58.053  1795  1825 D Sensors : batch called handle:3 sample_ns:300000000 latency_ns:0
12-18 18:23:26.996  1795  2396 D PowerManagerService: ready=true,policy=3,wakefulness=1,wksummary=0x1,uasummary=0x1,bootcompleted=true,boostinprogress=false,waitmodeenable=false,mode=true,manual=33,auto=-1,adj=0.0userId=0
12-17 21:48:22.712  1534  1552 I HwOUC   : [CheckNewVersionThread-5840]Support HwGemini(hwouc/MultiCardFactory.java:81)
12-18 17:38:43.775  2852  2852 I TrafficPanelViewContent: onShowStatusChange show:false
12-18 08:29:56.312  2883  2996 I HwSystemManager: NormalTraffic:updateBytes total limit = -1 warn = -1 used = 1793211691
12-18 19:01:10.987   633 31870 I SDK     : 
12-18 08:24:59.344  1795  2750 D HW_DISPLAY_EFFECT: presently, hw_update_color_temp_for_rg_led interface not achieved.
12-18 10:57:00.444  2852  2852 D HwCustMobileSignalControllerImpl: sub =0,strMccMnc =null,hashMccMnc =[],strPlmn =hw_show_lte
12-17 22:38:32.960  1795  1825 I HwCustPowerManager_FLOW: handleDreamLocked
12-18 10:40:48.018  1795  2323 E UsbDeviceManager: 	at android.os.UEventObserver$UEventThread.sendEvent(UEventObserver.java:210)
12-17 19:42:44.968  3218  3517 I QImsService: ImsSenderRxr : Ims registrationorg.codeaurora.ims.ImsQmiIF$Registration@ace18eb[SUB0]
12-18 10:52:54.166  2852  2852 D NetWorkUtils: mVSimCurCardType is -1
12-17 22:59:09.434   832   933 W AwareLog:defragd: delay_us exceeds max timeout: 139969882 us
12-17 20:42:47.535  3858  4126 I amsnl   : csr
12-17 21:33:00.010  2852  2852 I StackScrollAlgorithm: updateDimmedActivatedHideSensitive overlap:true
12-18 15:42:58.468  1795  2737 D WifiProJNI: Received kernel message payload: event 0
12-17 20:22:10.512   633 23211 E SDK     : <2016-12-17 20:22:10> [ERR] SDK: UE-SeC 2016-12-17 20:22:10:512 Level[ERR] magic[2485033248 200]:libcOpenFile => fopen[2]: path</mnt/sdcard/sandbox/AnyOfficeSDK/sdk/cffb628ad277b3e98d6e9ae9dceca2a7_AnyOfficeSDKMDMResult>, mode<r>
12-18 18:41:02.167  3626  3626 E PTM.FileNodeInfo: getTempInfo error: null, 0
12-18 07:38:51.682  1795  2381 D libfingersense_wrapper: Calling fingersense_touch_up()
12-17 21:59:51.185   818  1152 I logserver: handle_exception_events enter
12-18 10:52:09.810   814   600 V NuPlayer: kWhatReset
12-17 21:23:15.642 24266 24266 I plugin  : [qiyi_LOG_INFO plugin] host => plugin deliver info to plugin:com.qiyi.plugin.qimo
12-18 14:10:18.604  1795  2380 I PowerManager_screenOn: PowerManagerNotifier onUserActivity: event=2, uid=1000
12-18 14:12:12.082  2852  2852 I SlideTouchEvent: handleTouchEvent:MotionEvent { action=ACTION_UP, actionButton=0, id[0]=0, x[0]=545.0, y[0]=87.0, toolType[0]=TOOL_TYPE_FINGER, buttonState=0, metaState=0, flags=0x0, edgeFlags=0x0, pointerCount=1, historySize=0, eventTime=139851206, downTime=139851131, deviceId=10, source=0x1002 }
12-18 10:52:07.811   808   547 D [HWCamera] IppAlgoSmartAE: int android::IppAlgoSmartAE::doSmartAEAlgo(unsigned char *, void *, int, int, int) isDualHDR = 0
12-18 19:25:15.097 25067 24379 E UX      : [CollectStarterReceiver.onReceive] interval is to short:6901819
12-17 19:31:46.189  2883  2996 E HwSystemManager: SimCardMethod:/getSimCardInfo: imsi is null
12-18 07:32:00.424  1795  2748 D HwAmbientLuxFilterAlgo: earliestValidTime + POWER_ON_DARKENING_LIGHT_DEBOUNCE
12-17 20:01:32.374  2852  3556 D HwNetworkControllerImpl: updateWifiState: intent=act:huawei.wifi.pro.INTERNET_ACCESS_CHANGE  flag:67108880 extra_wifipro_no_Internet=false 
12-18 12:38:55.463  1795 15982 I ActivityManager_activity: insertTaskAtTop, setTaskToReturnTo: fromHome=true,lastStackTop=TaskRecord{37babfb #297 A=com.huawei.android.launcher U=0 StackId=0 sz=1}, isHomeStack=false, topTask=TaskRecord{229cf9d #389 A=com.android.browser U=0 StackId=1 sz=1}, task=TaskRecord{fb48d15 #311 A=android.task.mms U=0 StackId=1 sz=1}
12-17 23:19:26.859   633 31870 I SDK     : <2016-12-17 23:19:26> [WARN] SDK: UE-SeC 2016-12-17 23:19:26:859 Level[WARN] magic[3362781472 684]:PubEvt_Close Getting a socket[97] from the Socket-table Failed!
12-18 07:37:20.967  2852  2852 I HwSignalClusterView: getOrInflateState subId:0
12-18 19:50:06.523   633 31868 I SDK     : 
12-18 17:44:57.001 18789 18830 I HwSystemManager: PowerStatsHelper: adjustBackupgroundResult before origin uid: 10105, power: 40.83090602199283, in sipper: 40.83090602199283, cpuPowerMah: 11.678706021992829, bgcpuPowerMah: 2.386313888888889, cpuTime: 245692, fgCpuTime: 170990
12-18 12:08:12.466  2852  2852 I HwDateUtils:  formatChinaDateTime equals.
12-18 09:46:19.156  3218 13036 I PhoneInterfaceManager: shouldBlockLocation  ret:false
12-17 23:07:37.643   818  1152 I logserver: handle_exception_events enter
12-17 23:20:39.745  3782 10794 V AudioManager: isMusicActive...
12-17 20:28:02.050   633 31870 I SDK     : 
12-18 18:34:26.395  2852  3556 I HwNetworkControllerImpl: onReceive: action = android.intent.action.LTE_CA_STATE
12-18 09:17:27.559   633 31870 I SDK     : <2016-12-18 09:17:27> [WARN] SDK: UE-SeC 2016-12-18 9:17:27:559 Level[WARN] magic[3362781472 684]:PubEvt_Close Getting a socket[19] from the Socket-table Failed!
12-18 18:26:34.712 20852 20870 W PRController: core module already started!
12-17 21:26:56.094  1795  3139 D StubTelephonyRegistry: uid:10028 pid:16628 PhoneStateListener.LISTEN_CELL_LOCATION:16 events:0
12-18 08:15:10.246  2852  2852 D HwCustMobileSignalControllerImpl: isCurrentBySim()=false
12-18 17:30:55.933  2852  3556 I NetworkController.MobileSignalController(0): 	to: connected=true,enabled=true,level=5,inetCondition=1,iconGroup=IconGroup(4G),activityIn=false,activityOut=false,rssi=0,lastModified=12-18 05:30:54,isRoaming=false,dataSim=true,networkName=中国移动,networkNameData=中国移动,dataConnected=true,isDefault=true,isEmergency=false,airplaneMode=false,carrierNetworkChangeMode=false,userSetup=true
12-17 21:37:47.534   633 32686 E SDK     : set block success
12-17 23:12:39.602  1795 17832 I AlarmManager: remove(PendingIntent{837c862: PendingIntentRecord{7f86237 com.huawei.espacev2 broadcastIntent}}) changed bounds; rebatching
12-18 07:47:49.982   633 31870 I SDK     : 
12-18 18:57:22.906  2852  2914 I HwMobileSignalController: subId:0 phoneType:1 networktype:13 targetClass:3 masterLevel:5 slaveLevel:-1
12-17 21:23:18.042  1795  3249 D Sensors : pa2240-proximity calling driver setDelay 20 ms
12-18 08:34:30.604 27843 27865 I HiApp.ECS: main{1} 
12-18 19:37:25.524   633   692 I eSpaceService: LoginThread{7314} LoginC.goToStepInStep(LoginC.java:278) Login_By_Step->SVNConnect
12-17 19:56:53.865  5215  5215 D wpa_supplicant: CTRL-DEBUG: global_ctrl_sock-sendto: sock=16 sndbuf=229376 outq=0 send_len=49
12-17 21:11:40.172   633   692 I eSpaceService: Watch Thread{4481} WatchThread.onLoop(WatchThread.java:94) watch thread onLoop... 
12-17 23:16:05.634  1795 20747 E BatteryStatsService: power: Missing API
12-17 19:58:38.264  1795  2376 D PowerManagerService: ready=true,policy=0,wakefulness=0,wksummary=0x1,uasummary=0x0,bootcompleted=true,boostinprogress=false,waitmodeenable=false,mode=true,manual=33,auto=-1,adj=0.0userId=0
12-18 09:46:03.239   633 31870 I SDK     : 
12-18 18:32:58.375   835  2385 E libteec : begin
12-18 18:26:34.772  3858  4126 I amsnl   : csr
12-17 20:39:44.661  1795  1795 I WifiProJNI: ######### CMD_QUERY_PKTS ########
12-17 21:28:16.666  1795  1825 I PowerManager_screenOn: DisplayPowerStatesetScreenState: state=2
12-18 15:42:21.130  1795  2736 E hwintelligencewifi: addCurrentApInfo info is already there
12-18 15:57:07.409  3180  3578 I ash     : Proxy wakelock uid = 10105 pid = 23480
12-17 20:32:17.238  2883  2997 I HwSystemManager: PermissionDbVisitor:insertHistoryRecord:HistoryRecord[packageName:com.qiyi.video,permissionType:16,action:11,dateStartTime:1481904000000,timestamp:1481977937236]
12-17 19:40:29.498  2852  2852 I PhoneStatusBar: cancelAutohide
12-17 22:33:31.289  3879  4201 I TotemWeather: WidgetDataManager:my location is 77666
12-18 14:12:43.219  1795  5350 I MQoS    : QOS_level:5(5),wifi-link;use signalLvl:5;RAT:4G
12-17 21:51:00.727  2852  2852 I NotificationContentView: transferRemoteInputFocus: 0
12-18 14:12:39.764  1795  2666 D NetdConnector: SND -> {12378 bandwidth setglobalalert 2097152}
12-18 09:17:13.831  1795  3238 D PowerManagerService: ready=true,policy=0,wakefulness=0,wksummary=0x1,uasummary=0x0,bootcompleted=true,boostinprogress=false,waitmodeenable=false,mode=true,manual=33,auto=-1,adj=0.0userId=0
12-17 23:24:03.531  1795  3225 I AlarmManager: remove(PendingIntent{8c9e21a: PendingIntentRecord{16b6f78 com.android.phone broadcastIntent}}) changed bounds; rebatching
12-18 08:18:35.496  2852  2852 I NotificationContentView: transferRemoteInputFocus: 0
12-18 00:12:21.937  2852  2852 D HwCustMobileSignalControllerImpl: isCurrentBySim()=false
12-18 12:38:44.669  2224  3270 I HwOUC   : [Thread-4-6132]DBManager--getCacheContents data is null tableType is 4(hwouc/CacheDBManager.java:138)
12-17 22:30:34.449  1534  1534 I HwOUC   : [main-1]DBManager--getCacheContents data is null tableType is 4(hwouc/CacheDBManager.java:138)
12-18 07:56:29.551  2852  2852 D HwCustMobileSignalControllerImpl: isCurrentBySim()=false
12-17 21:39:52.420   633 31870 I SDK     : 
12-18 14:12:34.529  5157  5157 I chromium: [INFO:CONSOLE(1)] "Uncaught SyntaxError: Unexpected token var", source:  (1)
12-18 08:23:06.452  1795  3253 D FpDataCollector: receive finger press down
12-17 23:57:41.839   633 31870 I SDK     : 
12-18 10:06:04.466  3168 31111 D HwRepairHelper: update()   updated:  00
12-17 20:20:27.626  1795  2323 E UsbDeviceManager: Error reading charge file
12-18 00:11:46.953 16275 16275 I MultiDex: VM with version 2.1.0 has multidex support
12-17 23:02:47.712  3879  4071 W CfgFilePolicy: No config file found for:/themes/diff/icons
12-17 19:33:11.048  5215  5215 E wpa_supplicant: bssid=80:38:bc:0b:29:60;freq=2412;level=-78;flags=11;ssid=wlanaccessv2.0;
12-17 20:22:55.955  2852  2852 I HwBrightnessController: updateSlider1 seekBarProgress:4259
12-17 20:31:28.054  1795  3249 I ActivityManager_broadcast: Enqueueing ordered broadcast[background] BroadcastRecord{2429760 u0 com.huawei.android.action.WEATHER_CHANGE}: prev had 0
12-18 15:57:42.339 10477 13945 I CloudAlbum[5.0.0.322]: [ReceiverManager] ReceiverManager action: android.intent.action.BATTERY_CHANGED
12-18 15:30:22.330  1795  1806 V SecInputMethodManagerService: Client requesting input be hidden, pid=633
12-18 07:58:09.620  1795  2736 E hwintelligencewifi: DisabledState cellid = 46000176128782
12-17 21:33:00.049  2852  3577 D KG_Policy: getRemainingChance 3
12-18 08:12:44.069  2852  2852 D HwCustMobileSignalControllerImpl: isCurrentBySim()=false
12-18 09:26:01.997  3879  4071 I HwLauncher: AllIdleAppsList  updatePackage  isCloneApp =  false
12-18 10:40:05.555  1046  1125 D audio_hw_spkr_prot: audio_extn_fbsp_set_parameters: Speaker protection disabled
12-18 07:35:05.490  2852  2852 D NetWorkUtils: is3GCalling is false,mCdmaSlot is -1
12-18 14:09:53.093  2883  3076 I HwSystemManager: PermissionDbVisitor:insertHistoryRecord:HistoryRecord[packageName:com.sankuai.meituanhd,permissionType:8,action:11,dateStartTime:1481990400000,timestamp:1482041393092]
12-17 19:33:03.557  3608  3608 I InCall  : VideoCallFragment - onResume: Surface exist, resume videos
12-17 22:36:41.204  1795  2750 D HW_DISPLAY_EFFECT: presently, hw_update_color_temp_for_rg_led interface not achieved.
12-18 10:56:22.476  2852  2852 D HwCustMobileSignalControllerImpl: isCurrentBySim()=false
12-18 08:17:04.262  3858  4126 D TelephonyManager: getNeighboringCellInfo calling app is com.amap.android.ams
12-17 22:30:19.795   836   928 I knuckle_sensor: Got DISABLE response, status = 0, id = 165
12-18 15:34:06.828  2852  2852 D ReporterUtil: c id:5
12-18 14:10:51.039  5994  5994 E wpa_supplicant: the log_level is:2;
12-17 19:33:42.265  3608  3608 D InCall  : InCallPresenter - notifyVideoPauseController
12-18 07:15:26.447  2852  2852 I StackScrollAlgorithm: updateClipping isOverlap:false
12-18 07:46:40.459   633 31868 I SDK     : <2016-12-18 07:46:40> [NOTICE] SDK: UE-SeC 2016-12-18 7:46:40:459 Level[NOTICE] magic[3365677344 2824]:Handshake done!
12-18 08:39:36.991  1795  3247 D PowerManagerService: release:lock=42102626, flg=0x0, tag="dispatcher", name=android", ws=null, uid=1000, pid=7194
12-18 14:11:20.463  1795  3237 I WindowManger_windowChange: oldFocusWindow: Window{b052995 u0 com.android.settings/com.android.settings.Settings$WifiSettingsActivity}, currentFocusWindow: null, currentFocusApp: AppWindowToken{304a205 token=Token{9a3297c ActivityRecord{387d86f u0 com.android.settings/.SubSettings t394}}}
12-18 10:51:18.346  1795 15988 I HwActivityManagerService: Split enqueueing broadcast [callerApp]:ProcessRecord{4ff57fc 3382:com.qualcomm.qcrilmsgtunnel/1001}
12-18 19:50:05.245  2852  2852 I StatusBarIconView: updateTint: tint=0
12-18 14:09:31.966  1795  2380 D PowerManagerService: userActivityNoUpdateLocked: eventTime=139691082, event=2, flags=0x0, uid=1000
12-17 21:52:23.821  1795 17831 D PowerManagerService: Releasing suspend blocker "PowerManagerService.WakeLocks".
12-18 16:01:39.575  2883  3125 I HwSystemManager: StartupResidentService:InnerHandler Message:7
12-18 19:49:49.791  5224  5283 I Step_ExtendStepDataManager: 20002302|after compensate: cache step_16904
12-18 14:13:55.235  5157  5157 I chromium: [INFO:CONSOLE(1)] "Uncaught SyntaxError: Unexpected token var", source:  (1)
12-18 17:42:40.309  4690  4690 E HW-JPEG-DEC: [HME_JPEG_DEC_Delete](3298): HME_JPEG_DEC_Delete: decoder_ctx=null
12-18 17:30:47.177  3218  8966 W PhoneInterfaceManager: shouldBlockLocation running ...
12-18 18:27:12.314  1795  1809 I WindowManager: Application requested orientation -1, got rotation 0 which has compatible metrics
12-18 14:45:47.203  2852  2852 I NotificationContentView: transferRemoteInputFocus: 0
12-18 14:11:59.313  3626  4877 D NCCHR_NcLogCollectServiceImpl: setMetricCommonHeader is called
12-18 14:08:34.010  2883  2896 I HwSystemManager: HoldService:locationInfo switch is on . pid = 5157
12-17 21:53:02.549  1795 15988 I WindowManger_keyguard: Setting mDismissKeyguard true by win Window{e6a6b5e u0 com.android.incallui/com.android.incallui.InCallActivity}
12-17 23:29:49.748  1795  3111 W ActivityManager: getTasks: caller 10105 does not hold REAL_GET_TASKS; limiting output
12-17 23:22:19.993  3879  4071 I HwLauncher: BadgeContentObserver  getBadgeNumber: 0 mComponentName :ComponentInfo{com.tencent.mm/com.tencent.mm.ui.LauncherUI}
12-18 15:36:07.362  2883  3876 I HwSystemManager: PermissionDbVisitor:insertHistoryRecord:HistoryRecord[packageName:com.sankuai.meituan,permissionType:16,action:11,dateStartTime:1481990400000,timestamp:1482046567362]
12-18 15:11:31.817  2852  2852 D HwCust  : Create obj success use class android.app.HwCustNotificationImpl
12-18 08:54:57.305  3626  3626 E PTM.FileNodeInfo: getTempInfo error: null, 0
12-17 20:35:24.664  3858  4126 I amsnl   : c: true, w: false, t: false, l: false
12-17 22:36:51.510  1795  1819 D NetworkManagement: notifyInterfaceClassActivity: client is com.android.server.ethernet.EthernetNetworkFactory$InterfaceObserver@fccfd35
12-17 20:13:16.313  2852  2852 D NetWorkUtils: mVSimCurCardType is -1
12-18 15:36:04.580  1795 15988 D PowerManagerService: ready=true,policy=3,wakefulness=1,wksummary=0x0,uasummary=0x1,bootcompleted=true,boostinprogress=false,waitmodeenable=false,mode=true,manual=33,auto=-1,adj=0.0userId=0
12-18 18:00:25.829  3626 19429 I iMonitor: create: 903001006
12-17 21:58:35.825  5224  5283 I SendBroadcastPermission: action:android.com.huawei.bone.NOTIFY_SPORT_DATA, mPermissionType:0
12-17 23:24:03.256  1795 11747 D HwSecImmHelper: isPasswordInputType = false, inputType = 147457
12-18 15:28:17.823  1795  3121 V InputMethodManagerService: Client requesting input be hidden, pid=4492
12-18 07:31:28.813  1795  2748 D HwAmbientLuxFilterAlgo: earliestValidTime + POWER_ON_DARKENING_LIGHT_DEBOUNCE
12-18 08:40:39.032   633 31870 I SDK     : 
12-18 14:07:30.578   633 31870 I SDK     : 
12-17 21:26:02.103   633   692 I ECS     : msg.recv{4490} XmlMsg.decodeBuf(XmlMsg.java:237) RECV 32 bytes [12]_00_03_02_03_12_05_88_2E_70_30_CC_7B cmdCode(CC_Heartbeat.0x0312)msgType(MT_ACK.2)msgClass(MC_InstanceMessage.3)sender(ST_Mobile.0)crypted(true)zipped(false)nobase64(true)length(28)version(3)sno(882E)
12-18 15:35:17.470 10334 10334 E wpa_supplicant: RSSI=-54;LINKSPEED=72;NOISE=9999;FREQUENCY=2462;
12-17 20:11:57.794  2852  2852 D HwCust  : Create obj success use class android.app.HwCustNotificationImpl
12-18 09:45:49.733  2852  2852 I NotificationGroupManager: onEntryUpdated:0|com.huawei.health|10010|null|10099
12-17 21:27:04.099  3466  3466 I Contacts: PLog CallLogFragment onQueryComplete, requestId : 108
12-18 19:02:06.285  1795  2323 E UsbDeviceManager: 	at java.io.FileInputStream.open(Native Method)
12-17 19:58:39.606  1795  2323 E UsbDeviceManager: 	at android.os.UEventObserver$UEventThread.sendEvent(UEventObserver.java:210)
12-17 23:34:27.921  2852  2852 I StatusBarWindowManager: apply skiped :0
12-17 21:26:02.149  1795  3238 I ActivityManager_activity: resumeTopActivityLocked: Pausing ActivityRecord{62a5344 u0 com.huawei.espacev2/com.huawei.espace.module.main.ui.MainActivity t370}
12-18 10:16:11.012  1795  2323 D HwBatteryService: onUEvent fcpStatus = 0,scpStatus =0,ovpStatus=0
12-18 10:45:03.707  1795  3110 I ActivityManager_broadcast: dispatch ordered broadcast [foreground] BroadcastRecord{1d5c26b u-1 android.intent.action.TIME_TICK}, has 13 receivers
12-18 17:31:05.191  2852  2852 I ToggleSlider:  mSeekListener onProgressChanged progress:5112 fromUser:false
12-18 15:44:13.839  3180  3578 I ash     : perform hibernation actions!
12-18 10:41:03.094 16628 31915 I SendBroadcastPermission: action:com.huawei.android.action.WEATHER_CHANGE, mPermissionType:0
12-18 15:36:03.776 10334 10334 D wpa_supplicant: nl80211: Event message available
12-18 15:32:57.861 10334 10334 D wpa_supplicant: CTRL_IFACE: GET_NETWORK id=0 name='domain_suffix_match'
12-18 07:37:50.595  2852  2852 D NetWorkUtils: is3GCalling is false,mCdmaSlot is -1
12-18 07:30:05.254  2852  2852 D HwCustMobileSignalControllerImpl: sub =0,strMccMnc =null,hashMccMnc =[],strPlmn =hw_hspap_show_4g
12-17 23:41:22.658   633 31870 I SDK     : 
12-17 21:27:06.708   633 31868 E SDK     : 
12-17 22:27:02.163  1795  3249 I AlarmManager: remove(PendingIntent{c78cadb: PendingIntentRecord{601e5f3 com.huawei.indexsearch.observer broadcastIntent}}) changed bounds; rebatching
12-17 23:07:16.902 31949 31967 I TCP     : WatchThread{4786} TcpClientThread.disconnectSocket(TcpClientThread.java:369) disconnecting to uc.huawei.com:7801
12-17 23:35:00.010  2852  2852 I HwDateUtils:  formatChinaDateTime equals.
12-17 23:21:03.119  2852  2852 I PhoneStatusBar: removeNotificationChildren
12-17 19:33:42.576  3608  3608 I ActivityManager_activity: Reporting idle of ActivityRecord{fd45985 token=android.os.BinderProxy@af8ea9b {com.android.incallui/com.android.incallui.InCallActivity}} finished=false
12-17 19:56:48.736  2852  2852 I HwPhoneStatusBar: updateNotificationShade
12-18 19:50:23.379  1795  1809 I WindowManager: Application requested orientation 1, got rotation 0 which has compatible metrics
12-17 19:42:52.113  1795  2778 D PowerManagerService: release:lock=15081967, flg=0x0, tag="RILJ_ACK_WL", name=com.android.phone", ws=null, uid=1001, pid=3218
12-17 23:57:42.224   633 14557 I SDK     : 
12-17 22:37:39.779   633   692 I eSpaceService: Thread-1808{6474} LoginC.connectToServerThread(LoginC.java:470) getLocalIp = 10.21.98.163
12-18 00:15:47.096  2883  2996 I HwSystemManager: NatTrafficNotifyService:delta byte = 2100003 no traffic delta = 0Traffic state is 301
12-18 18:28:27.766 31949 31967 I TCP     : WatchThread{4786} TcpClientThread.closeSocket(TcpClientThread.java:396) closed socket.
12-18 14:37:33.094  3382  3399 I SendBroadcastPermission: action:qualcomm.intent.action.ACTION_RAC_CHANGED, mPermissionType:0
12-18 09:45:40.868  1795 15987 I ActivityManager_broadcast: collectReceiverComponents, callerApp: ProcessRecord{24cdca7 3218:com.android.phone/1001}, intent:android.intent.action.LTE_CA_STATE, receiver size:1, flags: 10000400
12-18 14:44:36.113  1795  2668 D WifiP2pService: P2pDisablingState
12-18 17:30:14.553  1046  1125 D ACDB-LOADER: ACDB -> send_hw_delay : acdb_id = 231 path = 0
12-17 20:48:12.037  2852  2852 I HwSignalClusterView: getOrInflateState subId:0
12-18 06:56:32.481 19402 19434 I HwDeskClock: DayOfWeekRepeatUtil info:year = 2016
12-18 07:42:01.661   633 31867 I SDK     : <2016-12-18 07:42:01> [NOTICE] SDK: UE-SeC 2016-12-18 7:42:1:661 Level[NOTICE] magic[3368294688 1013]:s(0, 0),r(0, 0)in 20s;vsock(179933B, 14345B, 0, 0), sock(1221, 1260, 0, 0), times(44, 0, 280, 71), delay(0, 0)ms, m(0, 6144)KB, p:54819, s:54819, t(224, 1, 46036B, 75511B), u(0, 1, 237918B, 66088B), c(2498, 3364, 0, 0), e(97047, 2376)/(1939, 2376), k:106, d(879, 968), de(0), s(online, 2, 1), SSL(0), UDP(0), r_d(0), s_d(0), c_d(0), dur(2113 m), vs(0, 0, 0), sysFM(0 KB), ls(2555, 2555),bypass[0]:[0]
12-18 14:11:10.879  5157  5157 D test    : sending:{"handlerName":"getRegisteredJsHandler","callbackId":"java_cb_1","data":null}
12-18 00:03:50.519   633 31870 I SDK     : 
12-17 21:51:24.892  1795  3139 D SmartHeartBeat: setAlarmsPending ...
12-17 21:53:32.638  3626  3626 I HourObserver: left handleScrnOnOffTimeStats, mScrnOffAccTime = 1447458, mScrnOffAccTime = 1447458, mScrnOnAccTime = 1765162
12-17 21:27:05.462  1795  6986 D PowerManagerService: Releasing suspend blocker "PowerManagerService.WakeLocks".
12-18 19:49:57.203   606  2379 E libteec : receive data len = 192
12-18 12:38:51.724  1795  2380 D PowerManagerService: userActivityNoUpdateLocked: eventTime=139394230, event=1, flags=0x0, uid=1000
12-17 23:01:32.686  1795  1795 I MQoS    : received cell-signal:1
12-17 23:22:44.979  1795  1795 I MQoS    : received cell-signal:5
12-18 07:58:29.160  2852  2852 I HwBrightnessController: onChange selfChange:false uri.toString():content://settings/system/screen_auto_brightness mIsObserveAutoBrightnessChange:true
12-18 10:56:23.313  1795  2750 D HW_DISPLAY_EFFECT: presently, hw_update_color_temp_for_rg_led interface not achieved.
12-18 08:18:59.656  1795 16501 I ActivityManager_broadcast: collectReceiverComponents, callerApp: ProcessRecord{5299443 4690:com.baidu.input_huawei/u0a74}, intent:com.tencent.mm.plugin.openapi.Intent.ACTION_HANDLE_APP_REGISTER, receiver size:1, flags: 10000400
12-17 23:34:27.909  1046  1125 V audio_hw_primary: enable_audio_route: exit
12-18 15:30:20.381  2852  2852 D HwCustMobileSignalControllerImpl: sub =0,strMccMnc =null,hashMccMnc =[],strPlmn =hw_show_4_5G_for_mcc
12-18 14:12:38.972  5157  5157 W cr_BindingManager: Cannot call determinedVisibility() - never saw a connection for the pid: 5157
12-17 19:32:06.434  5215  5215 E wpa_supplicant: bssid=ac:85:3d:be:20:21;freq=2412;level=-89;flags=11;ssid=Huawei-Employee;
12-18 19:49:14.675 25555 25582 W DeviceId: galaxy lib host missing meta-data,make sure you know the right way to integrate galaxy
12-18 14:09:30.094  1795  3237 D PowerManagerService: ready=true,policy=3,wakefulness=1,wksummary=0x1,uasummary=0x1,bootcompleted=true,boostinprogress=false,waitmodeenable=false,mode=true,manual=33,auto=-1,adj=0.0userId=0
12-18 12:39:44.478 28113 28113 D HsmJoinRequest: Get wakeLock now
12-18 09:17:27.565   633 31870 I SDK     : <2016-12-18 09:17:27> [WARN] SDK: UE-SeC 2016-12-18 9:17:27:565 Level[WARN] magic[3362781472 684]:PubEvt_Close Getting a socket[53] from the Socket-table Failed!
12-18 15:27:45.193  1795  1809 I MultiTaskManagerService: onProcessDied pid = 7610, uid = 10018
12-18 19:53:47.439  2852  2852 I ToggleSlider:  mSeekListener onProgressChanged progress:3239 fromUser:false
12-18 08:15:49.080  2852  2852 D HwCustMobileSignalControllerImpl: isCurrentBySim()=false
12-18 08:15:10.127 25329 25329 D wpa_supplicant: random pool - hexdump(len=128): [REMOVED]
12-17 23:21:30.765  1795  1795 D PowerManagerService: ready=true,policy=3,wakefulness=1,wksummary=0x1,uasummary=0x1,bootcompleted=true,boostinprogress=false,waitmodeenable=false,mode=true,manual=33,auto=-1,adj=0.0userId=0
12-18 15:35:28.899  1795  1795 I NotificationManager: enqueueNotificationInternal: n.getKey = 0|com.android.browser|1482346485|null|10029
12-18 08:27:24.304   802   802 E Thermal-daemon: [Thermal_Hw] temperature_valid, battery : temperature is invalid, invalid temperatrue is 31
12-17 20:19:07.561  2852  2914 I SimCardMethod: isCardAbsent slot:0 slotState:5
12-18 14:10:39.506  5157  5157 I chromium: [INFO:CONSOLE(1)] "Uncaught ReferenceError: WebViewJavascriptBridge is not defined", source:  (1)
12-17 22:30:35.565   633 31870 I SDK     : 
12-17 22:30:34.212  1795  3957 E IzatSvc_OSObserver: I/LocTech-Label :: OSOBSERVER :: Data Items In
12-17 22:33:24.902  2852  2852 I StackScrollAlgorithm: state.clipTopAmount:48, i:1
12-17 21:48:19.908  1795  6986 I PGManagerService: proxyWakeLockByPidUid, pid: 4492, uid: 10105, proxy: false
12-18 15:35:30.461  2852  2852 I BitmapUtils: 	at android.os.Looper.loop(Looper.java:199)
12-18 08:07:16.089  3858  4126 I amsnl   : csr
12-17 22:09:17.881  1795  2323 E UsbDeviceManager: 	at java.io.FileInputStream.<init>(FileInputStream.java:146)
12-17 20:29:06.491   633 31870 I SDK     : <2016-12-17 20:29:06> [WARN] SDK: UE-SeC 2016-12-17 20:29:6:491 Level[WARN] magic[3362781472 684]:PubEvt_Close Getting a socket[104] from the Socket-table Failed!
12-17 21:13:27.125 24266 24266 D VideoPlayerImpl: org.iqiyi.video.player.cv.ag()<-1> : current progress: progress= 971040
12-18 07:15:22.572  3180  3578 I ash     : unproxy com.huawei.espacev2 broadcast OK !
12-18 15:43:34.852  1795  1795 I TrafficMonitor: update:rxPkts:63,txPkts:103,rxBytes:3600,txBytes:134680
12-17 23:26:24.831  1795  1825 D lux trace:: [12.0/131471360]
12-18 09:18:58.541  2852  2852 D HwCustMobileSignalControllerImpl: sub =0,strMccMnc =null,hashMccMnc =[],strPlmn =hw_show_4_5G_for_mcc
12-18 19:49:53.758   606  2379 E libteec : qsc_send_cmd finish
12-17 21:26:53.318  1795  1795 D HwInputMethodManagerService: hideSecSoftInput = false
12-18 08:28:34.463  2852  2852 D NetWorkUtils: mVSimCurCardType is -1
12-18 16:01:54.323  3858  4126 I amsnl   : csr
12-17 23:57:41.872   633 31870 I SDK     : 
12-17 23:44:07.758  1795  5350 I MQoS    : QOS_level:4(4),use RAT:4G;signalLvl:4
12-17 21:48:22.984  3858  4126 I amsnl   : c: true, w: false, t: false, l: false
12-18 15:27:45.331  3626  3626 I HourObserver: enter into handleScrnOnOffTimeStats, scrnOn = true, mIsPreScrnOn = false, mScrnSwitchTime = 1482044630712, occurTime = 1482046065328, delta = 1434616, mScrnOffAccTime = 0, mScrnOnAccTime = 0
12-18 19:01:18.144  1795  2323 E UsbDeviceManager: 	at android.os.FileUtils.readTextFile(FileUtils.java:267)
12-18 10:51:58.109  1795  2396 I HwActivityManagerService: keyAppBroadcastQueueForIntent intent Intent { act=com.tencent.mm.ui.ACTION_ACTIVE flg=0x10 (has extras) } on bgkeyapp queue
12-18 17:44:35.731  1046  1125 D ACDB-LOADER: ACDB -> ACDB_CMD_GET_AUDPROC_COMMON_TOPOLOGY_ID
12-18 19:51:54.451  5224  5283 I SendBroadcastPermission: action:android.com.huawei.bone.NOTIFY_SPORT_DATA, mPermissionType:0
12-17 20:11:46.436   633 31870 I SDK     : 
12-17 20:51:05.669   633 31870 I SDK     : <2016-12-17 20:51:05> [WARN] SDK: UE-SeC 2016-12-17 20:51:5:669 Level[WARN] magic[3362781472 684]:PubEvt_Close Getting a socket[164] from the Socket-table Failed!
12-18 14:08:01.396  1795 16501 V HwWindowManagerService: setFocusedApp update app ops, mTaskChanged set to:false
12-17 22:26:00.065  5224  5283 I Step_LSC: 20002302| ## MSG_DEAL_SYSTEM_EVENT android.intent.action.TIME_TICK
12-17 20:13:04.411  2852  2852 I NotificationContentView: transferRemoteInputFocus: 0
12-18 10:42:10.600  2852  2852 W ResourceType: Failure getting entry for 0xffffffff (t=254 e=65535) (error -2147483647)
12-18 17:30:09.036  2852  2852 I StackScrollAlgorithm: updateDimmedActivatedHideSensitive overlap:false
12-17 22:02:01.930   835   835 I fingerprintd: FingerprintDaemonProxyEx::setLivenessSwitch
12-18 15:32:55.403  1795 11746 I Sensor  : updateLight --> mIsNotificationExisting: false ledOnMS: 0 ledOffMS :0
12-17 23:26:40.378  2852  2852 I Tile.SoundSilentTile: refreshState=sound, RingModeState[,icon=com.android.systemui.qs.QSTile$DrawableIcon@8fb5eb0,label=响铃,labelTint=1,textChangedDelay=0,contentDescription=响铃,dualLabelContentDescription=null,minimalContentDescription=null,minimalAccessibilityClassName=android.widget.Switch,expandedAccessibilityClassName=android.widget.Switch,autoMirrorDrawable=false,disabledByPolicy=false,enforcedAdmin=null,value=true,mode=2]
12-18 08:38:06.682  2852  2852 I BitmapUtils: 	at com.huawei.keyguard.support.magazine.KeyguardWallpaper.-wrap4(KeyguardWallpaper.java)
12-18 08:14:54.434  2852  2852 D NetWorkUtils: is3GCalling is false,mCdmaSlot is -1
12-18 19:45:16.395  2852  3556 I HwNetworkControllerImpl: onReceive: action = android.intent.action.LTE_CA_STATE
12-18 16:04:27.075  3626  3626 E PTM.FileNodeInfo: getTempInfo error: null, 0
12-17 20:33:12.724  2852  2852 D NetWorkUtils: is3GCalling is false,mCdmaSlot is -1
12-18 15:43:47.988 10699 10752 I ChinaUploader: Uploader
12-17 20:31:46.159 24266 24312 I Utility : [qiyi_LOG_INFO Utility] isQiyiPackage ret:true
12-18 16:01:03.641  1795  2376 W AlarmManager: mIsScreenOn is: false, WAKEUP alarm trigger action = ALARM_ACTION(23480) package name is: com.tencent.mm
12-17 19:31:56.461  1795  1795 D DeviceIdleController: updateDisplayLocked: screenOn=false
12-18 18:35:23.816  3382  3382 I SendBroadcastPermission: action:com.qualcomm.intent.action.ACTION_UNSOL_RESPONSE_OEM_HOOK_RAW, mPermissionType:0
12-17 23:54:43.917   633 31870 I SDK     : <2016-12-17 23:54:43> [WARN] SDK: UE-SeC 2016-12-17 23:54:43:917 Level[WARN] magic[3362781472 684]:PubEvt_Close Getting a socket[163] from the Socket-table Failed!
12-18 09:09:45.264  1795  1819 D NetworkManagement: notifyInterfaceClassActivity: client is com.android.server.ConnectivityService$1@e0f099c
12-18 08:22:57.617  1795  2377 E ProcessInfoCollector: getProcessInfo: failed to find this proc 
12-18 15:29:00.847  1795 15987 D PowerManagerService: ready=true,policy=3,wakefulness=1,wksummary=0x0,uasummary=0x1,bootcompleted=true,boostinprogress=false,waitmodeenable=false,mode=true,manual=33,auto=-1,adj=0.0userId=0
12-18 15:29:27.585  4690  4690 E HW-JPEG-DEC: [HME_JPEG_DEC_Delete](3298): HME_JPEG_DEC_Delete: decoder_ctx=null
12-18 18:31:21.751  3218  3375 I SendBroadcastPermission: action:com.huawei.android.intent.action.RAC_CHANGED, mPermissionType:0
12-17 22:29:44.344  5224  5283 I SendBroadcastPermission: action:android.com.huawei.bone.NOTIFY_SPORT_DATA, mPermissionType:0
12-17 20:28:02.043   633 31870 I SDK     : <2016-12-17 20:28:02> [WARN] SDK: UE-SeC 2016-12-17 20:28:2:43 Level[WARN] magic[3362781472 684]:PubEvt_Close Getting a socket[67] from the Socket-table Failed!
12-17 19:32:07.746  3858  4126 I amsnl   : csr
12-18 08:26:55.334  2852  3556 I HwNetworkControllerImpl: onReceive: action = android.intent.action.LTE_CA_STATE
12-18 08:10:43.408  2852  2852 D HwCustMobileSignalControllerImpl: sub =0,strMccMnc =null,hashMccMnc =[],strPlmn =hw_customized_networkType_entry
12-17 20:22:18.775  1795  2380 I PowerManager_screenOn: PowerManagerNotifier onUserActivity: event=2, uid=1000
12-17 20:05:15.606  2852  2852 I HwDateUtils: formatChinaDateTime, change to China normalTime:晚上8:05
12-18 18:24:36.466  2852  2852 D HwCustMobileSignalControllerImpl: isCurrentBySim()=false
12-17 20:42:42.603  3858  4126 I amsnl   : m1: false
12-18 15:38:43.075 10334 10334 D wpa_supplicant: nl80211: Event message available
12-17 23:18:25.107  2852  3556 D NetworkController.MobileSignalController(0): mSimSubId:0 onDataActivity: direction=1
12-17 23:15:00.000  1795  2376 I ActivityManager_broadcast: Enqueueing ordered broadcast[foreground] BroadcastRecord{cdc9fa2 u-1 android.intent.action.TIME_TICK}: prev had 0
12-18 19:49:37.230   835  2385 E libteec : begin
12-17 21:27:04.806  1795  1805 D PowerManagerService: acquire lock=46666377, flags=0x1, tag="RILJ_ACK_WL", name=com.android.phone, ws=null, uid=1001, pid=3218
12-17 19:40:24.769  1795 16500 I ActivityManager_activity: insertTaskAtTop, setTaskToReturnTo: fromHome=true,lastStackTop=TaskRecord{37babfb #297 A=com.huawei.android.launcher U=0 StackId=0 sz=1}, isHomeStack=false, topTask=TaskRecord{fcfa908 #384 A=com.android.browser U=0 StackId=1 sz=1}, task=TaskRecord{926b055 #383 A=com.tencent.mm U=0 StackId=1 sz=1}
12-18 17:35:21.332 25067 25098 D AndroidCommon: [SdcardManager.isMounted]Mounted:/storage/emulated/0:true
12-18 15:34:10.040  1795  1795 D WiFi_PRO_WifiProStateMachine: onWifiBqeDetectionResult =  2
12-18 07:57:54.669   835  2385 E libteec : begin
12-18 09:21:17.621  3626  3626 E PTM.FileNodeInfo: getTempInfo error: null, 0
12-17 23:27:03.515  2852  2852 D NetWorkUtils: is3GCalling is false,mCdmaSlot is -1
12-18 14:12:35.169  5157  5157 I chromium: [INFO:CONSOLE(1)] "Uncaught SyntaxError: Unexpected token var", source:  (1)
12-17 19:33:01.628  1795  2326 V FingerprintService: handleError(client=com.android.systemui, error = 5)
12-18 00:16:17.089  2852  2852 D NetWorkUtils: is3GCalling is false,mCdmaSlot is -1
12-18 14:11:31.289  1795  2709 I ActivityManager_service: retrieveServiceLocked, callerApp: ProcessRecord{34bf34f 0:system/1000}, flags: 10000400
12-17 23:35:01.856  3626  4889 E PTM.FileNodeInfo: getTempInfo error: null, 0
12-17 23:05:38.669  1795  2380 D PowerManagerService: userActivityNoUpdateLocked: eventTime=130226967, event=2, flags=0x0, uid=1000
12-18 11:26:03.768   633 31870 I SDK     : 
12-17 19:33:42.757  5215  5215 D wpa_supplicant: CTRL_IFACE monitor sent successfully to /data/misc/wifi/sockets/wpa_ctrl_1795-194\x00
12-18 14:07:44.436  5356  5370 E SQLiteDatabase: 	at com.baidu.location.g.a.b(Unknown)
12-17 23:33:17.229  1795  2737 W WifiProJNI: poll before: g_monitor_fd =310
12-17 21:58:43.952  1795  2377 I AwareLog: AwareMem_EventTracker: [POLLING_TIMEOUT_127589390] is abandoned for memory low 911204 but policy can not execute
12-18 19:25:18.082 24589 24614 I HwIntelligent3_BaseAlarmModule: module OVERTIME_REMINDER alarm type : 0 repeating : false interval : -1 trigger : 2016-12-19 20:52:24 isMissed : false
12-18 18:32:41.088  1795  1825 E LightSensor: LightSensor disable, event occur num: 627
12-18 08:34:30.309  1795  2376 I AlarmManager: sending alarm Alarm{22e1da0 type 1 when 1482021212696 com.huawei.systemmanager},repeatInterval = 259200000,listenerTag =null
12-17 23:12:35.555  1795  1795 I MQoS    : onSignal: mSubId=0,currDataSubID=0
12-18 07:33:27.962  1795  2737 W WifiProJNI: poll before: g_monitor_fd =310
12-18 13:05:56.478  2852  2852 I HwDateUtils: formatChinaDateTime, change to China normalTime:下午1:05
12-18 07:42:06.967  2852  2852 D NetWorkUtils: mVSimCurCardType is -1
12-18 14:12:23.352  5157  5157 I chromium: [INFO:CONSOLE(1)] "Uncaught ReferenceError: WebViewJavascriptBridge is not defined", source:  (1)
12-17 22:25:36.261  2852  2852 W HwPhoneLayoutInflater: onCreateView : ClassNotFoundException, In this case we want to let the base class take a crack at it
12-18 15:42:26.443  1795  1795 D WifiProJNI: send_cmd_kernel: cmd=1
12-17 19:55:48.117  1795 15982 W ActivityManager: getRunningAppProcesses: caller 10105 does not hold REAL_GET_TASKS; limiting output
12-17 21:32:53.212 25067 32243 D BetaClub: [HttpVersionAccess.uploadUserReportInfo]upload product list size:11
12-18 08:45:56.959  1795  2323 E UsbDeviceManager: 	at java.io.FileInputStream.<init>(FileInputStream.java:146)
12-17 20:34:31.102  2852  2852 I HwSignalClusterView: getOrInflateState subId:0
12-18 08:22:06.913  2852  2852 D HwCustMobileSignalControllerImpl: isCurrentBySim()=false
12-18 12:49:53.362  2852  2852 D HwCustMobileSignalControllerImpl: isCurrentBySim()=false
12-18 14:15:25.583  1795  2323 E UsbDeviceManager: 	at com.android.server.usb.UsbDeviceManager$2.onUEvent(UsbDeviceManager.java:328)
12-17 19:58:57.432  1795  2671 I ActivityManager_broadcast: Enqueueing ordered broadcast[background] BroadcastRecord{ebc59ab u-1 android.net.wifi.supplicant.STATE_CHANGE}: prev had 1
12-18 10:52:10.903   827   540 E mm-camera: <ISP   ><ERROR> 1068: isp_handler_control_streamoff: stream_off 2 2 ide 10003
12-17 23:05:16.769  1795  3077 D GnssLocationProvider: receive broadcast intent, action: android.intent.action.SCREEN_ON
12-17 22:24:47.066   633 31868 I SDK     : <2016-12-17 22:24:47> [NOTICE] SDK: UE-SeC 2016-12-17 22:24:47:66 Level[NOTICE] magic[3365677344 1210]:waiting for useful network..........
12-18 08:12:55.857  1795  3237 I ActivityManager_broadcast: collectReceiverComponents, callerApp: ProcessRecord{24cdca7 3218:com.android.phone/1001}, intent:android.intent.action.LTE_CA_STATE, receiver size:1, flags: 10000400
12-18 12:38:44.900  1795 17831 W MediaProcessHandler: processOp uid 1000 is not concerned!
12-18 00:16:49.421  1795  2737 D WifiProJNI: Received kernel message payload: event 0
12-18 14:56:24.909  1795  2376 I ActivityManager_broadcast: Enqueueing ordered broadcast[background] BroadcastRecord{3514e43 u0 action.pfw.wakeup.timer}: prev had 0
12-17 20:42:10.194 24266 24266 V chaunce : org.iqiyi.video.vote.b.aux.a()<-1> : checkVoteShowTime-->1594009
12-17 19:31:41.585 31949 31967 I eSpaceService: WatchThread{4786} TcpCirChannel.shutdown(TcpCirChannel.java:257) Login_By_Step-> shut down now connect
12-18 14:07:37.111  1795  3304 D GnssLocationProvider: svid: 25 cn0: 0.0 elev: 0.0 azimuth: 0.0   A
12-18 14:12:49.743  5157  5157 W cr_BindingManager: Cannot call determinedVisibility() - never saw a connection for the pid: 5157
12-18 09:45:23.081  3382  3399 I SendBroadcastPermission: action:qualcomm.intent.action.ACTION_RAC_CHANGED, mPermissionType:0
12-18 19:25:25.730  2852  2852 D HwCust  : Create obj success use class android.app.HwCustNotificationImpl
12-18 07:29:48.953   606 20147 E libteec : receive data len = 108
12-18 09:26:01.434   633 31870 I SDK     : <2016-12-18 09:26:01> [WARN] SDK: UE-SeC 2016-12-18 9:26:1:434 Level[WARN] magic[3362781472 684]:PubEvt_Close Getting a socket[150] from the Socket-table Failed!
12-17 21:26:56.856  1795  3237 D PowerManagerService: ready=false,policy=3,wakefulness=1,wksummary=0x11,uasummary=0x1,bootcompleted=true,boostinprogress=false,waitmodeenable=false,mode=true,manual=33,auto=-1,adj=0.0userId=0
12-17 22:55:37.646  3218  3517 I QImsService: ImsSenderRxr : [UNSL]< UNSOL_SSAC_CHANGED org.codeaurora.ims.ImsQmiIF$SsacInfo@dc6f77f[SUB0]
12-17 23:00:02.974  3626  8518 I iMonitor: send: 903001003
12-18 14:12:13.059  5157  6825 D fingerprint: GAJV+XG8P/l8KgREoF/QjMhVDDV/GOssYR/PXcNFLJJj5SO9fqJ2npldb2yys7uvZ3+v+tQvtIJY
12-17 20:05:56.121  5224  5283 I Step_DataCache: 20002302|getTodayTotalSteps 5067
12-17 21:50:48.828  1795  3364 I MediaFocusControl:  AudioFocus  requestAudioFocus() from uid/pid 1000/1795 clientId=AudioFocus_For_Phone_Ring_And_Calls req=2 flags=0x4
12-18 14:09:29.511  2883  3062 I HwSystemManager: PermissionDbVisitor:insertHistoryRecord:HistoryRecord[packageName:com.sankuai.meituanhd,permissionType:8,action:11,dateStartTime:1481990400000,timestamp:1482041369511]
12-18 17:41:44.631  3218 13114 I PhoneInterfaceManager: shouldBlockLocation  ret:false
12-17 21:23:15.885  1795  3111 V InputMethodManagerService: Unspecified window will hide input
12-17 21:53:17.649  1795  1795 D HwConnectivityService: CtrlSocket processCtrlSocket pid = 1000 cmd = 100 param = 0 ret = 0
12-17 22:30:36.399  2852  2852 I StackScrollAlgorithm: state.clipTopAmount:501, i:1
12-17 21:32:22.758  3608  3608 D InCall  : ContactInfoCache - setting photo for entry: ContactCacheEntry{name=xx, nameAlternative=xx, number=xxxxxxxxxxxxx, location=null, label=手机, photo=null, isSipCall=false, displayPhotoUri=content://com.android.contacts/contacts/204/photo, locationAddress=null, openingHours=null, contactLookupResult=2, userType=0, contactRingtoneUri=content://settings/system/ringtone, contactExists=true, isEmergencyNumber=false, isVoiceMailNumber=false, organization=null, hasGettedPhoto=false}
12-18 14:12:28.513  5157  5157 I chromium: [INFO:CONSOLE(1)] "Uncaught SyntaxError: Unexpected token var", source:  (1)
12-18 08:22:06.916  2852  2852 I HwSignalClusterView: getOrInflateState subId:0
12-17 21:52:47.942  1795  2671 D PowerManagerService: ready=true,policy=3,wakefulness=1,wksummary=0x10,uasummary=0x1,bootcompleted=true,boostinprogress=false,waitmodeenable=false,mode=true,manual=33,auto=-1,adj=0.0userId=0
12-18 07:57:05.648   835  2385 E libteec : begin
12-18 14:10:51.065  1795  1819 D NetworkManagement: notifyInterfaceLinkStateChanged 9
12-18 14:45:36.028  1795  2323 E UsbDeviceManager: java.io.FileNotFoundException: sys/class/hw_power/charger/charge_data/water_intrused (No such file or directory)
12-18 08:59:39.352  7194 28744 I PushLog2824: [SocketRead_08:59:38-14481]broadcast(),and mReceivers  4(android/null:-1)
12-17 22:49:51.355  3626  3770 I LSC_903001010: process buffer and get message
12-18 14:12:46.583  1795  1825 I HwNormalizedManualBrightnessController: mManualbrightnessOut=216,mManualMode=false
12-18 17:42:00.694  1795 17831 D PowerManagerService: Acquiring suspend blocker "PowerManagerService.WakeLocks".
12-18 17:36:28.022  3168  3168 I CHR_ChrDataServiceTracker: handleLteCaStatusChange
12-18 14:12:32.829  1795  3139 W ActivityManager: getRunningAppProcesses: caller 10113 does not hold REAL_GET_TASKS; limiting output
12-17 19:58:33.282  5215  5215 D wpa_supplicant: CTRL-DEBUG: global_ctrl_sock-sendto: sock=16 sndbuf=229376 outq=0 send_len=1
12-18 15:33:23.839  4690  4690 E HW-JPEG-DEC: [HME_JPEG_DEC_Delete](3298): HME_JPEG_DEC_Delete: decoder_ctx=null
12-18 00:24:20.226  3879  3879 I HwIntelligent3_HiBoardHwIntelligentManager: onReceive: action: android.intent.action.CLOSE_SYSTEM_DIALOGS
12-18 19:35:22.494  1795  2376 I AlarmManager: Alarm triggering (type 0 or 2): [Alarm{1d9abec type 0 when 1482060917431 android}]
12-18 05:56:31.554  3858  4126 I amsnl   : c: true, w: false, t: false, l: false
12-17 19:34:57.826  1795  6985 I HwActivityManagerService: Split enqueueing broadcast [callerApp]:ProcessRecord{34bf34f 0:system/1000}
12-18 14:11:41.492  6673  6701 D UploadFile: key:encryptKey value:AESV2ea16841c81d1c22376344c76994b3a759038752b
12-18 09:25:56.722  1795  1819 D NetworkManagement: notifyInterfaceClassActivity: client is com.android.server.net.NetworkStatsService$6@5d6efc
12-18 15:33:28.894 10334 10334 D wpa_supplicant: Add randomness: count=62 entropy=28
12-18 10:52:08.243   808   549 D QCamera2HWI: static void qcamera::QCamera2HardwareInterface::metadata_stream_cb_routine(mm_camera_super_buf_t*, qcamera::QCameraStream*, void*) get flashHDR state. est_state = 0, led_state=0, frameid=61
12-17 20:13:08.367  2852  2852 I ToggleSlider:  mSeekListener onProgressChanged progress:2957 fromUser:false
12-18 16:01:40.454   633 31868 E SDK     : 
12-18 08:20:57.750  1795  2381 D libfingersense_wrapper: Calling fingersense_classify_touch()
12-18 18:32:43.213  3858  4126 I amsnl   : csr
12-17 23:46:34.197  7194  7208 I PushLog2824: [ReceiverDispatcher-336]no more client need register and unregister(android/null:-1)
12-18 18:30:49.740  2852  2852 D StatusBar: applyInPlace=true shouldPeek=false alertAgain=true
12-18 10:53:57.373  3382  3399 I SendBroadcastPermission: action:qualcomm.intent.action.ACTION_RAC_CHANGED, mPermissionType:0
12-18 08:23:06.724  1795  3225 I PowerManager_screenOn: PowerManagerNotifier onUserActivity: event=0, uid=10033
12-17 21:41:30.941  1795  2323 E UsbDeviceManager: 	at java.io.FileInputStream.<init>(FileInputStream.java:146)
12-18 14:13:08.139  5157  5157 D test    : sending:{"handlerName":"getRegisteredJsHandler","callbackId":"java_cb_1","data":null}
12-17 21:51:00.991  3608  3608 I InCall  : ProximitySensor - Proximity wake lock already acquired
12-18 16:01:09.070  2852  2852 I StackScrollAlgorithm: overlapAmount:198.0, previousNotificationEnd:-84.0, newYTranslation:-282.0, location:8, i:1, getTopPadding:499.0, getLocationOnScreen():-822
12-17 22:26:51.406  1795  2750 D HW_DISPLAY_EFFECT: presently, hw_update_color_temp_for_rg_led interface not achieved.
12-17 23:13:32.965  1795  2750 D HW_DISPLAY_EFFECT: presently, hw_update_color_temp_for_rg_led interface not achieved.
12-17 21:27:04.634   633 31868 I SDK     : <2016-12-17 21:27:04> [NOTICE] SDK: UE-SeC 2016-12-17 21:27:4:633 Level[NOTICE] magic[3365677344 1210]:waiting for useful network..........
12-18 12:38:43.886  2852  2852 E KeyguardUpdateMonitor: isSimPinSecure mSimDatas is null or empty 
12-18 19:50:11.437  1795  1809 I WindowManager: MyOrientationListener: updateRotation.
12-17 20:34:04.445  2852  2852 I HwMobileSignalController: notifyListenerHuawei::origin typeIcon:2130839197 icons.mName:4GPLUS isSuspend:false, showDataIcon=true, dataConnected=true, isRoaming=false
12-17 19:43:15.857  1795  2665 D NetdConnector: RCV <- {613 IfaceClass active 1 443532169616593 1000}
12-17 21:51:10.061  1795 16498 I NotificationManager: enqueueNotificationInternal: pkg=com.huawei.health id=10010 notification=Notification(pri=0 contentView=null vibrate=null sound=null defaults=0x0 flags=0x2 color=0x00000000 vis=PRIVATE)
12-18 07:32:12.403  1795  6988 D WindowManager: interceptKeyBeforeQueueing: key 4 , result : 1
12-18 00:04:49.159  3858  4126 I amsnl   : m1: false
12-17 20:11:45.414  2852  2852 I HwNavigationBarTransitions: setBackgroundColor:new=0, old=0
12-18 19:52:45.253  1795  2381 D libfingersense_wrapper: fingersense_touch_up() finished
12-17 21:26:53.283  2852  2852 I StackScrollAlgorithm: updateDimmedActivatedHideSensitive overlap:true
12-18 14:09:32.621  1795 16232 D PowerManagerService: Releasing suspend blocker "PowerManagerService.WakeLocks".
12-18 08:17:39.298  1795  3121 W ActivityManager: Sending non-protected broadcast org.codeaurora.VOIP_VOPS_SSAC_STATUS from system 3218:com.android.phone/1001 pkg com.android.phone
12-18 19:50:25.869  5224  5283 I Step_DataCache: 20002302|getTodayTotalSteps 16967
12-18 10:45:50.865  2852  2852 I StatusBar: onNotificationPosted: StatusBarNotification(pkg=com.huawei.health user=UserHandle{0} id=10010 tag=null key=0|com.huawei.health|10010|null|10099: Notification(pri=0 contentView=null vibrate=null sound=null defaults=0x0 flags=0x62 color=0x00000000 vis=PRIVATE)) important=2, post=1482029150859, when=1481531589202, vis=0, userid=0
12-17 21:47:24.715  5224  5283 I SendBroadcastPermission: action:android.com.huawei.bone.NOTIFY_SPORT_DATA, mPermissionType:0
12-17 23:25:34.660  1795  1805 D HwPFWLogger: AutoStartupDataMgr:isUnderControll third party not in whitelist: com.ss.android.article.news
12-17 21:14:59.238  2852  2852 D HwCustMobileSignalControllerImpl: isCurrentBySim()=false
12-18 17:32:38.133  2852  2852 I HwNotificationIconAreaController: showNotificationAll
12-17 20:12:32.625  1795  6988 D PowerManagerService: ready=true,policy=3,wakefulness=1,wksummary=0x1,uasummary=0x1,bootcompleted=true,boostinprogress=false,waitmodeenable=false,mode=true,manual=33,auto=-1,adj=0.0userId=0
12-18 08:09:47.834  2852  2852 D HwCustMobileSignalControllerImpl: isCurrentBySim()=false
12-18 07:40:16.551  2852  2914 I HwMobileSignalController: subId:0 phoneType:1 networktype:13 targetClass:3 masterLevel:4 slaveLevel:-1
12-17 20:27:43.240  2852  2852 W HwLockScreenPanel: Handle message: 4
12-18 15:43:11.205  2852  2852 I HwMobileSignalController: notifyListenerHuawei::origin typeIcon:2130839157 icons.mName:4G isSuspend:false, showDataIcon=false, dataConnected=false, isRoaming=false
12-17 23:24:03.208   606  2379 E libteec : send data return = 128
12-18 09:11:07.289   633 31868 I SDK     : <2016-12-18 09:11:07> [NOTICE] SDK: UE-SeC 2016-12-18 9:11:7:288 Level[NOTICE] magic[3365677344 1541]:FSM_Tool_Tree_Enc_Path =>Access [/mnt/sdcard/sandbox/AnyOfficeSDK/sdk/QDJ7lEGuRlJb2r2mqrSExBTDjN4QhUgEPVptBL0HnX4=] real path  ok 
12-17 20:23:22.093  3168 23396 D HwRepairHelper: getRcvData()  has been success
12-18 19:25:35.086  2852  2852 I BitmapUtils: 	at com.android.internal.os.ZygoteInit$MethodAndArgsCaller.run(ZygoteInit.java:941)
12-17 21:20:04.630 24266 24266 D VideoPlayerImpl: org.iqiyi.video.player.cv.ag()<-1> : current progress: progress= 1368576
12-18 17:35:24.182  2852  2852 D HwRecentsLockUtils: search
12-18 19:01:09.056   633 31870 I SDK     : 
12-18 19:50:10.349  1795 15987 D HwPFWLogger: AutoStartupDataMgr:isUnderControll third party not in whitelist: com.netease.newsreader.activity
12-17 19:59:38.246  1795  2739 D HuaweiWifiWatchdogStateMachine:  loss[-69]=0%, volume=0
12-17 23:15:05.460  2852  2852 D NetWorkUtils: is3GCalling is false,mCdmaSlot is -1
12-17 22:30:40.840  5394  5394 V JNIHelp : Registering com/tencent/mmdb/repair/BackupTask natives
12-17 20:46:52.645  1795  2748 D HwAmbientLuxFilterAlgo: t=124766343,BT=124767343,DT=124770343,BT1=124770343,DT1=124774343,Bn=false,Dn=false,lx=[9.0/124764838, 9.0/124765139, 9.0/124765440, 9.0/124765741, 9.0/124766042, 9.0/124766343],mLx=5.0,s=5.0,ss=0.023454152,AuIntervened=false,mProximityState=false,bLux=15.0,dLux=0.0,bLux1=15.0,dLux1=0.0
12-18 07:31:23.091  1795  2748 D HwAmbientLuxFilterAlgo: earliestValidTime + POWER_ON_BRIGHTENING_LIGHT_DEBOUNCE
12-17 19:59:58.010  1795  1819 D NetworkManagement: notifyInterfaceClassActivity: client is com.android.server.connectivity.Vpn$2@e40aefb
12-17 23:18:08.216 10682 10704 D MagicLink: NearBy-Service:====>DefaultState{ when=-5ms what=28 arg1=3 target=com.android.internal.util.StateMachine$SmHandler }
12-18 14:10:42.857  1795  5901 I AwareLog: AwareMem_Kill: execute: killing count=0
12-18 07:41:53.296  2852  2852 I HwPhoneStatusBar: updateNotificationShade
12-17 21:48:20.917  3626  3753 I SizeStateMachine: Sdcard free size is 16379432960 B. InitialState is 0
12-18 08:29:14.826  2852  2852 I HwMobileSignalController: notifyListenerHuawei::origin typeIcon:2130839197 icons.mName:4GPLUS isSuspend:false, showDataIcon=true, dataConnected=true, isRoaming=false
12-18 08:12:25.315  1795  2380 I PowerManager_screenOn: PowerManagerNotifier onUserActivity: event=2, uid=1000
12-18 00:20:24.818  1795  2381 D libfingersense_wrapper: Calling fingersense_touch_up()
12-18 15:34:28.924 10334 10334 D wpa_supplicant: 1c:fa:68:c5:7b:ce freq=2412 qual=0 noise=-89~ level=-63 snr=26 flags=0xb age=0 est=65000
12-17 21:50:36.809  1795  2380 I PowerManager_screenOn: PowerManagerNotifier onUserActivity: event=1, uid=1000
12-17 20:40:35.701  2852  2914 I HwMobileSignalController: updateSignalStrength: signalStrength=SignalStrength: -1 0 -1 255 -1 255 -1 255 255 24 -92 -8 188 2147483647 2147483647 false gw|lte
12-18 07:57:10.143  2852  2914 I SimCardMethod: isCardAbsent slot:0 slotState:5
12-17 23:05:28.284  2852  2852 D HwCustMobileSignalControllerImpl: isCurrentBySim()=false
12-18 18:26:45.135  2852  3556 I NetworkController.MobileSignalController(0): onDataActivity: direction=4
12-17 21:13:11.505   633 31870 I SDK     : <2016-12-17 21:13:11> [WARN] SDK: UE-SeC 2016-12-17 21:13:11:505 Level[WARN] magic[3362781472 684]:PubEvt_Close Getting a socket[35] from the Socket-table Failed!
12-17 23:28:34.688   633 31870 I SDK     : 
12-18 14:08:18.206  1795 20747 V InputMethodManagerService: Window asks to hide input going forward
12-18 09:11:07.965   633   692 I eSpaceService: Watch Thread{4481} WatchThread.onLoop(WatchThread.java:94) watch thread onLoop... 
12-17 21:22:41.541  2852  2852 I HwNavigationBarView: updateVirtualKeyType:oldType=0, newType=0, VirtualKeyPosition=1
12-18 08:30:08.899  1795  1795 D HwConnectivityService: start powersaving action!
12-18 14:19:45.315   633 31870 I SDK     : 
12-18 19:49:19.290 25067 25529 W ContextImpl: Calling a method in the system process without a qualified user: android.app.ContextImpl.sendBroadcast:996 android.content.ContextWrapper.sendBroadcast:426 com.huawei.betaclub.feedback.service.FeedbackService$2.run:235 java.lang.Thread.run:776 <bottom of call stack> 
12-17 21:50:54.784  1795  1795 I AlarmManager: remove(null) changed bounds; rebatching
12-18 14:12:34.528  5157  5157 W cr_BindingManager: Cannot call determinedVisibility() - never saw a connection for the pid: 5157
12-18 10:54:50.244   835  2385 E libteec : qsc_decode end
12-18 19:31:05.013  2852  2852 D StatusBar: No peeking: not in use: 0|com.huawei.health|10010|null|10099
12-18 14:11:33.343   633 31870 I SDK     : <2016-12-18 14:11:33> [WARN] SDK: UE-SeC 2016-12-18 14:11:33:343 Level[WARN] magic[3362781472 684]:PubEvt_Close Getting a socket[254] from the Socket-table Failed!
12-18 10:50:58.510  1795  1806 D PowerManagerService: ready=true,policy=0,wakefulness=0,wksummary=0x1,uasummary=0x0,bootcompleted=true,boostinprogress=false,waitmodeenable=false,mode=true,manual=33,auto=-1,adj=0.0userId=0
12-18 19:49:31.636  1795  1821 I WindowManger_keyguard: Setting mDismissKeyguard true by win Window{e6a6b5e u0 com.android.incallui/com.android.incallui.InCallActivity}
12-17 21:53:29.550  2852  2852 V KeyguardUpdateMonitor: KGSvcFp onAuthenticationAcquired.2001
12-17 23:30:53.067  1795  2750 D HW_DISPLAY_EFFECT: presently, hw_update_color_temp_for_rg_led interface not achieved.
12-17 23:24:00.166   814 11251 V NuPlayer: postponing action mFlushingAudio=2, mFlushingVideo=0
12-18 14:12:35.417  5157  5157 I chromium: [INFO:CONSOLE(1)] "Uncaught SyntaxError: Unexpected token var", source:  (1)
12-18 11:16:07.314  2852  2852 I TrafficPanelViewContent: onShowStatusChange show:false
12-17 22:34:35.527  2852  2852 D HwCustMobileSignalControllerImpl: sub =0,strMccMnc =null,hashMccMnc =[],strPlmn =hw_customized_networkType_entry
12-17 23:08:17.427  2852  2852 D HwCustMobileSignalControllerImpl: isCurrentBySim()=false
12-17 19:59:38.023  1795  1819 D NetworkManagement: notifyInterfaceLinkStateChanged 9
12-17 20:56:45.483  1795  2737 W WifiProJNI: poll before: g_monitor_fd =310
12-18 12:48:48.932  7194  7208 W PushLog2824: 	at android.os.Looper.loop(Looper.java:156)
12-17 21:27:04.289  2852  2867 D KeyguardViewMediator: notifyScreenTurnedOn
12-18 17:44:36.794  2852  2852 D TintTextView: #B3FFFFFF com.android.systemui.tint.TintTextView{8a4a4ce V.ED..... ......ID 0,0-0,0 #7f14032f app:id/hw_notification_number}
12-17 20:35:03.039 24266 24266 V chaunce : org.iqiyi.video.vote.b.aux.a()<-1> : checkVoteShowTime-->1166729
12-18 09:19:06.616  2852  2852 I HwSignalClusterView: apply hwPhoneState.mSubId:0 anyMobileVisible:false mIsAirplaneMode:false, mobileGroupVisible=true
12-18 09:35:06.140  3858  4126 I amsnl   : m1: false
12-18 15:40:07.304  1795  2380 D KeyEvent: obtain, mHwFlags=238422193
12-18 07:51:53.069   633 31870 I SDK     : 
12-18 14:13:12.602  5157  5201 D TelephonyManager: getNeighboringCellInfo calling app is com.sankuai.meituanhd
12-18 08:38:00.770   633 31870 I SDK     : 
12-18 19:49:51.890  5224  5283 I Step_ExtendStepDataManager: 20002302|compensate 24701029 129
12-18 17:33:08.516  2852  2852 I PhoneStatusBar: removeNotificationChildren
12-18 09:14:04.611  2852  2852 W AppHandler: sendMessage 4
12-18 18:32:39.922  1795 20929 I ActivityManager: cleanUpApplicationRecordLocked, pid: 19378, restart: false
12-17 20:25:52.508  2852  2852 I NotificationGroupManager: onEntryAdded:0|com.huawei.health|10010|null|10099, group=0|com.huawei.health|10010|null|10099
12-18 18:47:48.764  3382  3399 D QcrilMsgTunnelSocket: Rcvd UNSOL response with 28 bytes data for SUB0
12-17 22:58:02.424  2852  2852 D HwCustMobileSignalControllerImpl: isCurrentBySim()=false
12-17 21:02:54.329 24266 24266 I qiyippsplay: org.iqiyi.video.ui.bf.h()<-1> : 当前时间338296
12-17 20:11:46.731  5224  5283 I Step_DataCache: 20002302|getTodayTotalSteps 5650
12-18 15:32:57.852 10334 10334 D wpa_supplicant: wlan0: Control interface command 'GET_NETWORK 0 scan_ssid'
12-17 23:34:28.201   633 31868 I SDK     : 
12-17 20:47:20.672  2852  2852 D HwCustMobileSignalControllerImpl: sub =0,strMccMnc =null,hashMccMnc =[],strPlmn =hw_customized_networkType_entry
12-18 15:37:35.234  1795  2728 D HwArpVerifier: check_wifi_state_mode = 0 mCheckStateToken=1050 token1050
12-18 07:49:00.277   633 31870 I SDK     : 
12-18 19:01:18.145  1795  2323 E UsbDeviceManager: 	at java.io.FileInputStream.open(Native Method)
12-18 14:10:17.589  1795 11745 D PowerManagerService: acquire lock=33189423, flags=0x1, tag="RILJ_ACK_WL", name=com.android.phone, ws=null, uid=1001, pid=3218
12-18 15:37:10.557  2852  2852 I HwSignalClusterView: apply hwPhoneState.mSubId:0 anyMobileVisible:false mIsAirplaneMode:false, mobileGroupVisible=true
12-17 22:32:35.512  2852  2852 I HwSignalClusterView: getOrInflateState subId:0
12-17 19:31:50.910  1795  6986 I qti_sensors_hal: flush,395,handle 49
12-18 10:44:50.407  3626  3626 E PTM.FileNodeInfo: getTempInfo error: null, 0
12-17 19:32:11.509  7741  7758 D TmoMonitor: Cache monitor msg as screen_off
12-18 19:50:23.186  3180  4328 I PGServer: checkPkgType. calling pkg: com.huawei.iaware
12-18 10:52:09.412   808   547 D [HWCamera] IppAlgoSmartAE: virtual void android::IppAlgoSmartAE::onNewArrival(void *, void *, int, int, int) exit
12-17 23:01:06.605  1795  2748 D HwAmbientLuxFilterAlgo: earliestValidTime + POWER_ON_DARKENING_LIGHT_DEBOUNCE
12-18 14:20:50.155  1795  2323 E UsbDeviceManager: 	at android.os.UEventObserver$UEventThread.sendEvent(UEventObserver.java:210)
12-18 14:14:12.178  1795  6985 I qti_sensors_hal: batch:sensor(android.sensor.accelerometer) handle:0 flags:0x0 period_ns 66667000
12-17 23:10:17.106  7194  8992 I PushLog2824: [SocketRead_23:03:53-13722]broadcast(),and mReceivers  4(android/null:-1)
12-18 18:24:33.636  1795  2381 D libfingersense_wrapper: fingersense_touch_up() finished
12-17 20:31:48.185 24266 24266 I DownloadEpisodeAdapter: [qiyi_LOG_INFO DownloadEpisodeAdapter] setEpisodeTitle
12-17 22:29:44.029   606  2379 E libteec : QSEECom_send_cmd return!
12-17 20:20:50.984  3879  4071 D ApplicationPackageManager: queryIntentActivitiesAsUser size results:1, for package:com.tencent.mm
12-17 21:53:19.049  2852  2852 W HwPhoneLayoutInflater: onCreateView : ClassNotFoundException, In this case we want to let the base class take a crack at it
12-18 19:25:35.348  1795  2750 D SurfaceControl: Excessive delay in setPowerMode(): 221ms
12-18 14:11:33.340   633 31870 I SDK     : 
12-17 21:08:23.816  1795  1795 I MQoS    : received cell-signal:1
12-18 17:31:34.194  5224  5224 I Step_LSC: 20002302|onStandStepChanged 85303
12-18 00:18:36.807  2852  2852 D HwCustMobileSignalControllerImpl: sub =0,strMccMnc =null,hashMccMnc =[],strPlmn =hw_show_lte
12-18 19:51:28.977  1795  2750 D HW_DISPLAY_EFFECT: presently, hw_update_color_temp_for_rg_led interface not achieved.
12-18 10:55:28.049  3218  3375 I SendBroadcastPermission: action:com.huawei.android.intent.action.RAC_CHANGED, mPermissionType:0
12-17 22:53:07.148   633   692 I ECS     : msg.recv{4490} XmlMsg.decodeBuf(XmlMsg.java:237) RECV 5744 bytes [12]_00_03_02_01_01_05_88_F9_06_87_15_94 cmdCode(CC_Login.0x0101)msgType(MT_ACK.2)msgClass(MC_PersonalInformation.1)sender(ST_Mobile.0)crypted(true)zipped(false)nobase64(true)length(5740)version(3)sno(88F9)
12-18 15:32:20.737  1795  1819 D NetworkManagement: notifyInterfaceClassActivity: client is com.android.server.net.NetworkStatsService$6@5d6efc
12-17 20:31:48.386 24266 24266 I DownloadEpisodeAdapter: [qiyi_LOG_INFO DownloadEpisodeAdapter] localPath = /storage/emulated/0/Android/data/com.qiyi.video/files/203364601_574272000/203364601_574272000.jpg
12-18 01:04:54.861  1795 18824 D PFW.HwPFWAppWakeLockPolicy: getUidWakeLock uid: 10129 wakelock(minutes): 0
12-17 20:23:59.962  1795  1808 I ActivityManager_broadcast: dispatch ordered broadcast [background] BroadcastRecord{61c4c6f u0 com.tencent.mm.plugin.openapi.Intent.ACTION_HANDLE_APP_REGISTER}, has 1 receivers
12-18 15:33:54.016  1795  2739 D HuaweiWifiWatchdogStateMachine: LM mrssi=-50
12-18 19:49:58.907   633 31870 I SDK     : 
12-17 19:31:40.251  1795  2671 D WifiStateMachine:  L2ConnectedState CMD_ENABLE_RSSI_POLL  rt=123013423/442836615 0 0
12-18 09:19:47.542  1795 17832 I AlarmManager: set(PendingIntent{d75407f: PendingIntentRecord{fe0bee8 android broadcastIntent}}) : type=0 triggerAtTime=1482024017540 win=0 tElapsed=492556267 maxElapsed=492556267 interval=0 flags=0x9
12-18 14:15:21.819   633  7829 E SDK     : <2016-12-18 14:15:21> [ERR] SDK: UE-SeC 2016-12-18 14:15:21:819 Level[ERR] magic[2119555360 1992]:get =>FSM_Tool_CreateFileHandle error [-1000]
12-18 15:34:45.848  1795  2381 D libfingersense_wrapper: fingersense_touch_up() finished
12-18 07:29:40.892  3180 19874 I PGServer: report state:5 event type:1 pid:0 uid:10102 pkg:null to pid: 1795
12-17 20:11:45.228  2852  2852 D HwCustMobileSignalControllerImpl: sub =0,strMccMnc =null,hashMccMnc =[],strPlmn =hw_mcc_mnc
12-18 08:06:19.726  2852  2852 I HwSignalClusterView: apply hwPhoneState.mSubId:0 anyMobileVisible:false mIsAirplaneMode:false, mobileGroupVisible=true
12-17 23:32:50.696   633 31870 I SDK     : 
12-18 14:10:52.119  5994  5994 D wpa_supplicant: wlan0: nl80211: scan request
12-18 17:43:34.044   816 18263 D DnsProxyListener: GetAddrInfoHandler addr: frep.meituan.net {317, 917821, 10146} 103.37.152.3
12-17 19:32:23.443  1795  1825 D Sensors : activate called handle:3 enable:1
12-18 15:37:34.267 12846 12846 D HwIntelligent3_BitmapUtil: bmp is null : false
12-17 23:41:22.655   633 31870 I SDK     : 
12-18 09:51:02.698  3180  3578 I AppManager: check dependency pid: 4690 is depended by pid: 1795
12-17 22:30:34.349 25067 25098 D AndroidCommon: [SdcardManager.isMounted]Path:/storage/emulated/0
12-17 23:13:44.513   835  2385 E libteec : qsc_decode end
12-18 10:52:09.645   808   547 D QCameraParameters: int qcamera::QCameraParameters::getFlashStatus(const void*, int*) const *flashStatus = 0
12-18 14:07:29.282  3626  4955 I iMonitor: create: 903001013
12-18 19:28:09.470  3382  3399 D QcrilMsgTunnelSocket: Rcvd UNSOL response with 28 bytes data for SUB0
12-17 19:40:31.059  2852  2925 V KGWallpaper_Magazine: load magazine wallpaper start
12-18 17:42:26.863  4690  4690 D KeyEvent: obtain, mHwFlags=-1291845632
12-18 13:11:20.672  5224  5283 I Step_LSC: 20002302|REPORT : 7872 167877 5599 0
12-18 07:00:04.261  1795  2376 I AlarmManager: sending alarm Alarm{8de6cf8 type 3 when 482503611 android},repeatInterval = 1800000,listenerTag =null
12-17 23:35:13.770  2852  2914 I HwMobileSignalController: updateSignalStrength: signalStrength=SignalStrength: -1 0 -1 255 -1 255 -1 255 255 19 -101 -9 64 2147483647 2147483647 false gw|lte
12-18 19:52:01.324  5224  5283 I Step_ExtendStepDataManager: 20002302|compensate 24701032 3
12-18 16:01:10.020  1795  1809 I MultiTaskManagerService: onProcessDied pid = 14284, uid = 10084
12-18 19:45:36.463  1795 16500 I NotificationManager: enqueueNotificationInternal: pkg=com.huawei.health id=10010 notification=Notification(pri=0 contentView=null vibrate=null sound=null defaults=0x0 flags=0x2 color=0x00000000 vis=PRIVATE)
12-18 14:12:40.240  5994  5994 D wpa_supplicant: WPS: attr type=0x103b len=1
12-18 17:02:05.125  3626  3626 E PTM.FileNodeInfo: getTempInfo error: null, 0
12-18 15:35:01.906  1795  1795 I NotificationManager: enqueueNotificationInternal: n.getKey = 0|com.android.browser|1610612739|null|10029
12-17 19:57:21.572  1795  5219 D HwWifiCHRStateManager: handleSupplicantStateChange updateAPMAC: 00:00:00:00:00:00
12-18 09:11:56.274  1795  3884 D ActivityManager: Skipping, withExcluded: false, tr.intent:Intent { flg=0x10800000 cmp=com.huawei.camera/com.huawei.rapidcapture.RapidPlaceHolderActivity }
12-18 18:41:02.384   633 31870 I SDK     : 
12-18 10:39:37.396  2852  2852 V KeyguardUpdateMonitor: KGSvcFp Finger onAuthenticationSucceeded result= android.hardware.fingerprint.FingerprintManager$AuthenticationResult@fb9695a
12-18 00:10:34.235  2852  2852 D NetWorkUtils: is3GCalling is false,mCdmaSlot is -1
12-17 21:33:00.875  2852  2852 I HwNotificationIconAreaController: showNotificationAll
12-17 23:01:06.050  1795  1795 I NotificationManager: updateLightsLocked,turn off notificationLight
12-18 18:31:48.351  2852  2852 D NetWorkUtils: mVSimCurCardType is -1
12-17 23:13:39.637  1795  1795 E         : ######  output 0
12-18 14:08:22.318  1795  3110 D PowerManagerService: Releasing suspend blocker "PowerManagerService.WakeLocks".
12-17 22:46:38.172   633 31870 I SDK     : 
12-18 18:30:41.026  2852  2852 W HwPhoneLayoutInflater: onCreateView : ClassNotFoundException, In this case we want to let the base class take a crack at it
12-18 05:56:31.499  1795  3121 I HwActivityManagerService: Split enqueueing broadcast [callerApp]:ProcessRecord{24cdca7 3218:com.android.phone/1001}
12-18 19:49:49.884  5224  5283 I Step_LSC: 20002302|REPORT : 16905 360516 12024 0
12-18 14:12:14.148  5157  5157 I chromium: [INFO:CONSOLE(1)] "Uncaught SyntaxError: Unexpected token var", source:  (1)
12-17 21:13:11.794   633 31868 I SDK     : 
12-18 15:28:31.865  1795  3237 I ActivityManager_broadcast: dispatch ordered broadcast [background] BroadcastRecord{eba5c2e u-1 com.android.systemui.statusbar.visible.change}, has 1 receivers
12-17 23:12:07.560  1795  1812 I ActivityManager_broadcast: dispatch ordered broadcast [bgkeyapp] BroadcastRecord{b32893e u0 com.tencent.mm.plugin.report.service.KVCommCrossProcessReceiver}, has 1 receivers
12-18 11:20:52.789  1795  2323 E UsbDeviceManager: java.io.FileNotFoundException: sys/class/hw_power/charger/charge_data/water_intrused (No such file or directory)
12-18 11:26:03.827   633 31870 I SDK     : 
12-17 23:14:02.644  2852  2852 D HwCustMobileSignalControllerImpl: sub =0,strMccMnc =null,hashMccMnc =[],strPlmn =hw_mcc_mnc
12-17 19:56:32.023  1795  1795 I QosMonitor: queryRtt: rtt_type = 3
12-18 19:49:57.958   633   692 I eSpaceService: Watch Thread{4481} WatchThread.onLoop(WatchThread.java:98) watch thread onLoop...--》 iWatched.doWatch() 
12-18 11:16:06.920  1795  1819 I SendBroadcastPermission: action:android.net.conn.DATA_ACTIVITY_CHANGE, mPermissionType:0
12-17 21:37:47.507   633 32686 E SDK     : 
12-17 19:57:21.540  5215  5215 D wpa_supplicant: CTRL_IFACE: Failed to get network variable 'user_cert_file'
12-18 10:59:21.892  2852  2852 D NetWorkUtils: is3GCalling is false,mCdmaSlot is -1
12-18 17:41:33.147  1795  2380 D PowerManagerService: ready=true,policy=3,wakefulness=1,wksummary=0x0,uasummary=0x1,bootcompleted=true,boostinprogress=false,waitmodeenable=false,mode=true,manual=33,auto=-1,adj=0.0userId=0
12-18 18:33:19.771  1795  2323 E UsbDeviceManager: 	at android.os.UEventObserver$UEventThread.sendEvent(UEventObserver.java:210)
12-17 21:23:17.286  2852  2852 E KeyguardUpdateMonitor: isSimPinSecure mSimDatas is null or empty 
12-18 09:18:40.977   533  3739 E ANDR-PERF-MPCTL: Invalid profile no. 0, total profiles 0 only
12-17 19:58:33.365  1795  2671 I HwActivityManagerService: Split enqueueing broadcast [callerApp]:ProcessRecord{34bf34f 0:system/1000}
12-18 10:46:02.974  1795  2748 D lux trace:: [617.0/138999972, 622.0/139000325, 620.0/139000692, 665.0/139001061, 683.0/139001429, 656.0/139001797, 608.0/139002153, 603.0/139002505, 608.0/139002860, 564.0/139003227, 517.0/139003579, 509.0/139003932]
12-18 14:07:29.764  1795 15987 I ActivityManager: Process com.huawei.logupload (pid 5013) has died
12-18 08:23:57.580  3180  3578 I ash     : perform hibernation actions!
12-18 15:32:57.324 10334 10334 D wpa_supplicant: nl80211: Register frame type=0xd0 (WLAN_FC_STYPE_ACTION) nl_handle=0x7f9a44d200 match=0a1a
12-18 08:29:54.293  1795  2380 I ActivityManager_activity: Start pausing: ActivityRecord{ee1f1d1 u0 com.android.browser/com.uc.browser.InnerUCMobile t389}
12-18 08:11:02.295  5224  5283 I Step_HSNH: 20002302|rebuild notification
12-18 12:39:34.393  2852  2852 I SlideTouchEvent: handleTouchEvent:MotionEvent { action=ACTION_UP, actionButton=0, id[0]=0, x[0]=268.0, y[0]=119.0, toolType[0]=TOOL_TYPE_FINGER, buttonState=0, metaState=0, flags=0x0, edgeFlags=0x0, pointerCount=1, historySize=0, eventTime=139436898, downTime=139436799, deviceId=10, source=0x1002 }
12-17 20:49:10.736   633 26886 W imssdk_CloudRecord: CloudRecordGetCfgInfoRspNotify, handle: 48
12-18 14:12:29.123  5157  5157 I chromium: [INFO:CONSOLE(1)] "Uncaught ReferenceError: WebViewJavascriptBridge is not defined", source:  (1)
12-18 15:33:20.086  1795  2685 D ConnectivityService: notifyType CAP_CHANGED for NetworkAgentInfo [WIFI () - 316]
12-18 19:25:50.029  2852  2852 I StackScrollAlgorithm: updateDimmedActivatedHideSensitive overlap:false
12-18 14:11:23.962  5157  5157 I chromium: [INFO:CONSOLE(1)] "Uncaught SyntaxError: Unexpected token var", source:  (1)
12-18 14:12:13.847  5157  5157 D test    : sending:{"handlerName":"getRegisteredJsHandler","callbackId":"java_cb_1","data":null}
12-18 10:41:04.181  2852  2852 I KeyguardUpdateMonitor: authenticate by 0 mode!
12-18 14:08:03.376  3218  4159 I PhoneInterfaceManager: shouldBlockLocation  ret:false
12-18 07:57:58.510  1795  2380 D PowerManagerService: userActivityNoUpdateLocked: eventTime=136820288, event=2, flags=0x0, uid=1000
12-18 14:08:56.969  2852  3556 I NetworkController.MobileSignalController(0): onSignalStrengthsChanged signalStrength=SignalStrength: -1 0 -1 255 -1 255 -1 255 255 26 -90 -9 116 2147483647 2147483647 false gw|lte level=5 isSuspend=false levelOld=5,mSignalStrength level=5
12-18 17:36:25.767  4492  4492 I 2DSDR   : APS: 2DSDR: AbsListView.FlingRunnable.run(), SDR ratio = 1.0, layer height = 1920, scroll view height = 1440
12-17 23:16:21.785  3879  3879 I HwLauncher: UnreadContentObserver onChange() : className=com.huawei.android.launcher.NewEspaceMessageContentObserver
12-18 19:43:59.564  2852  2852 D HwCustMobileSignalControllerImpl: sub =0,strMccMnc =null,hashMccMnc =[],strPlmn =hw_show_4g
12-18 18:23:26.326  1795  1795 I Sensor  : updateLight --> mIsNotificationExisting: false ledOnMS: 0 ledOffMS :0
12-18 18:51:10.694  3626  3626 E PTM.FileNodeInfo: getTempInfo error: null, 0
12-18 17:41:33.400  1795  6988 I ActivityManager: cleanUpApplicationRecordLocked, pid: 12256, restart: false
12-18 09:36:02.219  1795 15987 D PowerManagerService: ready=true,policy=0,wakefulness=0,wksummary=0x1,uasummary=0x0,bootcompleted=true,boostinprogress=false,waitmodeenable=false,mode=true,manual=33,auto=-1,adj=0.0userId=0
12-18 08:17:39.012  3382  3382 I SendBroadcastPermission: action:com.qualcomm.intent.action.ACTION_UNSOL_RESPONSE_OEM_HOOK_RAW, mPermissionType:0
12-18 18:32:57.452  2852  2925 W AudioTrack: AUDIO_OUTPUT_FLAG_FAST denied by client; transfer 4, track 44100 Hz, output 48000 Hz
12-17 19:57:32.993  1795  1795 D HwWifiCHRStateManager: CONFIGURED_NETWORKS_CHANGED_ACTION:change_reason = 2
12-17 23:10:17.462   633 31870 I SDK     : 
12-18 00:09:54.903  3858  4126 I amsnl   : m1: false
12-17 22:29:20.338  2852  2852 W HwPhoneLayoutInflater: onCreateView : ClassNotFoundException, In this case we want to let the base class take a crack at it
12-18 08:49:09.191  1795  1795 I NotificationManager: enqueueNotificationInternal: n.getKey = 0|com.huawei.health|10010|null|10099
12-18 10:57:04.481  2852  2852 I HwPhoneStatusBar: updateNotificationShade
12-17 22:40:44.673  2852  3556 I NetworkController.MobileSignalController(0): onSignalStrengthsChanged signalStrength=SignalStrength: -1 0 -1 255 -1 255 -1 255 255 18 -102 -7 170 2147483647 2147483647 false gw|lte level=4 isSuspend=false levelOld=4,mSignalStrength level=4
12-18 19:49:26.293  1795  3364 I MediaFocusControl:  AudioFocus  requestAudioFocus() from uid/pid 1000/1795 clientId=AudioFocus_For_Phone_Ring_And_Calls req=2 flags=0x4
12-18 15:33:18.613 10334 10334 D wpa_supplicant: WPS: attr type=0x1042 len=8
12-18 15:36:02.520  1795  2396 E DatabaseUtils: 	at com.android.providers.settings.SettingsProvider.mutateGlobalSetting(SettingsProvider.java:922)
12-17 20:15:47.901  1795 16498 D PowerManagerService: ready=true,policy=0,wakefulness=0,wksummary=0x1,uasummary=0x0,bootcompleted=true,boostinprogress=false,waitmodeenable=false,mode=true,manual=33,auto=-1,adj=0.0userId=0
12-17 19:55:49.274  3180  3578 I ThermalStateManager: handle action thermal policy:100000
12-17 22:51:29.669  2852  2852 V MagazineDetailView: Wallpaper changed
12-18 00:00:50.928   633 31870 I SDK     : <2016-12-18 00:00:50> [WARN] SDK: UE-SeC 2016-12-18 0:0:50:928 Level[WARN] magic[3362781472 684]:PubEvt_Close Getting a socket[245] from the Socket-table Failed!
12-17 20:01:32.425   633 31870 I SDK     : <2016-12-17 20:01:32> [WARN] SDK: UE-SeC 2016-12-17 20:1:32:424 Level[WARN] magic[3362781472 684]:PubEvt_Close Getting a socket[206] from the Socket-table Failed!
12-17 22:54:59.005   633 31868 I SDK     : <2016-12-17 22:54:59> [NOTICE] SDK: UE-SeC 2016-12-17 22:54:59:5 Level[NOTICE] magic[3365677344 6458]:FSM_Tool_TreatFolderEncEx => [START]: pcFileName [anyofficeKeyspaceUserLastLogintime_w00290667] 
12-17 23:30:41.606  1795  2748 D HwAmbientLuxFilterAlgo: t=131729916,BT=131730916,DT=131733916,BT1=131733916,DT1=131737916,Bn=false,Dn=false,lx=[12.0/131728412, 12.0/131728712, 11.0/131729013, 12.0/131729314, 12.0/131729615, 12.0/131729916],mLx=17.0,s=5.0,ss=0.020408165,AuIntervened=false,mProximityState=false,bLux=176.0,dLux=3.5,bLux1=176.0,dLux1=3.5
12-17 21:39:55.037  3382  3399 D QcrilMsgTunnelSocket: Rcvd UNSOL response with 28 bytes data for SUB0
12-18 12:38:43.379  1795  2323 E UsbDeviceManager: java.io.FileNotFoundException: sys/class/hw_power/charger/charge_data/water_intrused (No such file or directory)
12-17 20:11:43.345  2852  2852 I StackScrollAlgorithm: updateDimmedActivatedHideSensitive overlap:true
12-17 19:59:04.415 17125 17125 E hilinkService: enter connectivity_finish!
12-18 14:12:06.529  1795  1819 D NetdConnector: RCV unsolicited event from native daemon, event = 601 limit alert globalAlert wlan0
12-18 19:53:48.580  1795  2750 D HW_DISPLAY_EFFECT: presently, hw_update_color_temp_for_rg_led interface not achieved.
12-17 21:34:00.427  2852  2852 D TimeKeeper: onTick timeUnit:0, info:[mMillisUntilFinished:51919, mHour:0, mMinute:0, mSecond:52]
12-18 08:44:05.131   633 31870 I SDK     : <2016-12-18 08:44:05> [WARN] SDK: UE-SeC 2016-12-18 8:44:5:131 Level[WARN] magic[3362781472 684]:PubEvt_Close Getting a socket[124] from the Socket-table Failed!
12-18 15:29:27.930  1795  2380 D KeyEvent: obtain, mHwFlags=1874117200
12-17 22:48:51.901  7194  7208 W PushLog2824: [ReceiverDispatcher-336]socket has been closed(android/null:-1)
12-17 22:41:38.504  3218  3218 I QImsService: ImsServiceSub : handleSsac voice = 255
12-17 21:23:22.110  3168 30495 D HwRepairHelper: getRcvData() TimeLteLevelOther :  2973
12-18 14:08:48.010  3858  4126 I amsnl   : csr
12-17 21:07:50.211  1795  2748 D HwAmbientLuxFilterAlgo: t=126023909,BT=126024909,DT=126027909,BT1=126027909,DT1=126031909,Bn=false,Dn=false,lx=[6.0/126022404, 6.0/126022705, 6.0/126023006, 6.0/126023307, 6.0/126023608, 6.0/126023909],mLx=5.0,s=5.0,ss=0.011235954,AuIntervened=false,mProximityState=false,bLux=15.0,dLux=0.0,bLux1=15.0,dLux1=0.0
12-17 21:23:27.107 30521 30521 D Tinker.DefaultAppLike: onBaseContextAttached:
12-17 20:15:58.162  3626  3626 I iMonitor: create: 903001012
12-17 21:33:34.922  2852  2852 V AudioManager: playSoundEffect   effectType: 0
12-18 15:43:35.174  1795  1809 I WindowManager: Application requested orientation -1, got rotation 3 which has compatible metrics
12-18 12:49:53.363  2852  2852 I HwMobileSignalController: notifyListenerHuawei::origin typeIcon:2130839197 icons.mName:4GPLUS isSuspend:false, showDataIcon=true, dataConnected=true, isRoaming=false
12-18 15:34:44.072  1795  1795 I TrafficMonitor: no expired. level:4
12-17 20:29:31.121   633 31870 I SDK     : <2016-12-17 20:29:31> [WARN] SDK: UE-SeC 2016-12-17 20:29:31:121 Level[WARN] magic[3362781472 684]:PubEvt_Close Getting a socket[50] from the Socket-table Failed!
12-18 14:08:26.641  1795  3253 D PowerManagerService: Releasing suspend blocker "PowerManagerService.WakeLocks".
12-18 15:37:32.042  1795  6985 D WindowManager: ACTIVITY check resid: com.android.browser, size=7
12-18 19:52:18.320  1795  6986 I HwActivityManagerService: Split enqueueing broadcast [callerApp]:ProcessRecord{580cfb2 5224:com.huawei.health:DaemonService/u0a99}
12-17 21:52:11.932  1795  2332 I qti_sensors_hal: [ACC]processReportInd: X: 2.427182 Y: 9.545721 Z: 2.262485  x_offset:0.160831 y_offset:0.184366 z_offset:0.985027
12-17 23:37:53.607  1795  3139 I AlarmManager: remove(PendingIntent{e3891b7: PendingIntentRecord{16b6f78 com.android.phone broadcastIntent}}) changed bounds; rebatching
12-18 07:33:45.239  2852  3556 I NetworkController.MobileSignalController(0): onSignalStrengthsChanged signalStrength=SignalStrength: -1 0 -1 255 -1 255 -1 255 255 21 -99 -10 106 2147483647 2147483647 false gw|lte level=4 isSuspend=false levelOld=4,mSignalStrength level=4
12-17 23:12:16.619  1795  2381 D libfingersense_wrapper: Calling fingersense_touch_up()
12-18 00:14:56.727  1795  1795 I MQoS    : onSignal: mSubId=1,currDataSubID=0
12-18 18:41:03.383  1795  3237 D PowerManagerService: ready=true,policy=0,wakefulness=0,wksummary=0x1,uasummary=0x0,bootcompleted=true,boostinprogress=false,waitmodeenable=false,mode=true,manual=33,auto=-1,adj=0.0userId=0
12-18 18:32:28.040  1795  2736 E hwintelligencewifi: stopScanAp mIsScaning = false
12-17 23:50:44.117   835   835 I fingerprintd: fingerprintd
12-18 00:24:04.494  2852  2914 I SimCardMethod: isCardAbsent slot:0 slotState:5
12-18 15:28:36.212  5994  5994 D wpa_supplicant: CTRL-DEBUG: ctrl_sock-sendmsg: sock=16 sndbuf=229376 outq=0 send_len=24
12-17 21:51:50.002  1795  1825 D DisplayPowerController: Unfinished business...
12-18 15:34:26.504  1795  1795 D WifiScanGenie_Controller: wifi connect, is isNewCellId ,mCurrentCellId: 48229479
12-18 00:05:02.787  1795 16499 D PowerManagerService: acquire lock=184063844, flags=0x1, tag="NetworkStats", name=android, ws=null, uid=1000, pid=1795
12-18 07:58:59.426   633 31870 I SDK     : <2016-12-18 07:58:59> [WARN] SDK: UE-SeC 2016-12-18 7:58:59:426 Level[WARN] magic[3362781472 684]:PubEvt_Close Getting a socket[151] from the Socket-table Failed!
12-17 20:52:00.009  2852  2852 I HwDateUtils:  formatChinaDateTime equals.
12-17 21:52:43.233  1795  1825 D DisplayPowerController: Animating brightness: target=12, rate=40
12-18 07:30:02.140  1795  2748 D HwAmbientLuxFilterAlgo: earliestValidTime + POWER_ON_DARKENING_LIGHT_DEBOUNCE
12-18 19:25:16.520   633 31870 I SDK     : <2016-12-18 19:25:16> [WARN] SDK: UE-SeC 2016-12-18 19:25:16:520 Level[WARN] magic[3362781472 684]:PubEvt_Close Getting a socket[182] from the Socket-table Failed!
12-18 15:29:59.063  1795  3884 D PowerManagerService: release:lock=218203495, flg=0x0, tag="RILJ_ACK_WL", name=com.android.phone", ws=null, uid=1001, pid=3218
12-18 08:14:12.855  2852  2852 D KeyguardViewMediator: handleNotifyWakingUp
12-18 15:29:32.399  1795  1806 I SendBroadcastPermission: action:android.intent.action.SIG_STR, mPermissionType:0
12-18 14:12:48.969  5157  5157 I chromium: [INFO:CONSOLE(1)] "Uncaught ReferenceError: WebViewJavascriptBridge is not defined", source:  (1)
12-18 19:50:15.480  2852  2852 I TrafficPanelViewContent: onShowStatusChange show:false
12-18 08:19:00.580  3858  4126 I amsnl   : csr
12-17 20:19:00.764  3879  4071 W CfgFilePolicy: CFG_DIRS length : 9
12-18 07:50:43.026   633 31868 I SDK     : <2016-12-18 07:50:43> [NOTICE] SDK: UE-SeC 2016-12-18 7:50:43:26 Level[NOTICE] magic[3365677344 2549]:Send switch tunnel msg ok,mode is [3],now mode is[1]!
12-18 19:25:16.502   633 31870 I SDK     : 
12-18 14:21:01.874  5224  5283 I Step_FlushableStepDataCache: 20002302|upLoadOneMinuteDataToEngine time=24700645 step=12 altitude=0 motion=20002
12-18 14:11:37.677  5157  5157 I chromium: [INFO:CONSOLE(1)] "Uncaught ReferenceError: WebViewJavascriptBridge is not defined", source:  (1)
12-17 22:41:38.685   633 31870 I SDK     : <2016-12-17 22:41:38> [WARN] SDK: UE-SeC 2016-12-17 22:41:38:684 Level[WARN] magic[3362781472 684]:PubEvt_Close Getting a socket[247] from the Socket-table Failed!
12-18 14:26:28.834  7194  7208 I PushLog2824: [ReceiverDispatcher-336]no more client need register and unregister(android/null:-1)
12-18 19:06:02.869  1795  1795 D HwConnectivityService: module:powersaving setMobileDataEnabled enabled = false
12-17 22:05:42.505  1795  1825 D Sensors : batch called handle:3 sample_ns:300000000 latency_ns:0
12-18 07:29:46.173  2852  3556 I NetworkController.MobileSignalController(0): onDataActivity: direction=2
12-17 21:10:00.037  2852  2852 W ResourceType: Failure getting entry for 0xffffffff (t=254 e=65535) (error -2147483647)
12-17 21:34:38.655  1795  1795 D HwConnectivityService: CtrlSocket getMobileDataEnabled = true
12-18 10:52:10.444   808   547 D [HWCamera] IppAlgoSmartAE: int android::IppAlgoSmartAE::doSmartAEAlgo(unsigned char *, void *, int, int, int),awbRgain=2,awbGgain=1,adbBgain=1,cct=6184
12-18 07:39:42.373  2852  2852 D HwCustMobileSignalControllerImpl: sub =0,strMccMnc =null,hashMccMnc =[],strPlmn =hw_show_4g
12-18 00:15:07.981  1795  1795 I NotificationManager: cancelAllNotificationsInt called
12-18 15:30:30.340  1795  1819 D NetworkManagement: notifyInterfaceClassActivity: client is android.net.INetworkManagementEventObserver$Stub$Proxy@af226
12-17 21:47:24.958  1795  2671 D WifiStateMachine:  DefaultState !CMD_SET_SUSPEND_OPT_ENABLED  rt=127298714/450981321 0 0
12-18 14:10:55.118  5157  5157 I chromium: [INFO:CONSOLE(1)] "Uncaught SyntaxError: Unexpected token var", source:  (1)
12-17 23:25:47.923  2852  2852 I HwSignalClusterView: getOrInflateState subId:0
12-17 21:18:49.008  1795  1819 I InputDispatcher: InputDispatcher::monitor frozen check!
12-18 00:24:29.783  3180  3578 I AppManager: check dependency pid: 4690 is depended by pid: 1795
12-17 23:29:50.607  2852  2852 D NetWorkUtils: mVSimCurCardType is -1
12-17 23:12:35.798   633 31868 E SDK     : 
12-18 07:57:06.023   606  2379 E libteec : send data return = 192
12-18 17:30:20.072 15393 15420 I System.out: null
12-17 21:50:18.993  1795  1808 I ActivityManager_broadcast: dispatch ordered broadcast [foreground] BroadcastRecord{f5a540 u-1 android.intent.action.TIME_TICK}, has 10 receivers
12-17 23:39:59.996   633 31870 I SDK     : <2016-12-17 23:39:59> [WARN] SDK: UE-SeC 2016-12-17 23:39:59:996 Level[WARN] magic[3362781472 684]:PubEvt_Close Getting a socket[167] from the Socket-table Failed!
12-17 22:33:44.097  1795  1795 D HwPFWLogger: AutoStartupDataMgr:isUnderControll third party not in whitelist: com.huawei.gamebox
12-18 10:40:01.307  1795  3253 D PowerManagerService: ready=true,policy=3,wakefulness=1,wksummary=0x1,uasummary=0x1,bootcompleted=true,boostinprogress=false,waitmodeenable=false,mode=false,manual=216,auto=-1,adj=0.0userId=0
12-18 08:14:46.394  1795  3237 I HwActivityManagerService: Split enqueueing broadcast [callerApp]:ProcessRecord{24cdca7 3218:com.android.phone/1001}
12-17 23:50:45.181  2852  2914 I SimCardMethod: isCardAbsent slot:0 slotState:5
12-18 08:26:47.971  5224  5283 I SendBroadcastPermission: action:android.com.huawei.bone.NOTIFY_SPORT_DATA, mPermissionType:0
12-18 15:38:24.133   633 31868 I SDK     : <2016-12-18 15:38:24> [NOTICE] SDK: UE-SeC 2016-12-18 15:38:24:133 Level[NOTICE] magic[3365677344 11020]:Total 1 callback!
12-17 22:38:47.266   633 31870 I SDK     : 
12-18 15:51:04.178   633 31870 I SDK     : 
12-18 09:45:40.884  1795 16498 D PowerManagerService: ready=true,policy=0,wakefulness=0,wksummary=0x1,uasummary=0x0,bootcompleted=true,boostinprogress=false,waitmodeenable=false,mode=true,manual=33,auto=-1,adj=0.0userId=0
12-17 19:56:05.173  1795  2750 I HwLightsService: back light level before map = 504
12-18 14:11:31.899  1795 15988 I ActivityManager_service: New app record ProcessRecord{7bb4b50 6462:com.huawei.phoneservice:loguploadservice/u0a18} thread=android.os.BinderProxy@811cc7c pid=6462 procname=com.huawei.phoneservice:loguploadservice
12-18 19:44:57.135  2852  2852 I HwMobileSignalController: notifyListenerHuawei::origin typeIcon:2130839197 icons.mName:4GPLUS isSuspend:false, showDataIcon=true, dataConnected=true, isRoaming=false
12-17 20:31:02.824  2852  2852 D HwCustMobileSignalControllerImpl: sub =0,strMccMnc =null,hashMccMnc =[],strPlmn =hw_mcc_mnc
12-17 21:26:55.404  3608  3608 D InCall  : DialpadFragment - Notifying dtmf key up.
12-18 17:48:02.807  1795  2323 E UsbDeviceManager: 	at android.os.FileUtils.readTextFile(FileUtils.java:267)
12-17 20:31:47.840 24266 24266 V BoostFramework: BoostFramework() : mPerf = com.qualcomm.qti.Performance@90ce8ce
12-18 14:31:02.698  1795 11747 D PowerManagerService: acquire lock=31859647, flags=0x1, tag="hibernation", name=com.huawei.powergenie, ws=null, uid=1000, pid=3180
12-17 22:25:15.085  1795  1809 I PowerManager_screenOn: finishKeyguardDrawn -> waitForAllWindowsDrawn
12-18 08:14:38.191  2852  2852 D NetWorkUtils: is3GCalling is false,mCdmaSlot is -1
12-18 14:12:43.305  5157  5157 D test    : sending:{"handlerName":"getRegisteredJsHandler","callbackId":"java_cb_1","data":null}
12-18 19:49:29.912  1795  1825 I PowerManager_screenOn: PowerManagerNotifier onUserActivity: event=0, uid=1000
12-17 21:58:28.464  3180  3578 I ash     : android send broadcast:android.intent.action.SCREEN_ON notify package: com.tencent.mm, pid: 4492
12-18 08:59:44.855  7194  7208 W PushLog2824: 	at com.huawei.android.bastet.HwBastet.prepareHeartbeatProxy(HwBastet.java:366)
12-17 19:32:08.151  1795  6986 D PowerManagerService: ready=true,policy=0,wakefulness=0,wksummary=0x10,uasummary=0x0,bootcompleted=true,boostinprogress=false,waitmodeenable=false,mode=true,manual=33,auto=-1,adj=0.0userId=0
12-17 21:23:16.786   816 30329 D DnsProxyListener: GetAddrInfoHandler addr: hotchat-im.iqiyi.com {307, 917811, 10140} 120.221.8.48
12-17 22:26:09.169  1795  1825 I WindowManger_keyguard: onScreenTurnedOff()
12-18 15:34:12.786  1795  2380 D PowerManagerService: userActivityNoUpdateLocked: eventTime=140452644, event=2, flags=0x0, uid=1000
12-17 23:26:06.904  1795  1806 D PowerManagerService: Acquiring suspend blocker "PowerManagerService.WakeLocks".
12-18 15:33:33.996  3180  3578 I ThermalStateManager: triggerLevel = 0, triggerAction :{ucurrent=1200, gpu=0, cpu=0, lcd=0}
12-17 23:58:58.640  3879  4071 I HwLauncher: AllIdleAppsList  updatePackage  isCloneApp =  false
12-17 22:28:49.311  3180  3578 I ash     : ash->screen off
12-18 19:51:15.896  3180  3578 I ash     : proxy app:com.android.browser,uid:10029,result:true
12-18 11:04:24.140  1795  2323 E UsbDeviceManager: 	at java.io.FileInputStream.open(Native Method)
12-18 09:26:47.892  1795  2323 E UsbDeviceManager: 	at com.android.server.usb.UsbDeviceManager$2.onUEvent(UsbDeviceManager.java:328)
12-17 21:23:15.707  3879  3879 I HwLauncher: DynamicUpdater registerReceiver
12-18 19:47:29.664   803 25442 E Pged-NetworkMonitor: open file error
12-17 22:58:53.343  1795  6988 I AlarmManager: set(PendingIntent{ebfb524: PendingIntentRecord{e59cc3d android broadcastIntent}}) : type=0 triggerAtTime=1481986763342 win=0 tElapsed=455299706 maxElapsed=455299706 interval=0 flags=0x9
12-17 21:03:58.406 24266 24266 V chaunce : org.iqiyi.video.vote.b.aux.a()<-1> : checkVoteShowTime--hideVoteView
12-18 07:47:49.899   633 31870 I SDK     : <2016-12-18 07:47:49> [WARN] SDK: UE-SeC 2016-12-18 7:47:49:899 Level[WARN] magic[3362781472 684]:PubEvt_Close Getting a socket[19] from the Socket-table Failed!
12-18 16:01:09.224  1795  1795 I Sensor  : turn off notificationLight due to incall or screenon
12-18 09:15:59.660  1795  3121 D PowerManagerService: acquire lock=76473893, flags=0x1, tag="RILJ_ACK_WL", name=com.android.phone, ws=null, uid=1001, pid=3218
12-17 21:22:40.928  3626  4889 E PTM.FileNodeInfo: getTempInfo error: null, 0
12-17 20:42:18.969  1795  1819 I EventHub: EventHub monitor: no key events in the past 596s, no motion events in the past 598s
12-17 22:33:35.656   802   802 E Thermal-daemon: [Thermal_Hw] temperature_valid, battery : temperature is invalid, invalid temperatrue is 29
12-18 14:13:03.256  5157  5157 I chromium: [INFO:CONSOLE(1)] "Uncaught ReferenceError: WebViewJavascriptBridge is not defined", source:  (1)
12-18 08:21:32.061  1795  1795 I WifiProJNI: ######### CMD_QUERY_PKTS ########
12-17 23:01:10.159  2852  2852 I HwSignalClusterView: apply hwPhoneState.mSubId:0 anyMobileVisible:false mIsAirplaneMode:false, mobileGroupVisible=true
12-17 23:21:03.197  1795  1825 I PowerManager_screenOn: DisplayPowerController updatePowerState mPendingRequestLocked=policy=BRIGHT, useProximitySensor=false, useProximitySensorbyPhone=true, screenBrightness=33, screenAutoBrightnessAdjustment=0.0, brightnessSetByUser=true, useAutoBrightness=true, blockScreenOn=false, lowPowerMode=false, boostScreenBrightness=false, dozeScreenBrightness=-1, dozeScreenState=UNKNOWN, useTwilight=false, useSmartBacklight=true, brightnessWaitMode=false, brightnessWaitRet=true, screenAutoBrightness=-1, userId=0
12-18 18:26:29.391  2852  2852 D HwCust  : Create obj success use class android.app.HwCustNotificationImpl
12-18 09:11:07.301   633 31869 I SDK     : <2016-12-18 09:11:07> [NOTICE] SDK: UE-SeC 2016-12-18 9:11:7:301 Level[NOTICE] magic[3367250208 2421]:FileSec: have right to open file due to cur app sec level = 0 is higher than file app(&5ߢ[@ñ?z]) sec level = 0.
12-18 00:05:02.648  2852  2852 W PanelView: set notification panel padding = 1675
12-17 22:36:06.084  2852  2852 D HwCust  : Create obj success use class android.app.HwCustNotificationImpl
12-18 07:34:48.419  1795  2748 D HwAmbientLuxFilterAlgo: earliestValidTime + POWER_ON_DARKENING_LIGHT_DEBOUNCE
12-17 20:43:54.882  2852  2852 I HwSignalClusterView: setMobileDataIndicatorsHuawei subId:0 visible:true strengthIcon:2130839311 typeIcon:2130839197 contentDescription:手机信号满格。 typeContentDescription:LTE isTypeIconWide:true showActivity:true activityIn:false activityOut:false isRoaming:false
12-17 21:27:08.429  2852 31531 I WeatherUtils: getCurrentWeatherInfo currentTemperature is :17.0 mWeatherIcon Id is: 38
12-18 08:04:08.697  1795  2736 E hwintelligencewifi: getCurrentCellid PHONE_TYPE_GSM cellidString = 4600045806091
12-18 19:25:35.488  1046  1125 V audio_hw_primary: stop_output_stream: enter: usecase(1: low-latency-playback)
12-17 23:42:45.959  3879  4071 W HwLauncher: UnreadContentObserver newUnreadCount:9,oldUnreadCount:0 className :com.huawei.android.launcher.NewEspaceMessageContentObserver
12-18 00:21:55.319  2852  2852 D HwCustMobileSignalControllerImpl: sub =0,strMccMnc =null,hashMccMnc =[],strPlmn =hw_show_4_5G_for_mcc
12-17 22:39:37.587  3782  6445 V AudioManager: isWiredHeadsetOn...
12-18 12:08:14.745  3626  3754 D LogItem : /log/chr/done/ not exist
12-17 22:24:41.652  2852  2852 I StackScroller: setScrollingEnabled: false
12-18 17:32:57.666  1795  3139 V InputMethodManagerService: Client requesting input be hidden, pid=4492
12-17 20:01:33.402  1795 11745 I ActivityManager_broadcast: dispatch ordered broadcast [background] BroadcastRecord{725d915 u0 com.huawei.betaclub.UPLOAD_PROGRESS}, has 1 receivers
12-18 15:34:44.199  1795 11145 W AwareLog: AwareMem_Kill: empty group list!
12-17 23:19:08.606  4690  4690 I SendBroadcastPermission: action:com.tencent.mm.plugin.openapi.Intent.ACTION_HANDLE_APP_REGISTER, mPermissionType:0
12-18 14:13:31.114  5157  5201 D TelephonyManager: getNeighboringCellInfo calling app is com.sankuai.meituanhd
12-17 21:34:04.451  5224  5224 I Step_LSC: 20002302|compensate received
12-18 07:41:26.995  1795  1795 I MQoS    : received cell-signal:1
12-17 20:05:15.593  3626  3626 E PTM.FileNodeInfo: getTempInfo error: null, 0
12-17 21:19:59.959  3218  3517 I QImsService: ImsSenderRxr : [UNSL]< UNSOL_SSAC_CHANGED org.codeaurora.ims.ImsQmiIF$SsacInfo@1d7e4de[SUB0]
12-18 08:38:00.800   633 31870 I SDK     : <2016-12-18 08:38:00> [WARN] SDK: UE-SeC 2016-12-18 8:38:0:800 Level[WARN] magic[3362781472 684]:PubEvt_Close Getting a socket[237] from the Socket-table Failed!
12-17 20:31:04.271   633 31870 I SDK     : 
12-17 21:07:16.647 24266 24266 D seekbar : org.iqiyi.video.ui.ci.onProgressChanged()<-1> : 当前进度：600583 缓冲大小:2083423 缓冲进度：2684006
12-17 19:57:15.384   633 31870 I SDK     : <2016-12-17 19:57:15> [WARN] SDK: UE-SeC 2016-12-17 19:57:15:384 Level[WARN] magic[3362781472 684]:PubEvt_Close Getting a socket[115] from the Socket-table Failed!
12-18 06:56:32.292  3168 19425 D HwRepairHelper: getRcvData() TimeNormalOos :  0
12-17 21:09:20.402  2852  2852 D HwCustMobileSignalControllerImpl: sub =0,strMccMnc =null,hashMccMnc =[],strPlmn =hw_hspap_show_4g
12-17 22:39:11.338  3858  4126 I amsnl   : m1: false
12-17 20:31:01.007  1795  2332 I qti_sensors_hal: [ACC]processReportInd: X: -3.426563 Y: 3.048285 Z: 8.330256  x_offset:0.160831 y_offset:0.184366 z_offset:0.985027
12-18 15:33:26.078  9017 10504 V SQLiteDatabase: triggerBuildingIndex(): invalid id, return.
12-17 19:33:00.247   835  2385 D fingerprintd: onError(5)
12-18 00:22:27.832  2852  2852 I HwSignalClusterView: setMobileDataIndicatorsHuawei subId:0 visible:true strengthIcon:2130839311 typeIcon:2130839195 contentDescription:手机信号满格。 typeContentDescription:4G isTypeIconWide:true showActivity:true activityIn:false activityOut:false isRoaming:false
12-17 23:05:49.674  3879  4160 I Adreno  : Remote Branch                    : 
12-18 14:14:31.700  3180  3578 I ash     : com.android.browser { hibernation duration=362352 } transition to: running reason:bc_notify_android.intent.action.SCREEN_OFF
12-17 23:12:25.829  1795 11747 D PowerManagerService: ready=true,policy=3,wakefulness=1,wksummary=0x0,uasummary=0x1,bootcompleted=true,boostinprogress=false,waitmodeenable=false,mode=true,manual=33,auto=-1,adj=0.0userId=0
12-17 20:12:33.555  1795  1795 V NotificationService: disableEffects=null canInterrupt=false once update: false
12-17 21:01:59.951  2852  2852 I HwSignalClusterView: getOrInflateState subId:0
12-18 15:36:08.522 10334 10334 D wpa_supplicant: wlan0: nl80211: New scan results available
12-17 20:01:32.279  5215  5215 D wpa_supplicant: EAPOL: External notification - portEnabled=0
12-17 20:41:06.172  2852  2852 I HwSignalClusterView: getOrInflateState subId:0
12-17 21:58:37.782   832  1840 E Parcel  : Reading a NULL string not supported here.
12-18 10:57:04.358  2852  2852 W StatusBarWindowManager: Apply window without WALLPAPER
12-18 14:15:17.908  5333  5333 D MagicLink: MagicLink2-BroadcastReceiver:====>NETWORK_STATE_CHANGED_ACTION
12-17 21:13:36.220  3218  3218 I QImsService: ImsServiceSub : handleSsac voice = 255
12-17 21:47:07.785  5247  5259 I HiH_    : 20002302|initDataPrivacy the dataPrivacy is true
12-17 20:39:58.503  2852  2852 D HwCustMobileSignalControllerImpl: sub =0,strMccMnc =null,hashMccMnc =[],strPlmn =hw_show_lte
12-17 20:59:48.543 24266 24266 D Cupid004: deregisterJsonDelegate(): vv id: 33554432, slot type: 8
12-18 14:12:20.768  5157  5157 W cr_BindingManager: Cannot call determinedVisibility() - never saw a connection for the pid: 5157
12-18 18:24:57.332  1795  2778 V InputMethodManagerService: Client requesting input be hidden, pid=4492
12-18 16:36:09.888  1795 15023 D PFW.HwPFWAppWakeLockPolicy: getUidWakeLock uid: 10004 wakelock(minutes): 0
12-17 21:52:36.256  2852  2852 W HwLockScreenPanel: Handle message: 15
12-18 19:49:31.852  1795  2750 I QTI PowerHAL: Got set_interactive hint
12-18 19:52:14.234  5224  5224 I Step_LSC: 20002302|compensate received
12-17 23:48:50.234  1795  2381 D libfingersense_wrapper: fingersense_classify_touch() finished
12-18 14:22:09.491  3218  3375 I SendBroadcastPermission: action:com.huawei.android.intent.action.RAC_CHANGED, mPermissionType:0
12-18 17:30:16.279   633 31869 E SDK     : 
12-18 14:12:22.547  5157  5157 I chromium: [INFO:CONSOLE(1)] "Uncaught SyntaxError: Unexpected token var", source:  (1)
12-17 21:58:22.391  2852  2852 W HwPhoneLayoutInflater: onCreateView : ClassNotFoundException, In this case we want to let the base class take a crack at it
12-17 21:13:06.319  1795  5350 I MQoS    : QOS_level:4(4),use RTTLvl:4;RATLvl:5
12-17 23:15:13.505  2852  2852 D NetWorkUtils: mVSimCurCardType is -1
12-18 10:45:06.757  3858  4126 I amsnl   : c: true, w: false, t: false, l: false
12-17 23:30:57.034  2852  2925 I ExifParser: mTiffStream skip = 0
12-18 15:37:56.966   633 31875 I SDK     : <2016-12-18 15:37:56> [NOTICE] SDK: UE-SeC 2016-12-18 15:37:56:966 Level[NOTICE] magic[3359111456 2326]:FSM_OpenFile => [START],Mode[r]
12-18 16:01:10.137 10334 10334 D wpa_supplicant: CTRL_IFACE monitor sent successfully to /data/misc/wifi/sockets/wpa_ctrl_1795-206\x00
12-18 07:31:52.031  2852  2852 I HwSignalClusterView: getOrInflateState subId:0
12-18 15:36:26.184  1795  1795 D WifiProJNI: send_cmd_kernel: cmd=6
12-17 20:31:35.659  3879  5007 I HwLauncher: Launcher.LauncherProvider  launcher call - method:setAppBadgeCount arg:null extras:[app_shortcut_custom_id=null][app_shortcut_class_name=com.tencent.mm.ui.LauncherUI][app_badge_count=0] uid =10105 pid =4492
12-18 14:14:31.111  1795  1795 D DeviceIdleController: stopMonitoringMotionLocked()
12-17 19:57:21.567  5215  5215 D wpa_supplicant: wlan0:    selected based on RSN IE
12-18 15:32:58.859 10334 10334 D wpa_supplicant: WPS: attr type=0x1011 len=24
12-17 21:48:04.056  5224  5283 I Step_DataCache: 20002302|getTodayTotalSteps 9840
12-17 22:32:10.970  1795  1795 I MQoS    : received cell-signal:1
12-17 20:44:08.728 24266 24266 D seekbar : org.iqiyi.video.ui.ci.onProgressChanged()<-1> : 当前进度：1712545 缓冲大小:1055727 缓冲进度：2768272
12-18 00:21:26.130  2852  3556 I NetworkController.MobileSignalController(0): Change in state from: connected=true,enabled=true,level=4,inetCondition=1,iconGroup=IconGroup(4G),activityIn=false,activityOut=false,rssi=0,lastModified=12-18 12:21:24,isRoaming=false,dataSim=true,networkName=中国移动,networkNameData=中国移动,dataConnected=true,isDefault=true,isEmergency=false,airplaneMode=false,carrierNetworkChangeMode=false,userSetup=true
12-17 20:14:31.791   633 31870 I SDK     : <2016-12-17 20:14:31> [WARN] SDK: UE-SeC 2016-12-17 20:14:31:791 Level[WARN] magic[3362781472 684]:PubEvt_Close Getting a socket[110] from the Socket-table Failed!
12-17 20:12:30.616  2852  2852 I PhoneStatusBar: removeNotificationChildren
12-17 22:51:38.442  2852  2852 W HwLockScreenPanel: Handle message: 100
12-18 14:11:30.762  1795  2685 D HwPFWLogger: AutoStartupDataMgr:isUnderControll third party not in whitelist: com.sina.weibo
12-18 17:30:08.532  2852  2852 D HwMobileSignalController:  4G, isCAState=false
12-18 09:36:02.167   633 30468 I SDK     : <2016-12-18 09:36:02> [NOTICE] SDK: UE-SeC 2016-12-18 9:36:2:167 Level[NOTICE] magic[2190010656 3485]:Begin to get user info
12-17 21:58:21.960  1795  1825 V KeyguardServiceDelegate: onScreenTurnedOn()
12-18 15:28:55.450  1795  2778 D HwActivityManagerService: handleANRFilterFIFO,uid = 10113cmd = 1
12-18 19:35:24.891  2852  2852 D NetWorkUtils: is3GCalling is false,mCdmaSlot is -1
12-17 19:31:45.136  1795  1795 I WindowManger_keyguard: Finished going to sleep... (why=6)
12-17 22:30:25.428  1795  2323 E UsbDeviceManager: Error reading charge file
12-17 20:29:06.442  1795  2323 E UsbDeviceManager: 	at com.android.server.usb.UsbDeviceManager$2.onUEvent(UsbDeviceManager.java:328)
12-18 14:19:12.689  1795  2323 D HwBatteryService: onUEvent fcpStatus = 0,scpStatus =0,ovpStatus=0
12-17 21:33:02.737  4492  4492 I SendBroadcastPermission: action:null, mPermissionType:0
12-18 08:38:00.789   633 31870 I SDK     : 
12-18 07:30:21.334  2852  2852 D HwCustMobileSignalControllerImpl: isCurrentBySim()=false
12-18 14:11:21.300  5157  5157 I chromium: [INFO:CONSOLE(1)] "Uncaught ReferenceError: WebViewJavascriptBridge is not defined", source:  (1)
12-17 23:12:50.357  2852  2852 D HwCustMobileSignalControllerImpl: sub =0,strMccMnc =null,hashMccMnc =[],strPlmn =hw_hspap_show_4g
12-18 12:38:50.654  3879  4071 I HwResourcesImpl: load icon id : 7f020360, pkgName : com.tencent.mm
12-17 19:56:26.799  1795  2381 D libfingersense_wrapper: fingersense_touch_up() finished
12-17 23:32:50.694   633 31870 I SDK     : <2016-12-17 23:32:50> [WARN] SDK: UE-SeC 2016-12-17 23:32:50:694 Level[WARN] magic[3362781472 684]:PubEvt_Close Getting a socket[150] from the Socket-table Failed!
12-17 23:26:58.886  3858  4126 I amsnl   : m1: false
12-17 21:34:24.479  2852  2852 D HwCust  : Create obj success use class android.app.HwCustNotificationImpl
12-18 17:42:06.209 25067 25067 D CubicBezierInterpolator: CubicBezierInterpolator  mControlPoint1x = 0.38, mControlPoint1y = 0.1, mControlPoint2x = 0.0, mControlPoint2y = 0.93
12-18 14:36:28.438  1795  1819 D NetworkManagement: notifyInterfaceClassActivity: client is android.net.INetworkManagementEventObserver$Stub$Proxy@c0acf8b
12-18 15:33:21.935   633 31875 I SDK     : 
12-18 08:13:13.349  2852  2852 I HwSignalClusterView: getOrInflateState subId:0
12-18 11:20:52.821  3168  3370 I CHR_ChrUtil: is Beta User, userType = 3
12-18 08:05:15.732  1795  2323 E UsbDeviceManager: 	at android.os.UEventObserver$UEventThread.run(UEventObserver.java:187)
12-18 15:37:18.651  3218  6115 I PhoneInterfaceManager: shouldBlockLocation  ret:false
12-17 21:26:43.712  3626  3753 I UserSpecification: handleOverSize()
12-18 07:32:53.069  2852  2852 D HwCustMobileSignalControllerImpl: sub =0,strMccMnc =null,hashMccMnc =[],strPlmn =hw_hspap_show_4g
12-18 15:27:45.349  1046  1125 V audio_hw_primary: out_get_latency: Latency 8
12-18 08:08:48.852  3218  3218 D QC_RIL_OEM_HOOK: Oem ID in QCRILHOOK UNSOL RESP is QOEMHOOK
12-17 20:44:52.997 24266 24266 D seekbar : org.iqiyi.video.ui.ci.onProgressChanged()<-1> : 当前进度：1756845 缓冲大小:1011427 缓冲进度：2768272
12-18 15:35:25.879  2852  2852 I NotificationContentView: transferRemoteInputFocus: 0
12-17 23:09:51.219  3858  4126 I amsnl   : m1: false
12-17 22:25:15.389  1795  6988 I SendBroadcastPermission: action:com.android.server.action.NETWORK_STATS_UPDATED, mPermissionType:0
12-18 08:44:15.212  3218  3218 E HW-JPEG-DEC: [HME_JPEG_DEC_Delete](3298): HME_JPEG_DEC_Delete: decoder_ctx=null
12-17 19:35:51.308  1795  2750 D HW_DISPLAY_EFFECT: presently, hw_update_color_temp_for_rg_led interface not achieved.
12-18 07:58:28.943  2852  2852 I NotificationContentView: transferRemoteInputFocus: 0
12-18 19:01:45.539   633   692 I eSpaceService: Thread-2535{7291} TcpCirChannel.connect(TcpCirChannel.java:219) Connect to server  address = [45.249.213.63,]  port = 7801
12-17 22:30:32.484  1795  1825 I PowerManager_screenOn: PowerManagerService wakeUpNoUpdateLocked: eventTime=128120794, uid=1000
12-18 15:35:38.110  1795  2739 D HuaweiWifiWatchdogStateMachine: mRssiBadCount =0, RSSI not bad.
12-17 20:13:32.849  2852  2852 I HwSystemIcons: onLayout:left=657, top=0, right=1056, bottom=72, offset=0
12-18 06:56:32.102  3168  3307 E CHR_QcomModemInfoCollector: getModemInfoDo, fetch len error
12-17 21:26:59.287  2852  2852 D HwCust  : Create obj success use class android.app.HwCustNotificationImpl
12-18 08:44:06.001   633 31875 I SDK     : 
12-18 07:29:59.632  1795  3139 I WindowManager: Destroying surface Surface(name=PopupWindow:5280054) called by com.android.server.wm.WindowStateAnimator.destroySurface:2056 com.android.server.wm.WindowStateAnimator.destroySurfaceLocked:907 com.android.server.wm.WindowState.removeLocked:1527 com.android.server.wm.WindowManagerService.removeWindowInnerLocked:2723 com.android.server.wm.WindowManagerService.removeWindowInnerLocked:2688 com.android.server.wm.WindowManagerService.removeWindowLocked:2677 com.android.server.wm.WindowManagerService.removeWindowLocked:2546 com.android.server.wm.WindowManagerService.removeWindow:2541 
12-18 19:25:42.430  2852  2852 I NotificationContentView: transferRemoteInputFocus: 0
12-18 14:10:51.284  5994  5994 D wpa_supplicant: nl80211: Supported vendor event: vendor_id=0x1374 subcmd=63
12-18 08:27:07.372  2852  3556 I NetworkController.MobileSignalController(0): 	to: connected=true,enabled=true,level=5,inetCondition=1,iconGroup=IconGroup(4G),activityIn=true,activityOut=true,rssi=0,lastModified=12-18 08:27:04,isRoaming=false,dataSim=true,networkName=中国移动,networkNameData=中国移动,dataConnected=true,isDefault=true,isEmergency=false,airplaneMode=false,carrierNetworkChangeMode=false,userSetup=true
12-18 01:37:12.158  3168  3307 W System.err: java.lang.reflect.InvocationTargetException
12-17 19:56:43.451  1795  2380 I PowerManager_screenOn: PowerManagerNotifier onUserActivity: event=2, uid=1000
12-18 19:49:53.661   835  2385 E libteec : receive data len = 192
12-17 19:56:54.158  1795  2671 D HwWifiCHRStateManager: Update AP_Ssid Huawei-Employee
12-17 22:36:33.577  3218  3517 I QImsService: ImsSenderRxr :  Tag -1 3 219 0[SUB0]
12-17 20:53:07.263   633 31870 I SDK     : <2016-12-17 20:53:07> [WARN] SDK: UE-SeC 2016-12-17 20:53:7:263 Level[WARN] magic[3362781472 684]:PubEvt_Close Getting a socket[34] from the Socket-table Failed!
12-18 14:15:21.508  1795 15982 D HwActivityManagerService: handleANRFilterFIFO,uid = 10113cmd = 0
12-18 10:41:19.761  1795  2323 E UsbDeviceManager: 	at android.os.FileUtils.readTextFile(FileUtils.java:267)
12-18 14:26:02.654  2883  3458 I HwSystemManager: RemainingTimeSceneHelper:updateTimeSceneData,temp_date= 1481990400 temp_number= 86 temp_recordtype= two_holiday
12-17 19:34:56.156  1795  1795 I NotificationManager: cancelNotification,cancelNotificationLocked,callingUid = 1001,callingPid = 3608
12-18 01:37:12.108  3168  3369 I CHR_ChrVolteStatisticInfoUtil: setVoLTECallStatisResult: chrVolteStatisticInfo= mCount=0, mAvgValue=0, mMaxValue=0, mMinValue=0
12-17 23:31:19.164  1795  3304 E LocSvc_api_v02: I/---> locClientSendReq line 2069 QMI_LOC_GET_BEST_AVAILABLE_POSITION_REQ_V02
12-18 07:57:54.525  2852  2852 I HwSignalClusterView: apply hwPhoneState.mSubId:0 anyMobileVisible:false mIsAirplaneMode:false, mobileGroupVisible=true
12-18 10:45:03.802 32094 32109 E SQLiteDatabase: 	at android.os.Handler.dispatchMessage(Handler.java:102)
12-17 23:42:43.327   633   692 I TCP     : msg.recv{4490} TcpClientThread.onRecv(TcpClientThread.java:515) TCP Msg 5740TCP_OK
12-18 15:33:19.174  1795  2671 D WifiHW  : wifi_send_command: cmd:'IFNAME=wlan0 SET HS20 0'
12-17 22:43:51.436  1795  3111 D HwConnectivityService: CtrlSocket processCtrlSocket pid = 7194 cmd = 1 para = 55
12-18 07:57:02.700  1046  1467 V Huawei_audio_cust: huawei_cust_set_parameters: exit with code(0)
12-18 18:26:46.615  2852  2914 I SimCardMethod: isCardAbsent slot:0 slotState:5
12-18 15:11:31.797  5224  5283 I Step_LSC: 20002302|calculateCaloriesWithCache datas.size=9552
12-18 10:46:00.832  2852  2852 I HwSignalClusterView: apply hwPhoneState.mSubId:0 anyMobileVisible:false mIsAirplaneMode:false, mobileGroupVisible=true
12-17 21:53:39.574  2852  2852 I PhoneStatusBar: notifyUiVisibilityChanged:vis=0x80000300, SystemUiVisibility=0x80000300
12-18 00:17:56.689  1795  2380 D PowerManagerService: userActivityNoUpdateLocked: eventTime=134564993, event=2, flags=0x0, uid=1000
12-17 22:30:53.209  2852  2852 I HwMobileSignalController: notifyListenerHuawei::origin typeIcon:2130839195 icons.mName:4G isSuspend:false, showDataIcon=true, dataConnected=true, isRoaming=false
12-18 15:29:17.178  2883  3107 I HwSystemManager: PermissionDbVisitor:insertHistoryRecord:HistoryRecord[packageName:com.sankuai.meituanhd,permissionType:8,action:11,dateStartTime:1481990400000,timestamp:1482046157178]
12-17 21:26:12.768  1795  1825 I PowerManager_screenOn: DisplayPowerController updatePowerState mPendingRequestLocked=policy=BRIGHT, useProximitySensor=true, useProximitySensorbyPhone=true, screenBrightness=33, screenAutoBrightnessAdjustment=0.0, brightnessSetByUser=true, useAutoBrightness=true, blockScreenOn=false, lowPowerMode=false, boostScreenBrightness=false, dozeScreenBrightness=-1, dozeScreenState=UNKNOWN, useTwilight=false, useSmartBacklight=true, brightnessWaitMode=false, brightnessWaitRet=true, screenAutoBrightness=-1, userId=0
12-18 14:11:30.351  1795  2671 I HwActivityManagerService: Split enqueueing broadcast [callerApp]:ProcessRecord{34bf34f 0:system/1000}
12-17 23:01:07.893  1795  2381 D libfingersense_wrapper: fingersense_touch_up() finished
12-18 07:55:33.029  2852  2914 I HwMobileSignalController: updateSignalStrength: signalStrength=SignalStrength: -1 0 -1 255 -1 255 -1 255 255 19 -101 -8 140 2147483647 2147483647 false gw|lte
12-17 20:13:05.253  2852  2852 I ToggleSlider:  mSeekListener onProgressChanged progress:2167 fromUser:false
12-17 23:15:36.078  1795  2748 D HwAmbientLuxFilterAlgo: t=130824387,BT=130825387,DT=130828387,BT1=130828387,DT1=130832387,Bn=false,Dn=false,lx=[17.0/130822884, 17.0/130823185, 17.0/130823485, 17.0/130823786, 17.0/130824087, 17.0/130824387],mLx=18.0,s=5.0,ss=0.0065623424,AuIntervened=false,mProximityState=false,bLux=197.0,dLux=4.0,bLux1=197.0,dLux1=4.0
12-18 11:11:19.906  3626  3626 E PTM.FileNodeInfo: getTempInfo error: null, 0
12-18 19:49:26.567  3608  3608 D InCall  : startObjectPhotoAsync - Begin loading image: content://com.android.contacts/contacts/319/photo, displaying default image for now.
12-18 19:50:10.661  1795  3957 E IzatSvc_OSObserver: I/LocTech-Label :: OSOBSERVER :: Data Items In
12-18 17:12:46.457  3626  3754 I LogDatabase: clearLog2 , eventidHead = 1eventidTail = 1
12-18 15:29:49.755   633  9940 I SDK     : 
12-18 15:33:19.433 10334 10334 D wpa_supplicant: WMM AC: Missing U-APSD configuration
12-17 22:36:47.028  3180  3578 I ThermalStateManager: handle action thermal policy:301
12-18 00:16:01.843  2852  3556 I HwMobileSignalController: mExtDataOld:ExtData [mMasterNetWorkType=3, mSlaveNetWorkType=0, mMasterNetWorkLevel=4, mSlaveNetWorkLevel=-1, mDataState=2, mDataActivity=0, mDataNetType=13] mExtData:ExtData [mMasterNetWorkType=3, mSlaveNetWorkType=0, mMasterNetWorkLevel=4, mSlaveNetWorkLevel=-1, mDataState=2, mDataActivity=2, mDataNetType=13]
12-17 22:28:00.649  2852  2852 I PhoneStatusBar: onStartedWakingUp
12-17 20:59:52.969  3626  3754 I System.out: [logcat, -b, main, -b, system, -v, threadtime, -t, 4096]
12-18 14:11:20.933  5157  5157 D test    : sending:{"handlerName":"getRegisteredJsHandler","callbackId":"java_cb_1","data":null}
12-18 18:32:47.081  2852  2852 W AppHandler: sendMessage 4
12-17 23:30:56.617  2852  2852 W DisabledFeatureUtils: Dis-Feature : 0
12-17 22:58:02.395  1795  3884 D PowerManagerService: Acquiring suspend blocker "PowerManagerService.WakeLocks".
12-18 19:49:55.131  7741  8048 I Mms_contact: Query of vnd.android.cursor.item/vnd.com.tencent.mm.chatting.profile return id:-1
12-18 08:29:10.237  1795  6986 D PowerManagerService: acquire lock=56377271, flags=0x1, tag="RILJ_ACK_WL", name=com.android.phone, ws=null, uid=1001, pid=3218
12-17 19:31:46.334   802   802 E Thermal-daemon: Report temperature: [ap] temp :28  report_threshold:1
12-17 19:31:42.982  1795  1795 I TrafficMonitor: start expired. level:-1
12-18 14:11:33.648   633 31870 I SDK     : <2016-12-18 14:11:33> [WARN] SDK: UE-SeC 2016-12-18 14:11:33:648 Level[WARN] magic[3362781472 684]:PubEvt_Close Getting a socket[121] from the Socket-table Failed!
12-17 20:15:48.961  5224  5283 I Step_LSC: 20002302|MSG_RECORD_DATA_TO_FILE 
12-18 08:08:01.726  1795  2668 D WifiP2pService: P2pDisabledState{ when=0 what=143466 target=com.android.internal.util.StateMachine$SmHandler }
12-17 19:58:33.251  5215  5215 D wpa_supplicant: wlan0: BSS: Add new id 565 BSSID 80:38:bc:0b:2d:61 SSID 'Huawei-Employee' freq 2432
12-18 18:18:02.871  1795 17832 D PowerManagerService: ready=true,policy=0,wakefulness=0,wksummary=0x1,uasummary=0x0,bootcompleted=true,boostinprogress=false,waitmodeenable=false,mode=true,manual=33,auto=-1,adj=0.0userId=0
12-18 17:35:49.486  4492  4544 D 2DSDR   : APS: 2DSDR: CanvasContext::setSDRZoomout(), the SDR ratio from ViewRootImpl is -1.000000, native window width = 1080, height = 1920
12-18 19:50:10.580  2883  2996 I HwSystemManager: NormalTraffic:update notification type = -1
12-18 18:32:41.931  1795  1795 I HwActivityManagerService: OverscanTimeout run
12-17 19:58:57.066  5215  5215 D wpa_supplicant: TX EAPOL: dst=80:38:bc:0b:22:41
12-18 00:00:50.547   633 31870 I SDK     : 
12-17 22:30:19.492  1795  1795 D PowerManagerService: acquire lock=228612087, flags=0x1, tag="ActivityManager-Sleep", name=android, ws=null, uid=1000, pid=1795
12-17 22:51:19.281  1046  2704 D audio_hw_spkr_prot: audio_extn_fbsp_get_parameters: Speaker protection disabled
12-17 21:48:19.884  1795  3364 D Telecom : AsyncRingtonePlayer: Posting stop.: CSW.sD->CAMSM.pM_1002@E7Y_1
12-17 20:30:53.498  5224  5283 I SendBroadcastPermission: action:android.com.huawei.bone.NOTIFY_SPORT_DATA, mPermissionType:0
12-18 18:43:04.123  2852  2852 I SignalClusterView: applyIconTint ignore
12-18 00:14:19.878  2852  2852 D HwCustMobileSignalControllerImpl: sub =0,strMccMnc =null,hashMccMnc =[],strPlmn =hw_show_4g
12-17 21:15:00.001  1795  2376 I AlarmManager: sending alarm Alarm{edb885f type 3 when 449036364 android},repeatInterval = 0,listenerTag =time_tick
12-17 20:12:54.931  1795  1795 D WifiProJNI: send_cmd_kernel: cmd=1
12-17 21:26:49.696  2852  2852 I PhoneStatusBar: onScreenTurningOn
12-17 22:25:18.319  1795  2750 D libfingersense_wrapper: Calling fingersense_on_pause()
12-18 11:03:30.726  5224  5283 I SendBroadcastPermission: action:android.com.huawei.bone.NOTIFY_SPORT_DATA, mPermissionType:0
12-18 00:13:00.002  1795  2376 D PowerManagerService: ready=true,policy=3,wakefulness=1,wksummary=0x1,uasummary=0x1,bootcompleted=true,boostinprogress=false,waitmodeenable=false,mode=true,manual=33,auto=-1,adj=0.0userId=0
12-18 15:33:19.433 10334 10334 D wpa_supplicant: wlan0: Shared frequencies (len=1): completed iteration
12-17 19:31:55.841  1795  2750 I PowerManager_screenOn: DisplayPowerState Updating screen state: state=ON, backlight=588
12-18 10:40:54.661  2852  2852 D HwCustMobileSignalControllerImpl: isCurrentBySim()=false
12-18 10:40:05.552  1046  2704 I APM_AudioPolicyManager: setOutputDevice() changing to device 0x0002 , muteWaitMs 0
12-18 17:51:02.842   633   692 W TCP     : tcp.recv{4488} TcpSocket.read(TcpSocket.java:242) <<< WARN(5) >>> java.net.SocketException: Software caused connection abort
12-17 22:27:38.774  1795  1795 I Sensor  : updateLightsLocked --> mBatteryLight.turnOff
12-17 20:16:52.937   633   692 I TupC30  : pool-2-thread-2{4430} 2.doInBackground(TupHelper.java:1270) UnRegister VOIP end
12-18 08:08:24.978  1795  2737 D WifiProJNI: Received kernel message payload: event 0
12-17 19:54:27.563  7194  7208 W PushLog2824: 	at android.os.Looper.loop(Looper.java:156)
12-18 15:38:50.573  1795 16500 I ctaifs<美团>[com.sankuai.meituan][com.sankuai.meituan]: [requestLocationUpdatesLocked] 定位..Wifi/基站定位
12-17 23:41:22.670   633 31868 I SDK     : <2016-12-17 23:41:22> [NOTICE] SDK: UE-SeC 2016-12-17 23:41:22:669 Level[NOTICE] magic[3365677344 8933]:Set local private port is:[0]
12-17 22:39:57.516   633 31870 I SDK     : 
12-18 15:36:32.926 10334 10334 D wpa_supplicant: WPS: attr type=0x1042 len=7
12-17 23:05:20.533  1795  2381 D libfingersense_wrapper: Calling fingersense_touch_up()
12-17 21:37:45.999  2852  2852 D HwCust  : Create obj success use class android.app.HwCustNotificationImpl
12-18 19:50:58.482  1795  2381 D libfingersense_wrapper: fingersense_touch_up() finished
12-17 21:33:48.619  5224  5283 I Step_LSC: 20002302|REPORT : 8058 170664 5691 0
12-17 23:16:26.402  1795  5350 I MQoS    : QOS_level:5(5),use RAT:4G;signalLvl:5
12-17 22:58:52.866  3879  3879 I HwLauncher: Model  onReceive intent=Intent { act=android.intent.action.TIME_TICK flg=0x50000014 (has extras) }
12-18 15:28:49.224  1795  1805 I LocationManagerService: applyRequirementsLocked to gps
12-17 21:58:28.473  3180  3578 I ash     : Unfreeze com.tencent.mm OK !
12-17 19:56:36.425  3626  3755 I PackAutoLog: PackAutoLog onPrePack
12-17 21:52:23.649  2852  2852 I HwPhoneStatusBar: updateNotificationShade
12-18 07:49:35.445   802   802 E ThermalBinder: mThermalService is NULL!
12-17 19:31:36.950  2883  2996 I HwSystemManager: ITrafficInfo:ITrafficInfo create 301updateBytes = 1769320345
12-18 14:12:16.344  5157  5157 I chromium: [INFO:CONSOLE(1)] "Uncaught SyntaxError: Unexpected token var", source:  (1)
12-18 14:11:34.113   633 31875 I SDK     : 
12-17 19:57:44.514  5215  5215 D wpa_supplicant: CTRL-DEBUG: global_ctrl_sock-sendto: sock=16 sndbuf=229376 outq=0 send_len=3
12-17 22:13:13.171  1795  3237 D GpsFreezeProc: removeFreezeProcess pkg:com.android.browser
12-17 20:18:54.948   606  2379 E libteec : qsc_send_cmd finish
12-17 21:51:01.727  1795  2750 I HwLightsService: back light level before map = 445
12-17 23:01:20.292  1795  1812 I ActivityManager_broadcast: dispatch ordered broadcast [bgkeyapp] BroadcastRecord{16b84ba u0 com.tencent.mm.plugin.report.service.KVCommCrossProcessReceiver}, has 1 receivers
12-18 09:32:29.714  1795  1819 D NetworkManagement: notifyInterfaceClassActivity: client is android.net.INetworkManagementEventObserver$Stub$Proxy@af226
12-17 21:27:00.358  2852  2852 D DateTimeView: Change to single clock mode!
12-17 22:30:59.038  3180  3578 I ash     : proxy app:com.android.browser,uid:10029,result:true
12-18 04:26:28.659  3168  3307 W System.err: 	... 9 more
12-18 09:19:00.561  2852  2852 D HwCustMobileSignalControllerImpl: sub =0,strMccMnc =null,hashMccMnc =[],strPlmn =hw_customized_networkType_entry
12-17 22:38:48.190 31949 31967 I TCP     : tcp.recv{4790} TcpClientThread.selfDisconnectSocket(TcpClientThread.java:377) self disconnecting to uc.huawei.com:7801
12-18 14:14:08.968  3858  4126 I amsnl   : m1: false
12-18 10:13:34.841  1795  2665 D NetdConnector: RCV <- {200 12179 Firewall command succeeded}
12-18 07:58:31.969  1046  1125 V audio_hw_primary: stop_output_stream: exit: status(0)
12-18 09:05:53.976  3218  3375 I SendBroadcastPermission: action:com.huawei.android.intent.action.RAC_CHANGED, mPermissionType:0
12-18 19:50:05.864  2852  2852 I PhoneStatusBar: notifyUiVisibilityChanged:vis=0x8608, SystemUiVisibility=0x8608
12-17 23:09:13.089  1795 16498 I SendBroadcastPermission: action:android.intent.action.SIG_STR, mPermissionType:0
12-18 17:37:11.979  1795 16499 D PowerManagerService: Acquiring suspend blocker "PowerManagerService.WakeLocks".
12-18 15:34:16.109  1795  2666 D PowerManagerService: Acquiring suspend blocker "PowerManagerService.WakeLocks".
12-18 10:52:09.544   808   547 D [HWCamera] AutoDetectPlatInterface: isAutoSceneRunning false
12-17 19:57:00.132  2852  2852 D DateTimeView: Change to single clock mode!
12-18 19:36:02.031 31949 31967 I eSpaceService: WatchThread{4786} TcpCirChannel.connect(TcpCirChannel.java:219) Connect to server  address = [uc.huawei.com,]  port = 7801
12-17 22:30:33.493  3608  3608 D InCall  : InCallPresenter - Notify com.android.incallui.VideoPauseController@adc8584 of state NO_CALLS
12-18 14:08:26.245  1795  3121 D HwActivityManagerService: handleANRFilterFIFO,uid = 10113cmd = 1
12-18 19:28:13.373  1795  2323 E UsbDeviceManager: java.io.FileNotFoundException: sys/class/hw_power/charger/charge_data/water_intrused (No such file or directory)
12-18 07:58:11.226  1795  3139 D WindowManager: interceptKeyBeforeQueueing: key 4 , result : 1
12-18 15:33:17.951  1795  2376 D PowerManagerService: ready=true,policy=3,wakefulness=1,wksummary=0x1,uasummary=0x1,bootcompleted=true,boostinprogress=false,waitmodeenable=false,mode=true,manual=33,auto=-1,adj=0.0userId=0
12-18 09:12:10.777  1795  2323 E UsbDeviceManager: 	at java.io.FileInputStream.open(Native Method)
12-18 08:13:17.040  2852  2852 I PhoneStatusBar: resumeSuspendedAutohide
12-17 21:28:18.184  1795 16501 I TransactionSponsor: Transact:getHwAdminCachedListto device policy manager service.
12-18 18:41:02.343   633 31870 I SDK     : 
12-17 23:52:34.661   633 31867 I SDK     : <2016-12-17 23:52:34> [NOTICE] SDK: UE-SeC 2016-12-17 23:52:34:661 Level[NOTICE] magic[3368294688 1013]:s(0, 0),r(0, 0)in 20s;vsock(173256B, 13747B, 0, 0), sock(1175, 1216, 0, 0), times(42, 0, 271, 68), delay(0, 0)ms, m(0, 6144)KB, p:51714, s:51714, t(216, 1, 44182B, 72417B), u(0, 1, 228314B, 63632B), c(2487, 3270, 0, 0), e(91095, 2287)/(1867, 2287), k:99, d(848, 937), de(0), s(online, 2, 1), SSL(0), UDP(0), r_d(0), s_d(0), c_d(0), dur(1643 m), vs(0, 0, 0), sysFM(0 KB), ls(2461, 2461),bypass[0]:[0]
12-18 15:55:59.664  4492  4531 D MediaPlayer: Message: MEDIA_PLAYBACK_COMPLETE(2), ext1=0, ext2=0x0
12-17 23:05:16.492   835  2385 E libteec : begin
12-18 07:31:13.854  1795  1809 D NavigationBarPolicy: onFling::not valid gesture or touch plus on, false, return!
12-17 20:14:34.458  2852  2852 I PhoneStatusBar: updateNotificationShade
12-17 20:19:29.939  1795  1819 D NetworkManagement: notifyInterfaceClassActivity: client is android.net.ip.IpManager$2@4c99c84
12-17 23:13:37.965  1795  2708 D HwPFWLogger: PFW.HwPFWService:handle PFW_MSG_SYSTEM
12-18 19:50:49.836  2852  2852 D HwCust  : Create obj success use class android.app.HwCustNotificationImpl
12-18 19:25:14.010  2852  2852 I HwBackDropView: checkVisibility : false; false
12-18 14:12:52.944  5157  5157 D test    : sending:{"handlerName":"getRegisteredJsHandler","callbackId":"java_cb_1","data":null}
12-18 07:15:52.188  2852  2852 D KGWallpaper_Magazine: getNextIndex: 0; from 34 to 34; size: 44
12-17 22:53:57.716  2852  2852 I HwSignalClusterView: getOrInflateState subId:0
12-17 19:33:01.089  2883  2996 E HwSystemManager: SimCardMethod:/getSimCardInfo: imsi is null
12-17 22:30:35.872   633 31870 I SDK     : <2016-12-17 22:30:35> [WARN] SDK: UE-SeC 2016-12-17 22:30:35:872 Level[WARN] magic[3362781472 684]:PubEvt_Close Getting a socket[67] from the Socket-table Failed!
12-17 21:58:03.857  2852  2852 I TimeManager: act:android.intent.action.TIME_TICK  flag:1342177300 FLAG_IS_FIRST_POWER_OFF_ALARM=false android.intent.extra.ALARM_COUNT=1 
12-18 07:57:04.107  1795  2708 D PFW.HwPFWAppRestartPolicy: clear mLastHrProcLaunchMap
12-18 07:39:34.432  1795  2748 D HwAmbientLuxFilterAlgo: earliestValidTime + POWER_ON_DARKENING_LIGHT_DEBOUNCE
12-18 12:50:07.186  3782  4006 V AudioManager: isMusicActive...
12-17 23:21:11.558  1795  3238 D PowerManagerService: acquire lock=104648756, flags=0x1, tag="RILJ_ACK_WL", name=com.android.phone, ws=null, uid=1001, pid=3218
12-18 17:56:15.989   606  2379 E libteec : send data return = 192
12-18 14:08:55.374  1795  3884 W WifiStateMachine: Can't find ssid.
12-18 17:37:11.900  1795  2666 D PowerManagerService: release:lock=184063844, flg=0x0, tag="NetworkStats", name=android", ws=null, uid=1000, pid=1795
12-17 23:00:58.485   633 31868 E SDK     : <2016-12-17 23:00:58> [ERR] SDK: UE-SeC 2016-12-17 23:0:58:485 Level[ERR] magic[3365677344 2890]:listing available engine types
12-18 14:09:29.811  3218 13114 I PhoneInterfaceManager: shouldBlockLocation  ret:false
12-17 23:50:24.601  1795  1819 D NetdConnector: RCV unsolicited event from native daemon, event = 613 IfaceClass idle 0 458360954126106
12-18 16:01:30.305  3858  4126 I amsnl   : c: true, w: true, t: false, l: false
12-17 21:58:35.015  1795  1825 I qti_sensors_hal: read from oem info: data_readback
12-17 21:28:22.245  1795 15987 D SmartHeartBeat: setAlarmsPending ...
12-18 15:36:38.114 10334 10334 D wpa_supplicant: WPS: attr type=0x1047 len=16
12-18 07:46:41.661   633 31867 I SDK     : 
12-18 08:15:09.196 25329 25329 D wpa_supplicant: nl80211: Supported vendor command: vendor_id=0x1374 subcmd=80
12-18 15:42:54.378  1795  3121 D PowerManagerService: ready=true,policy=3,wakefulness=1,wksummary=0x1,uasummary=0x1,bootcompleted=true,boostinprogress=false,waitmodeenable=false,mode=true,manual=33,auto=-1,adj=0.0userId=0
12-17 20:45:49.611   633 26591 I SDK     : <2016-12-17 20:45:49> [NOTICE] SDK: UE-SeC 2016-12-17 20:45:49:611 Level[NOTICE] magic[2488264992 2589]:ReadSdkGroupItem: no Item[w00290667_ssiAuth] in group uShare=0
12-17 23:11:29.774  1795 17831 I StatusBarManagerService: Disable records remove token DisableRecord{userId=0 pkg=com.android.systemui what1=3600000 what2=0} list: []
12-17 20:22:30.568  2852  2852 I HwBrightnessController: onChange selfChange:false uri.toString():content://settings/system/screen_auto_brightness mIsObserveAutoBrightnessChange:true
12-18 17:41:21.753  4690  4690 E HW-JPEG-DEC: [HME_JPEG_DEC_Delete](3298): HME_JPEG_DEC_Delete: decoder_ctx=null
12-18 08:10:52.138  3858  4126 D TelephonyManager: getNeighboringCellInfo calling app is com.amap.android.ams
12-18 15:35:30.200  1795  1825 D PowerManagerService: reallyGoToSleepNoUpdateLocked: eventTime=140530059, uid=1000
12-18 07:46:49.701  1795  3111 D PowerManagerService: release:lock=145114589, flg=0x0, tag="dispatcher", name=android", ws=null, uid=1000, pid=7194
12-17 22:02:02.201  3180  3578 I ash     : ash->screen off
12-18 10:41:04.906  2852  2925 W ExifData: The tag is null error!
12-17 21:52:25.351   835  2385 I fpc_tac : fpc_tac_begin_identify---need_liveness_authentication: 0
12-17 22:26:52.278   606  2379 E libteec : QSEECom_send_cmd return!
12-18 15:38:28.628 10334 10334 D wpa_supplicant: WPS: attr type=0x103b len=1
12-18 19:51:30.009  2852  2852 I ToggleSlider:  mSeekListener onProgressChanged progress:1256 fromUser:false
12-18 05:26:31.230  3626 19277 I iMonitor: send: 903001003
12-17 21:50:28.111  1795  1809 I PowerManager_screenOn: finishKeyguardDrawn -> waitForAllWindowsDrawn
12-17 21:28:25.180  2852  3344 D KeyguardViewMediator: notifyFinishedGoingToSleep
12-17 20:05:56.295  1795  1825 W LightSensor: LightSensor, enable, 285: mEnabled=1
12-18 07:40:01.448  5224  5283 I Step_DataCache: 20002302|getTodayTotalSteps 7
12-17 23:58:52.291   633 31870 I SDK     : 
12-18 00:17:03.101  2852  2852 I HwSignalClusterView: getOrInflateState subId:0
12-17 22:29:21.971  1795  2371 E LightSensor: read Events lux:  2.0
12-18 19:25:16.524   633 31870 I SDK     : <2016-12-18 19:25:16> [WARN] SDK: UE-SeC 2016-12-18 19:25:16:524 Level[WARN] magic[3362781472 684]:PubEvt_Close Getting a socket[208] from the Socket-table Failed!
12-17 20:41:53.294  3180  3578 I ash     : Application com.huawei.espacev2 is im app and connected ok, delay to H!
12-18 19:49:58.922   633 31870 I SDK     : <2016-12-18 19:49:58> [WARN] SDK: UE-SeC 2016-12-18 19:49:58:922 Level[WARN] magic[3362781472 684]:PubEvt_Close Getting a socket[246] from the Socket-table Failed!
12-17 22:25:41.777  1795  1825 I PowerManager_screenOn: PowerManagerNotifier onWakefulnessChangeFinished mInteractiveChanging=true, mInteractive=true
12-17 20:44:18.291  1795 17831 W ActivityManager: getTasks: caller 10140 does not hold REAL_GET_TASKS; limiting output
12-18 10:39:39.496  1795  2748 D HwAmbientLuxFilterAlgo: t=138869232,BT=138869732,DT=138870232,BT1=138873232,DT1=138877232,Bn=false,Dn=false,lx=[398.0/138867728, 420.0/138868029, 438.0/138868330, 420.0/138868631, 447.0/138868931, 436.0/138869232],mLx=377.0,s=5.0,ss=61.6422,AuIntervened=false,mProximityState=false,bLux=1054.5,dLux=64.32001,bLux1=1054.5,dLux1=64.32001
12-18 17:30:13.133  7194 15248 I PushLog2824: [SocketRead_17:30:13-15280]enter createSocket 118.*******199(android/null:-1)
12-17 21:25:22.678  1795  2323 E UsbDeviceManager: Error reading charge file
12-17 22:43:08.023  2852  3556 I NetworkController.MobileSignalController(0): onSignalStrengthsChanged signalStrength=SignalStrength: -1 0 -1 255 -1 255 -1 255 255 20 -101 -7 194 2147483647 2147483647 false gw|lte level=4 isSuspend=false levelOld=4,mSignalStrength level=4
12-17 21:26:58.394   606  2379 E libteec : send data return = 1152
12-17 20:34:37.373   802   802 E Thermal-daemon: [Thermal_Hw] temperature_valid, battery : temperature is invalid, invalid temperatrue is 27
12-18 10:52:10.777   808   549 D QCameraParameters: getMMIPdafTestMode: mode : (null) 
12-18 14:14:04.556  3218 13125 I PhoneInterfaceManager: shouldBlockLocation  ret:false
12-18 07:35:26.657  1795  2748 D HwAmbientLuxFilterAlgo: earliestValidTime + POWER_ON_BRIGHTENING_LIGHT_DEBOUNCE
12-17 22:29:44.083  3608  3608 D InCall  : AnswerPresenter - onCallListChange callList=com.android.incallui.CallList@86c7f97
12-18 17:42:39.390  2852  2852 D HwCustMobileSignalControllerImpl: sub =0,strMccMnc =null,hashMccMnc =[],strPlmn =hw_show_4g
12-18 17:35:21.463   633 31867 I SDK     : 
12-18 14:21:04.181  3382  3399 D QcrilMsgTunnelSocket: Response ID 525306 is not served in this process.
12-18 14:11:12.420  5994  5994 D wpa_supplicant: WPS: attr type=0x1021 len=4
12-17 21:47:49.066  2852  2852 D HwCust  : Create obj success use class android.app.HwCustNotificationImpl
12-18 07:51:53.145   633 31870 I SDK     : <2016-12-18 07:51:53> [WARN] SDK: UE-SeC 2016-12-18 7:51:53:144 Level[WARN] magic[3362781472 684]:PubEvt_Close Getting a socket[244] from the Socket-table Failed!
12-18 07:30:49.153   802   802 E Thermal-daemon: Report temperature: [ap] temp :23  report_threshold:1
12-18 09:00:13.024  2852  2852 D StatusBar: updateNotification(StatusBarNotification(pkg=com.huawei.health user=UserHandle{0} id=10010 tag=null key=0|com.huawei.health|10010|null|10099: Notification(pri=0 contentView=null vibrate=null sound=null defaults=0x0 flags=0x62 color=0x00000000 vis=PRIVATE)))
12-17 19:33:04.200  2852  2852 I PanelView: instantCollapse
12-17 19:57:44.854  1795 16500 I HwActivityManagerService: Split enqueueing broadcast [callerApp]:ProcessRecord{580cfb2 5224:com.huawei.health:DaemonService/u0a99}
12-18 17:41:21.758  2852  2852 I HwDateUtils:  formatChinaDateTime equals.
12-17 20:11:44.332  5215  5215 D wpa_supplicant: RSN: Flush PMKSA cache entry for 80:38:bc:0b:16:21
12-18 19:49:31.631  1795  1825 D AutomaticBrightnessController: Disable LightSensor at time:142849053
12-18 19:50:05.875   836  2387 I knuckle_sensor: Sending SAM_ENABLE to fs_data
12-17 20:31:04.211   633 31870 I SDK     : 
12-18 08:43:01.006  2852  2852 D HwCustMobileSignalControllerImpl: isCurrentBySim()=false
12-18 10:40:11.341  2852  2852 I StackScrollAlgorithm: state.clipTopAmount:174, i:1
12-18 09:14:52.302  2852  2852 D StatusBar: updateNotification(StatusBarNotification(pkg=com.huawei.health user=UserHandle{0} id=10010 tag=null key=0|com.huawei.health|10010|null|10099: Notification(pri=0 contentView=null vibrate=null sound=null defaults=0x0 flags=0x62 color=0x00000000 vis=PRIVATE)))
12-17 20:23:55.876   633 31867 I SDK     : 
12-18 18:32:04.432  2852  2852 D HwCustMobileSignalControllerImpl: isCurrentBySim()=false
12-18 00:01:40.531  2852  2852 I HwSignalClusterView: getOrInflateState subId:0
12-18 15:33:30.287 10334 10334 D wpa_supplicant: WPS: attr type=0x1044 len=1
12-18 15:06:11.353  1795  2323 E UsbDeviceManager: 	at android.os.UEventObserver$UEventThread.sendEvent(UEventObserver.java:210)
12-18 14:25:39.237  1795  3111 D ConnectivityService: Returning blocked NetworkInfo to uid=10102
12-17 23:21:08.756  1795  2748 D HwAmbientLuxFilterAlgo: earliestValidTime + POWER_ON_BRIGHTENING_LIGHT_DEBOUNCE
12-18 14:10:51.905  1795  1821 D WifiDisplayController:  devcapab: 0
12-17 19:58:57.112  5215  5215 D wpa_supplicant: SSL: TLS Message Length: 4586
12-18 18:02:47.169   633 31870 I SDK     : <2016-12-18 18:02:47> [WARN] SDK: UE-SeC 2016-12-18 18:2:47:169 Level[WARN] magic[3362781472 684]:PubEvt_Close Getting a socket[99] from the Socket-table Failed!
12-18 14:14:31.860  7480  7498 I HwIntelligent3_WorkCommuteManager: resetCommute
12-17 22:30:37.557   633 31869 I SDK     : 
12-18 18:24:32.425  2852  2852 I HwSignalClusterView: setMobileDataIndicatorsHuawei subId:0 visible:true strengthIcon:2130839311 typeIcon:2130839195 contentDescription:手机信号满格。 typeContentDescription:4G isTypeIconWide:true showActivity:true activityIn:false activityOut:false isRoaming:false
12-17 21:59:20.830  3218  3234 E HW-JPEG-DEC: [HME_JPEG_DEC_Delete](3298): HME_JPEG_DEC_Delete: decoder_ctx=null
12-17 20:50:51.377  3858  4126 I amsnl   : csr
12-18 15:36:50.582  3858  4126 I amsnl   : csr
12-18 14:21:29.874  2852  2852 I HwSignalClusterView: apply hwPhoneState.mSubId:0 anyMobileVisible:false mIsAirplaneMode:false, mobileGroupVisible=true
12-17 23:01:05.653   835  2385 E libteec : begin
12-18 17:32:00.120  1795  2377 I RMS.MemoryFragReader: Node 0, zone      DMA   4010   3964   2124    503      4      2      0      0      0      0      0 
12-17 20:35:39.089 24266 24266 D seekbar : org.iqiyi.video.ui.ci.onProgressChanged()<-1> : 当前进度：1202828 缓冲大小:1565444 缓冲进度：2768272
12-17 20:59:12.253 24266 24266 I qiyippsplay: org.iqiyi.video.ui.bf.h()<-1> : 当前时间2615947
12-18 19:53:13.364  1795  2381 D libfingersense_wrapper: fingersense_touch_up() finished
12-18 18:47:36.992  3218  3375 I SendBroadcastPermission: action:com.huawei.android.intent.action.RAC_CHANGED, mPermissionType:0
12-18 17:41:20.168   835  2385 E libteec : begin
12-18 10:54:50.044   633  1202 I SDK     : <2016-12-18 10:54:50> [NOTICE] SDK: UE-SeC 2016-12-18 10:54:50:44 Level[NOTICE] magic[2159466784 452]:l4vpn : l4vpn status is 1
12-18 13:01:06.103  2852  2852 I PhoneStatusBar: updateNotificationShade
12-18 15:35:15.473  2852  2852 I NotificationContentView: transferRemoteInputFocus: 0
12-17 23:04:35.795  1795  2737 W WifiProJNI: poll before: g_monitor_fd =310
12-18 14:12:33.209  6673  6689 I ChinaUploader: ds.flush() end
12-17 21:13:38.325  2852  2852 I HwSignalClusterView: apply hwPhoneState.mSubId:0 anyMobileVisible:false mIsAirplaneMode:false, mobileGroupVisible=true
12-18 17:31:34.351  5224  5283 I SendBroadcastPermission: action:android.com.huawei.bone.NOTIFY_SPORT_DATA, mPermissionType:0
12-18 00:04:56.421  1795  1809 I PowerManager_screenOn: finishKeyguardDrawn -> waitForAllWindowsDrawn
12-17 20:18:54.790   835  2385 E libteec : qsc_decode end
12-17 23:19:35.062  1795  1819 I EventHub: EventHub monitor: no key events in the past 3981s, no motion events in the past 56s
12-18 10:45:58.895 18503 32381 D IntelligentIntentService: eventAction :class com.huawei.intelligent.main.businesslogic.weatheralarm.receiveaction.WeatherAction
12-18 12:38:43.686   835  2385 E libteec : qsc_decode end
12-17 23:48:56.026  3858  4126 I amsnl   : m1: false
12-18 19:25:19.854  1795  2750 D HW_DISPLAY_EFFECT: presently, hw_update_color_temp_for_rg_led interface not achieved.
12-18 08:22:36.065  2852  2852 D HwCustMobileSignalControllerImpl: sub =0,strMccMnc =null,hashMccMnc =[],strPlmn =hw_show_4g
12-18 08:40:39.040   633 31870 I SDK     : 
12-17 23:16:21.792   633 31870 I SDK     : 
12-17 21:58:41.338   606  2379 E libteec : receive data len = 128
12-18 10:52:07.806   827   542 E mm-camera: <SENSOR><ERROR> 1094: ois_process: 
12-18 07:53:52.171  1795  1819 I EventHub: EventHub monitor: no key events in the past 1660s, no motion events in the past 722s
12-18 08:04:07.213  2852  2852 I EventCenter: EventCenter Get :android.intent.action.TIME_TICK
12-17 20:31:43.434 24266 24271 I art     : After code cache collection, code=82KB, data=89KB
12-18 15:41:35.421   802   802 E Thermal-daemon: [Thermal_Hw] temperature_filter: get invalid temperature, use old temp
12-18 07:29:37.813  1795  2685 D ConnectivityService: scheduleUnvalidatedPrompt 309
12-17 23:44:59.033   633 31870 I SDK     : 
12-18 19:32:14.248  1795 17831 I ActivityManager_broadcast: collectReceiverComponents, callerApp: ProcessRecord{24cdca7 3218:com.android.phone/1001}, intent:android.intent.action.LTE_CA_STATE, receiver size:1, flags: 10000400
12-17 23:38:49.667  3879  4071 I HwLauncher: Workspace updateCustomizeShortcuts view invalidate ShortcutInfo(title=eSpace)
12-18 10:54:50.059  5224  5283 I Step_HSNH: 20002302|rebuild notification
12-18 07:44:52.159  1795  1819 I InputDispatcher: InputDispatcher::monitor frozen check!
12-18 07:38:47.598  1795  2380 D PowerManagerService: userActivityNoUpdateLocked: eventTime=135708901, event=2, flags=0x0, uid=1000
12-17 20:31:04.257   633 31870 I SDK     : <2016-12-17 20:31:04> [WARN] SDK: UE-SeC 2016-12-17 20:31:4:257 Level[WARN] magic[3362781472 684]:PubEvt_Close Getting a socket[125] from the Socket-table Failed!
12-17 21:26:51.880  1795 16499 D PowerManagerService: release:lock=184063844, flg=0x0, tag="NetworkStats", name=android", ws=null, uid=1000, pid=1795
12-18 18:32:57.462  1046  9752 I APM_AudioPolicyManager: startOutput() output 13, stream 1, session 4257
12-17 19:40:28.192  1795  2380 I PowerManager_screenOn: PowerManagerNotifier onUserActivity: event=2, uid=1000
12-18 00:12:36.674  1795  2380 D PowerManagerService: userActivityNoUpdateLocked: eventTime=134244972, event=2, flags=0x0, uid=1000
12-17 20:33:23.857  1795 24845 W ActivityManager: Scheduling restart of crashed service com.huawei.camera/.controller.BootDaemonService in 1000ms
12-17 22:31:00.141  5394  5509 W System.err: 	at org.chromium.base.MemoryChecker.d(Unknown Source)
12-18 16:01:37.656  2852  2852 I PhoneStatusBar: cancelAutohide
12-18 14:12:37.790  5157  5157 I chromium: [INFO:CONSOLE(1)] "Uncaught SyntaxError: Unexpected token var", source:  (1)
12-17 23:16:05.637  3218  3218 E QtiImsExtUtils: isCarrierConfigEnabled bundle is null
12-18 15:32:58.903  2852  2852 I NetworkSpeedManagerEx: mIsNetworkSpeedEnabled = false, mIsAirplaneMode = false, mIsWifiConnected = false, mIsHasIccCard = true, mIsNetworkValid = false, mIsDataSwitchEnabled = false, mIsVsimEnable = false
12-18 17:38:23.265  1795  1825 D Sensors : pa2240-proximity calling driver enable
12-18 16:01:11.417   633 31868 I SDK     : <2016-12-18 16:01:11> [NOTICE] SDK: UE-SeC 2016-12-18 16:1:11:417 Level[NOTICE] magic[3365677344 394]:L4VPN notify callback sdkey status 0
12-17 21:48:24.253   633 31868 E SDK     : <2016-12-17 21:48:24> [ERR] SDK: UE-SeC 2016-12-17 21:48:24:253 Level[ERR] magic[3365677344 436]:libcSeekFile => fseek[22]:[-64][0][EA60465C]
12-18 16:01:08.738   606  2379 E libteec : receive data len = 128
12-18 15:38:44.037 10334 10334 D wpa_supplicant: random_mix_pool - hexdump(len=16): [REMOVED]
12-17 21:12:24.073  1795  2748 D HwAmbientLuxFilterAlgo: t=126297770,BT=126298770,DT=126301770,BT1=126301770,DT1=126305770,Bn=false,Dn=false,lx=[6.0/126296266, 7.0/126296567, 6.0/126296868, 6.0/126297169, 6.0/126297470, 6.0/126297770],mLx=5.0,s=5.0,ss=0.03654485,AuIntervened=false,mProximityState=false,bLux=15.0,dLux=0.0,bLux1=15.0,dLux1=0.0
12-17 20:31:00.528  3858  4126 I amsnl   : t:false, fl: false, p: 2147483647000, ce: true, we: false
12-18 04:16:50.258  3626  3626 E PTM.FileNodeInfo: getTempInfo error: null, 0
12-18 09:21:17.696  3218  3218 I SendBroadcastPermission: action:android.intent.action.LTE_CA_STATE, mPermissionType:0
12-17 21:52:25.219  2852  2852 I NotificationGroupManager: onEntryAdded:0|com.android.incallui|2|null|1001, group=0|com.android.incallui|2|null|1001
12-18 18:23:32.403  2852  2852 I HwSignalClusterView: getOrInflateState subId:0
12-18 19:50:06.306  2852  2852 W StatusBarKeyguardViewManager: set navBarVisible 
12-18 14:15:20.389   633 31870 I SDK     : <2016-12-18 14:15:20> [WARN] SDK: UE-SeC 2016-12-18 14:15:20:389 Level[WARN] magic[3362781472 684]:PubEvt_Close Getting a socket[72] from the Socket-table Failed!
12-18 09:20:51.376  2852  2852 I PhoneStatusBar: removeNotificationChildren
12-18 14:11:30.908  5157  5157 I chromium: [INFO:CONSOLE(1)] "Uncaught SyntaxError: Unexpected token var", source:  (1)
12-17 20:59:29.095  1795 27851 W AwareLog: AwareMem_Kill: updateGroupList process: move high frequent=com.huawei.systemmanager, uid=1000
12-17 22:29:21.489  2852  2852 I StackScrollAlgorithm: updateDimmedActivatedHideSensitive overlap:true
12-17 20:28:02.404  2852  2852 I PhoneStatusBar: removeNotificationChildren
12-17 22:33:36.490  1795  3139 E HsmCoreServiceImpl: onTransact in code is: 103
12-17 21:53:30.459  1795  1795 I NotificationManager: updateLightsLocked,mInCall =true,mScreenOn = true,ledNotification == null?true
12-18 08:14:13.011  1795  3253 D SmartHeartBeat: setAlarmsAdjust ...
12-18 00:03:50.483   633 31870 I SDK     : 
12-18 18:32:46.209  1795 23053 D PFW.HwPFWAppWakeLockPolicy: getUidWakeLock uid: 10093 wakelock(minutes): 0
12-18 15:34:57.796  2852  2852 D HwPhoneStatusBar: No peeking: not allowed notification: 0|com.android.browser|1610612739|null|10029
12-18 09:20:00.344  2883  2996 E HwSystemManager: CommonMethodUtil:No package name to uid:-4
12-18 00:03:50.473   633 31870 I SDK     : <2016-12-18 00:03:50> [WARN] SDK: UE-SeC 2016-12-18 0:3:50:472 Level[WARN] magic[3362781472 684]:PubEvt_Close Getting a socket[42] from the Socket-table Failed!
12-18 17:42:05.820 25067 25067 I BetaClub: RankingShowFragment non-parameter constructor
12-17 23:13:42.669  2852  2852 I TrafficPanelViewContent: onShowStatusChange show:false
12-18 10:39:41.640  3180  3332 I PGServer: report state:2 event type:2 pid:4492 uid:10105 pkg:null to pid: 1795
12-17 23:05:54.661   633 31867 I SDK     : 
12-18 14:10:33.564  1795 16501 D PowerManagerService: Releasing suspend blocker "PowerManagerService.WakeLocks".
12-17 21:22:07.794 24266 24266 V chaunce : org.iqiyi.video.vote.b.aux.a()<-1> : checkVoteShowTime-->1491721
12-18 00:03:50.465   633 31870 I SDK     : 
12-17 20:11:40.954  2852  2852 W HwLockScreenReporter: report result = falsereport type:162 msg:{picture: Deepwater-05-2.3.001-bigpicture_05_11.jpg, channelId: 05}
12-17 20:18:54.475   835  2385 E libteec : begin
12-18 09:10:58.509  2852  2852 D HwCustMobileSignalControllerImpl: sub =0,strMccMnc =null,hashMccMnc =[],strPlmn =hw_mcc_mnc
12-18 18:26:34.711 20852 20870 I PlaceRecognitionService: work start startId : 4
12-17 23:09:54.081  2852  3556 I NetworkController.MobileSignalController(0): onDataActivity: direction=0
12-17 22:26:09.183  1795  6986 V SecInputMethodManagerService: Client requesting input be hidden, pid=3608
12-18 17:35:21.249  1795  1808 I ActivityManager_broadcast: dispatch ordered broadcast [background] BroadcastRecord{c1c7fe4 u0 android.intent.action.USER_PRESENT}, has 6 receivers
12-17 23:01:10.155  2852  2852 D HwCustMobileSignalControllerImpl: isCurrentBySim()=false
12-18 00:23:54.436  2852  2852 I HwSignalClusterView: getOrInflateState subId:0
12-18 17:30:51.459  5224  5283 I Step_ExtendStepDataManager: 20002302|compensate 24700890 97
12-18 10:52:09.977   808   547 D QCameraParameters: int qcamera::QCameraParameters::getAEStatus(void*, int*, int*) const aecStabe=1, currentY=42
12-18 09:26:01.391  3180  3578 I ash     : running package: com.tencent.mm, visible: false
12-18 15:38:43.097  1795 11747 I LocationManagerService: request fdbf317 passive Request[POWER_NONE passive fastest=+1s0ms] from com.sankuai.meituan(10146)
12-17 19:32:01.134  1795  3225 D HwWindowManagerService: imeVis=false
12-17 20:32:21.862  2852  3361 I vol.VolumeDialogControl: onVolumeChangedW stream = 3, flags = 4112
12-17 20:41:12.154  3382  3399 D QcrilMsgTunnelSocket: readRilMessage: Buffer = [B@204bb9f HexData = [010000000404000011000000514f454d484f4f4bfa0308000100000000]
12-17 23:24:13.171  3626  4889 E PTM.FileNodeInfo: getTempInfo error: null, 0
12-17 21:35:43.331  1795 17831 D PowerManagerService: ready=true,policy=0,wakefulness=0,wksummary=0x1,uasummary=0x0,bootcompleted=true,boostinprogress=false,waitmodeenable=false,mode=true,manual=33,auto=-1,adj=0.0userId=0
12-17 21:33:50.623  2852  2852 I StatusBar: onNotificationPosted: StatusBarNotification(pkg=com.huawei.health user=UserHandle{0} id=10010 tag=null key=0|com.huawei.health|10010|null|10099: Notification(pri=0 contentView=null vibrate=null sound=null defaults=0x0 flags=0x62 color=0x00000000 vis=PRIVATE)) important=2, post=1481981630618, when=1481531589202, vis=0, userid=0
12-18 07:36:41.874  2852  2852 D HwCustMobileSignalControllerImpl: isCurrentBySim()=false
12-18 09:14:46.922  3626  3626 E PTM.FileNodeInfo: getTempInfo error: null, 0
12-18 10:51:55.336  1795 16499 W HW_DISPLAY_EFFECT: Warning: hw_set_colortemperature is COLOR_TEMP_2_DIMENSION interface, not supported presently.
12-17 20:11:44.995  1795  2685 I HwPFWLogger: AppAutoStartupPolicy:prevent start receiver of package cn.wps.moffice_eng for action android.net.conn.CONNECTIVITY_CHANGE
12-17 21:59:51.132  3180  3332 I WakelockMonitor: start wakelock monitor.
12-17 21:22:34.924  1795  3237 I AlarmManager: remove(PendingIntent{dd36100: PendingIntentRecord{7b913f0 com.android.phone broadcastIntent}}) changed bounds; rebatching
12-17 23:26:41.752   814 11630 D NuPlayerDriver: notifyListener_l(0xec9acd60), (1, 0, 0), loop setting(0, 1)
12-18 15:34:28.947 10334 10334 D wpa_supplicant: WPS: attr type=0x1021 len=24
12-18 12:39:37.529  2852  2852 I HwSignalClusterView: getOrInflateState subId:0
12-18 00:24:18.288 17357 17396 E HW-JPEG-DEC: [HME_JPEG_DEC_Delete](3298): HME_JPEG_DEC_Delete: decoder_ctx=null
12-17 21:53:36.083   606  2379 E libteec : QSEECom_send_cmd return!
12-18 07:38:04.723  1795  2748 D HwAmbientLuxFilterAlgo: earliestValidTime + POWER_ON_DARKENING_LIGHT_DEBOUNCE
12-17 21:14:58.242 24266 24266 V chaunce : org.iqiyi.video.vote.b.aux.a()<-1> : checkVoteShowTime--hideVoteView
12-17 23:13:32.650  1795  2750 D HW_DISPLAY_EFFECT: presently, hw_update_color_temp_for_rg_led interface not achieved.
12-17 19:32:23.787  5215  5215 D wpa_supplicant: nl80211: Rekey offload - Replay Counter - hexdump(len=8): 00 00 00 00 00 00 00 02
12-17 22:34:54.263  2852  2852 D HwCustMobileSignalControllerImpl: sub =0,strMccMnc =null,hashMccMnc =[],strPlmn =hw_show_4g
12-18 10:41:04.753  2852  2852 I HwPhoneStatusBar: showKeyguard:false
12-17 23:35:24.688  1795  3111 I AlarmManager: remove(PendingIntent{1981514: PendingIntentRecord{16b6f78 com.android.phone broadcastIntent}}) changed bounds; rebatching
12-17 21:10:45.614  3858  4126 I amsnl   : t:false, fl: false, p: 2147483647000, ce: true, we: false
12-17 22:28:05.317   633 31868 I SDK     : 
12-17 23:05:16.846  1795  3249 I qti_sensors_hal: flush,395,handle 49
12-17 19:31:44.785  1795  2750 D PowerManagerService: Setting HAL auto-suspend mode to false
12-18 17:42:24.703  2852  2852 I NotificationGroupManager: onEntryAdded:0|com.huawei.health|10010|null|10099, group=0|com.huawei.health|10010|null|10099
12-17 21:27:06.696   633 31870 I SDK     : 
12-18 15:38:28.630 10334 10334 D wpa_supplicant: WPS: attr type=0x1011 len=9
12-18 19:50:10.215  2852  2852 D PhoneStatusBar: disable: < expand ICONS alerts SYSTEM_INFO BACK* HOME* RECENT* clock navigationbar SEARCH* quick_settings >
12-18 14:11:28.627  5157  5157 W cr_BindingManager: Cannot call determinedVisibility() - never saw a connection for the pid: 5157
12-18 15:37:17.577  2852  2852 I HwSignalClusterView: apply hwPhoneState.mSubId:0 anyMobileVisible:false mIsAirplaneMode:false, mobileGroupVisible=true
12-18 17:40:29.719  2852  2852 I BarTransitions.HwPhoneStatusBarView: transitionTo: mode=MODE_TRANSPARENT, animate=false
12-18 18:25:35.616  3879  4071 D HwLauncher: Launcher.LauncherProvider  launcher-restore query - uri:content://com.huawei.android.launcher.settings/badge
12-17 21:17:16.147  1795 17832 W ActivityManager: getTasks: caller 10140 does not hold REAL_GET_TASKS; limiting output
12-18 10:59:22.125  1795 15988 D PowerManagerService: Releasing suspend blocker "PowerManagerService.WakeLocks".
12-18 14:11:39.616  5157  5157 D test    : sending:{"handlerName":"getRegisteredJsHandler","callbackId":"java_cb_1","data":null}
12-18 07:32:51.281  1795  2748 D HwAmbientLuxFilterAlgo: earliestValidTime + POWER_ON_DARKENING_LIGHT_DEBOUNCE
12-18 10:39:40.030  1046  1125 V audio_hw_primary: enable_audio_route: enter: usecase(1)
12-18 15:42:05.737  3218  3439 I PhoneInterfaceManager: shouldBlockLocation  ret:false
12-18 14:11:28.520  5157  5157 D test    : sending:{"handlerName":"getRegisteredJsHandler","callbackId":"java_cb_1","data":null}
12-18 12:39:04.665  2852  2852 D HwCustMobileSignalControllerImpl: sub =0,strMccMnc =null,hashMccMnc =[],strPlmn =hw_show_lte
12-18 10:51:55.929  2852  2852 I StackScrollAlgorithm: updateDimmedActivatedHideSensitive overlap:false
12-17 21:23:15.738  1795  6986 I ActivityManager_service: ServiceNeeded not bring down service:ServiceRecord{a4b174 u0 euid: 0 com.qiyi.video/org.qiyi.android.plugin.ipc.IPCService}
12-17 21:05:10.512  2852  2852 D NetWorkUtils: is3GCalling is false,mCdmaSlot is -1
12-17 22:25:41.439  1795  2377 I AwareLog: AwareMem_DMEServer: start
12-18 09:06:01.997  3168 28886 D HwRepairHelper: update()   updated:  00
12-17 23:13:48.264   633 31870 I SDK     : <2016-12-17 23:13:48> [WARN] SDK: UE-SeC 2016-12-17 23:13:48:264 Level[WARN] magic[3362781472 684]:PubEvt_Close Getting a socket[156] from the Socket-table Failed!
12-18 00:04:56.415  1795  1825 D HwNormalizedAutomaticBrightnessController: set power status:mPowerStatus=false,powerStatus=true
12-18 19:49:53.750  1046  1467 V APM_AudioPolicyManager: selectOutput() commonFlags for output 21, 0000
12-17 22:33:27.167 31532  5869 E HwIntelligent3_PropertiesUtil: get default is_support_quantified_self
12-18 10:39:39.478 28113 31335 D HsmJoinRequest: https request.
12-18 19:49:57.773   606  2379 E libteec : QSEECom_send_cmd return!
12-17 22:42:51.857   633   692 I TCP     : tcp.recv{4488} TcpClientThread.onReceiverWork(TcpClientThread.java:307) get tcp message 732
12-18 15:33:22.343   633 31868 I SDK     : 
12-18 07:58:31.392  2852  2852 V MagazineUtils: Is User Assigned Wallpaper? : 0  false
12-17 23:30:56.618  2852  2925 I ExifParser: mTiffStream skip = 0
12-17 21:48:34.864  2852  2852 I TrafficPanelManager: hideTraffic
12-18 10:52:08.842   808   445 D QCameraParameters: bool qcamera::QCameraParameters::needProcessHDRData() const KEY_SCENE_MODE:auto
12-17 23:13:48.252   633 31870 I SDK     : 
12-17 19:36:03.773  1795 20786 E BatteryStatsService: no controller energy info supplied
12-17 19:31:56.144  3608  3608 D InCall  : ContactInfoCache - Contact lookup. In memory cache hit; lookup complete
12-18 14:19:45.317   633 31870 I SDK     : 
12-18 09:00:25.423  1795  2323 E UsbDeviceManager: 	at java.io.FileInputStream.open(Native Method)
12-18 15:38:08.542 10334 10334 D wpa_supplicant: WPS: attr type=0x1023 len=28
12-17 20:44:16.920  1795  1819 D NetworkManagement: notifyInterfaceClassActivity: client is com.android.server.ethernet.EthernetNetworkFactory$InterfaceObserver@fccfd35
12-17 22:33:44.692  2883  2997 I HwSystemManager: PermissionDbVisitor:insertHistoryRecord:HistoryRecord[packageName:huawei.w3,permissionType:33554432,action:11,dateStartTime:1481904000000,timestamp:1481985224691]
12-17 19:59:02.987  1795 15982 D PowerManagerService: acquire lock=180285767, flags=0x1, tag="WakerLock:218529747", name=com.tencent.mm, ws=null, uid=10105, pid=4634
12-18 00:22:09.265   633   692 I eSpaceService: Watch Thread{4481} WatchThread.onLoop(WatchThread.java:98) watch thread onLoop...--》 iWatched.doWatch() 
12-17 21:51:49.979  2852  2852 I EventCenter: EventCenter Get :android.com.huawei.bone.NOTIFY_SPORT_DATA
12-18 15:36:32.931 10334 10334 D wpa_supplicant: WPS: attr type=0x1021 len=4
12-17 22:51:19.298  1046  1052 I AudioFlinger: setStreamVolume thread=0xf0e974c0; stream=3; value=0.000000
12-18 19:49:54.165  1046  1046 I APM_AudioPolicyManager: checkOutputForStrategy() getDeviceForStrategy strategy=8 newDevice=2 oldDevice=1
12-18 10:45:03.645  1795  3249 I ActivityManager: Start proc 32094:com.huawei.android.totemweather:remote/u0a28 for service com.huawei.android.totemweather/com.baidu.location.f
12-17 19:31:42.505  1795  2377 I AwareLog: AwareMem_DMEServer: start
12-18 15:40:16.893  1795  2728 D hw_netstat: total/15428/265579,android.uid.system:1000/6264/264600,com.android.browser/8804/939,unknown:0/360/40
12-17 20:31:00.332  1795  1825 I PowerManager_screenOn: KeyguardServiceDelegate  onScreenTurnedOn(showListener = com.android.server.policy.PhoneWindowManager$3@bf53b21)
12-17 20:19:04.650  2852  2852 I StackScrollAlgorithm: updateClipping isOverlap:false
12-18 15:33:20.041  2852  2914 I NetworkSpeedManagerEx: receive:android.net.wifi.STATE_CHANGE
12-18 11:26:03.998 31949 31967 I TCP     : tcp.conn{4787} TcpSocket.connect_i(TcpSocket.java:84) connecting to ip address uc.huawei.com/45.249.213.63
12-17 22:34:14.397  1795  1825 D HwNormalizedRampAnimator: 264/128339337,262/128339353,259/128339370,257/128339386,254/128339403,252/128339420,249/128339436,246/128339453,244/128339469,241/128339486,239/128339503,236/128339519,235/128339536,
12-18 18:29:14.123  1795  1809 D NavigationBarPolicy: onFling::not valid gesture or touch plus on, false, return!
12-18 10:39:55.164  2852  2852 I HwSignalClusterView: apply hwPhoneState.mSubId:0 anyMobileVisible:false mIsAirplaneMode:false, mobileGroupVisible=true
12-18 13:11:20.737  2852  2852 W HwLockScreenPanel: Handle message: 4
12-18 15:27:51.802  2852  2852 I StackScrollAlgorithm: overlapAmount:209.5235, previousNotificationEnd:1094.1434, newYTranslation:884.61993, location:8, i:3, getTopPadding:499.0, getLocationOnScreen():0
12-18 14:11:16.820  5157  5157 D test    : sending:{"handlerName":"getRegisteredJsHandler","callbackId":"java_cb_1","data":null}
12-17 19:40:31.100   835  2385 E libteec : begin
12-18 04:05:02.873  3626  3626 E PTM.FileNodeInfo: getTempInfo error: null, 0
12-17 21:07:36.048  1795  2737 I QosMonitor: postEventFromNative: msg=100,arg1=0,arg2=9
12-18 08:10:38.030  1795  2380 I PowerManager_screenOn: PowerManagerNotifier onUserActivity: event=2, uid=1000
12-18 14:20:47.644  1795  3238 D PowerManagerService: ready=true,policy=0,wakefulness=0,wksummary=0x1,uasummary=0x0,bootcompleted=true,boostinprogress=false,waitmodeenable=false,mode=true,manual=33,auto=-1,adj=0.0userId=0
12-18 14:11:32.580  1795  3225 I ActivityManager_broadcast: Enqueueing ordered broadcast[background] BroadcastRecord{9feca5f u0 com.huawei.betaclub.UPLOAD_PROGRESS}: prev had 6
12-17 23:42:39.446   633 31870 I SDK     : <2016-12-17 23:42:39> [WARN] SDK: UE-SeC 2016-12-17 23:42:39:446 Level[WARN] magic[3362781472 684]:PubEvt_Close Getting a socket[133] from the Socket-table Failed!
12-18 18:26:04.174  4492  4544 D 2DSDR   : APS: 2DSDR: CanvasContext::setSDRZoomout(), the SDR ratio from ViewRootImpl is -1.000000, native window width = 1080, height = 1920
12-18 15:36:32.943 10334 10334 D wpa_supplicant: wlan0: Control interface command 'BSS RANGE=12- MASK=0x3029d87'
12-18 10:39:41.644  1795 11747 I MediaProcessHandler: processOp opType: 1, uid: 10105, pid: 4492
12-18 10:39:38.179   633 31870 I SDK     : <2016-12-18 10:39:38> [WARN] SDK: UE-SeC 2016-12-18 10:39:38:179 Level[WARN] magic[3362781472 684]:PubEvt_Close Getting a socket[245] from the Socket-table Failed!
12-18 07:57:02.741  1795  2736 E hwintelligencewifi: getCurrentCellid type is PHONE_TYPE_GSM
12-17 23:54:54.912  2852  2914 I HwMobileSignalController: subId:0 phoneType:1 networktype:13 targetClass:3 masterLevel:4 slaveLevel:-1
12-18 18:29:04.832  1795 20929 I AwareLog: AwareMem_EventTracker: [POLLING_TIMEOUT_142339387] kill uid:10146, proc:com.sankuai.meituan:dppushservice
12-17 20:11:42.274  5215  5215 D wpa_supplicant: WPS: WFA subelement id=0 len=1
12-18 07:36:31.362   533  3739 E ANDR-PERF-MPCTL: Invalid profile no. 0, total profiles 0 only
12-17 19:43:01.586  1795  1819 D NetworkManagement: notifyInterfaceClassActivity: client is android.net.INetworkManagementEventObserver$Stub$Proxy@c0acf8b
12-18 18:23:26.267  1046  1125 D msm8916_platform: platform_set_channel_map mixer_ctl_name:Playback Channel Map12
12-18 10:39:38.180   633 31869 I SDK     : 
12-18 19:25:16.352   533  3739 E ANDR-PERF-MPCTL: Invalid profile no. 0, total profiles 0 only
12-17 19:32:30.328  2852  2852 I ToggleSlider:  mSeekListener onProgressChanged progress:1931 fromUser:false
12-17 21:58:03.743  1795  1825 I PowerManager_screenOn: DisplayPowerController updatePowerState mPendingRequestLocked=policy=BRIGHT, useProximitySensor=true, useProximitySensorbyPhone=true, screenBrightness=33, screenAutoBrightnessAdjustment=0.0, brightnessSetByUser=true, useAutoBrightness=true, blockScreenOn=false, lowPowerMode=false, boostScreenBrightness=false, dozeScreenBrightness=-1, dozeScreenState=UNKNOWN, useTwilight=false, useSmartBacklight=true, brightnessWaitMode=false, brightnessWaitRet=true, screenAutoBrightness=-1, userId=0
12-18 15:29:03.898  9659  9659 E HW-JPEG-DEC: [HME_JPEG_DEC_Delete](3298): HME_JPEG_DEC_Delete: decoder_ctx=null
12-17 22:26:19.455   612   612 D SurfaceFlinger: Set power mode=0, type=0 flinger=0x7f9a25b400
12-18 08:24:26.340  2852  2852 D HwCustMobileSignalControllerImpl: isCurrentBySim()=false
12-18 07:58:31.894  2852  2852 V KeyguardUpdateMonitor: *** unregister callback for null
12-17 22:51:55.182  1795  5350 I MQoS    : QOS_level:5(5),use RAT:4G;signalLvl:5
12-18 14:14:02.250  5157  5157 D test    : sending:{"handlerName":"getRegisteredJsHandler","callbackId":"java_cb_1","data":null}
12-17 20:11:50.063  1795 15987 D ActivityManager: getRecentTasks: num=10,flags=62,totalTasks=47
12-18 08:04:10.140   802   802 E Thermal-daemon: Report temperature: [pa_0] temp :26  report_threshold:1
12-17 20:23:01.184  1795  1819 D NetworkManagement: notifyInterfaceClassActivity: client is android.net.INetworkManagementEventObserver$Stub$Proxy@c0acf8b
12-18 10:16:28.971  1795  1807 D PowerManagerService: ready=true,policy=0,wakefulness=0,wksummary=0x1,uasummary=0x0,bootcompleted=true,boostinprogress=false,waitmodeenable=false,mode=true,manual=33,auto=-1,adj=0.0userId=0
12-18 17:30:08.561  1795  1795 D WifiScanGenie_Controller: cellid has changed
12-17 20:22:10.380  1795 15988 D PowerManagerService: release:lock=184063844, flg=0x0, tag="NetworkStats", name=android", ws=null, uid=1000, pid=1795
12-18 17:56:09.712  3879  3879 I HwLauncher: DynamicUpdater call updateFolder
12-18 08:08:05.441   633 31868 I SDK     : <2016-12-18 08:08:05> [NOTICE] SDK: UE-SeC 2016-12-18 8:8:5:441 Level[NOTICE] magic[3365677344 8933]:Set local private port is:[57994]
12-18 18:23:45.775  1795  3253 W System.err: java.lang.SecurityException: Permission denial: writing to settings requires:android.permission.WRITE_SECURE_SETTINGS
12-18 16:01:29.489  4492  4492 D CubicBezierInterpolator: CubicBezierInterpolator  mControlPoint1x = 0.6, mControlPoint1y = 0.9, mControlPoint2x = 0.8, mControlPoint2y = 1.0
12-18 16:01:12.648  2852  2852 I StackScrollAlgorithm: overlapAmount:198.0, previousNotificationEnd:149.0, newYTranslation:-49.0, location:8, i:1, getTopPadding:499.0, getLocationOnScreen():-589
12-17 21:32:14.737  3168  3330 W System.err: 	at com.huawei.android.chr.network.ChrNetwork.reportNetworkChr(ChrNetwork.java:554)
12-18 09:19:09.889  2852  2852 D StatusBar: reusing notification for key: 0|com.huawei.health|10010|null|10099
12-17 20:11:53.682  5224  5283 I Step_DataCache: 20002302|getTodayTotalSteps 5661
12-18 09:06:01.916  3168  3369 I CHR_ChrVolteStatisticInfoUtil: setVoLTECallStatisResult: chrVolteStatisticInfo= mCount=0, mAvgValue=0, mMaxValue=0, mMinValue=0
12-17 22:33:31.262  3879  4071 I HwLauncher: WeatherDynamicUpdater update before : mDrawingData[0] = mostlycloudy:0, 0, 0
12-18 14:12:30.960  5157  5157 D test    : sending:{"handlerName":"getRegisteredJsHandler","callbackId":"java_cb_1","data":null}
12-18 09:13:02.450   633 31870 I SDK     : 
12-18 18:33:19.823  3382  3399 D QcrilMsgTunnelSocket: Rac Change (PDC) data: [-1, -1]
12-18 09:20:00.256  3218  3439 E HW-JPEG-DEC: [HME_JPEG_DEC_Delete](3298): HME_JPEG_DEC_Delete: decoder_ctx=null
12-17 23:10:18.648   633  9746 E SDK     : <2016-12-17 23:10:18> [ERR] SDK: UE-SeC 2016-12-17 23:10:18:647 Level[ERR] magic[2355124512 10969]:FSM_Tool_LibcAccess ==> call access err path:</mnt/sdcard/sandbox/AnyOfficeSDK/sdk/cffb628ad277b3e98d6e9ae9dceca2a7_ticketInfo>, errno:<2>
12-18 14:14:08.946  2883  4486 I HwSystemManager: HoldService:locationInfo switch is on . pid = 5157
12-17 23:34:28.314  1795  6985 V SecInputMethodManagerService: Client requesting input be hidden, pid=4492
12-18 07:15:21.890  2852  2852 I HwPhoneStatusBar: updateNotificationShade
12-17 21:32:45.551   633 32328 I SDK     : <2016-12-17 21:32:45> [NOTICE] SDK: UE-SeC 2016-12-17 21:32:45:551 Level[NOTICE] magic[2433550624 927]:runtime outer: dom[byod-web.huawei.com] ip[183.237.253.27]!
12-17 21:05:24.509 24266 24266 D VideoPlayerImpl: org.iqiyi.video.player.cv.ag()<-1> : current progress: progress= 488499
12-18 15:11:35.813  5224  5283 I Step_HSNH: 20002302|upDateHealthNotification()|254|8.48|11886
12-18 14:26:04.175  2852  2852 D HwCust  : Create obj success use class android.app.HwCustNotificationImpl
12-17 20:11:40.983   606  2379 E libteec : receive data len = 128
12-18 14:12:02.036  5157  5157 W cr_BindingManager: Cannot call determinedVisibility() - never saw a connection for the pid: 5157
12-17 23:24:03.208   606  2379 E libteec : receive data len = 128
12-17 21:26:51.093  1795  1795 D HwConnectivityService: CtrlSocket Receiver,disable: false locked: true action: android.intent.action.SCREEN_ON mSmartKeyguardLevel: normal_level mStartPowerSaving: true
12-18 17:41:35.615  1795 16499 D PowerManagerService: Acquiring suspend blocker "PowerManagerService.WakeLocks".
12-18 14:13:03.845   633 31867 I SDK     : <2016-12-18 14:13:03> [NOTICE] SDK: UE-SeC 2016-12-18 14:13:3:845 Level[NOTICE] magic[3368294688 1013]:s(0, 0),r(0, 0)in 20s;vsock(206925B, 16435B, 0, 0), sock(1384, 1415, 0, 0), times(56, 5, 320, 90), delay(0, 0)ms, m(0, 6144)KB, p:61216, s:61216, t(251, 1, 51343B, 84294B), u(0, 14, 271568B, 74650B), c(4042, 129852, 0, 0), e(107304, 2670)/(2178, 2670), k:114, d(993, 1093), de(0), s(online, 2, 1), SSL(0), UDP(0), r_d(0), s_d(0), c_d(0), dur(2504 m), vs(0, 0, 0), sysFM(0 KB), ls(2869, 2869),bypass[0]:[0]
12-18 07:41:58.837  2852  2852 I HwPowerUI: doTemperatueWarning, health:2
12-17 21:08:16.075  1795  1795 D HuaweiWifiWatchdogStateMachine:  not in link monitoring mode, ignore TCP result .
12-18 15:37:48.346  1795  1795 I TrafficMonitor: update:rxPkts:148,txPkts:126,rxBytes:187083,txBytes:8344
12-17 21:51:01.763  2852  2852 I HwBrightnessController: updateSlider1 seekBarProgress:1256
12-17 21:25:54.367  2852  2852 I KeyguardUpdateMonitor: hasFingerprintUnlockTimedOut = true
12-17 22:40:04.963  3879  4071 I HwLauncher: Workspace  The same unread count.
12-17 21:28:25.236  1795  2396 D HwNetworkStatsService: mobile iface:rmnet_data0
12-17 19:35:15.940  5215  5215 D wpa_supplicant: wlan0: Event SCAN_STARTED (47) received
12-18 15:40:25.598  2852  3556 I NetworkController.MobileSignalController(0): onSignalStrengthsChanged signalStrength=SignalStrength: -1 0 -1 255 -1 255 -1 255 255 13 -118 -11 44 2147483647 2147483647 false gw|lte level=1 isSuspend=false levelOld=1,mSignalStrength level=1
12-17 19:35:15.531  2852  2852 I HwBrightnessController: updateSlider1 seekBarProgress:2012
12-18 07:34:20.716  2852  2914 I HwMobileSignalController: subId:0 phoneType:1 networktype:13 targetClass:3 masterLevel:4 slaveLevel:-1
12-18 10:41:04.603  2852  2852 W StatusBarWindowManager: Apply window Height MATCH_PARENT
12-18 11:16:06.902  3180  3578 I ash     : com.huawei.espacev2 { hibernation duration=304945 } transition to: running reason:alarm_im
12-17 20:15:43.114  5224  5283 I Step_ExtendStepDataManager: 20002302|after compensate: cache step_6059
12-18 17:41:20.439   835  2385 E libteec : begin
12-18 17:56:01.621 19209 19222 E SQLiteLog: (14) os_unix.c:32731: (13) open(/storage/emulated/0/baidu/tempdata/ls.db) - 
12-18 10:39:44.602  1795  2778 D PowerManagerService: acquire lock=243748695, flags=0x1, tag="dispatcher", name=android, ws=null, uid=1000, pid=7194
12-17 23:25:13.266  2852  2866 D KeyguardService: KGSvcCall onStartedGoingToSleep.
12-17 23:39:14.744  1795  6986 I SendBroadcastPermission: action:android.intent.action.SIG_STR, mPermissionType:0
12-18 10:51:18.345  3382  3382 I SendBroadcastPermission: action:com.qualcomm.intent.action.ACTION_UNSOL_RESPONSE_OEM_HOOK_RAW, mPermissionType:0
12-18 14:14:03.329  3180  3332 I ScenarioAction: new ScenarioAction sPoolSize: 0
12-18 08:33:20.886  7194  7208 W PushLog2824: 	at com.huawei.android.bastet.HwBastet.<init>(HwBastet.java:107)
12-18 09:14:49.364  2852  2852 D StatusBar: reusing notification for key: 0|com.huawei.health|10010|null|10099
12-18 18:27:28.652  2852  2852 I NotificationGroupManager: onEntryRemoved:0|com.sankuai.meituan|2147483647|null|10146
12-17 22:53:06.565   633   692 I TCP     : tcp.recv{4488} TcpClientThread.onReceiverWork(TcpClientThread.java:307) get tcp message 1718
12-17 19:33:01.023  1795  2671 D WifiStateMachine:  DefaultState !CMD_SCREEN_STATE_CHANGED  rt=123064709/442917386 0 0
12-17 23:04:27.849   802   802 E Thermal-daemon: [Thermal_Hw] temperature_filter: get invalid temperature, use old temp
12-18 17:33:02.950  1046  9753 I APM_AudioPolicyManager: getOutput() device 2, stream 1, samplingRate 0, format 0, channelMask 3, flags 0
12-18 12:39:44.453  1795  2670 D WifiController: battery changed pluggedType: 0
12-18 15:34:07.309  2852  2852 I StatusBarWindowManager: apply skiped :0
12-18 17:38:26.303  1795  1825 I DisplayPowerController: checkPhoneWindowIsTop:pakcage name:com.tencent.mm,ClassName name:com.tencent.mm.ui.LauncherUI
12-18 15:37:47.616  3218  7071 I PhoneInterfaceManager: shouldBlockLocation  ret:false
12-18 14:11:46.272   816  6709 D DnsProxyListener: GetAddrInfoHandler addr: i.meituan.com {313, 917817, 10113} 103.37.152.41
12-18 15:35:30.273  1795  2326 W HwFingerprintService: NEED_LIVENESS_AUTHENTICATION = 0
12-17 20:29:14.341  3626  3626 E PTM.FileNodeInfo: getTempInfo error: null, 0
12-18 15:29:08.856  2852  3556 I NetworkController.MobileSignalController(0): onDataActivity: direction=0
12-18 17:54:39.341  2852  2852 W ResourceType: Failure getting entry for 0xffffffff (t=254 e=65535) (error -2147483647)
12-18 19:28:21.197  1795  2323 E UsbDeviceManager: 	at com.android.server.usb.UsbDeviceManager$2.onUEvent(UsbDeviceManager.java:328)
12-17 21:28:16.943  2852  2852 I HwPhoneStatusBar: hideKeyguard:false
12-18 14:12:27.683  5157  5157 I chromium: [INFO:CONSOLE(1)] "Uncaught SyntaxError: Unexpected token var", source:  (1)
12-17 20:18:52.910  1795  1795 I qti_sensors_hal: 0x0, 0x0, 0x0, 0x0
12-17 21:13:12.082  3879  3879 I HwLauncher: Launcher.Folder childCount: 6
12-18 14:12:02.797  5157  5157 I chromium: [INFO:CONSOLE(1)] "Uncaught ReferenceError: WebViewJavascriptBridge is not defined", source:  (1)
12-18 07:39:25.510  3626  3626 I iMonitor: create: 903001011
12-18 14:37:07.997  3218  3218 D QC_RIL_OEM_HOOK: Oem ID in QCRILHOOK UNSOL RESP is QOEMHOOK
12-17 21:52:48.175  1795  2670 D WifiController: ApStaDisabledState what=155650
12-17 21:25:54.834   633 31870 I SDK     : 
12-17 21:53:06.215  2852  3556 I NetworkController.MobileSignalController(0): onDataActivity: direction=0
12-17 21:26:51.829  1795  2671 D WifiStateMachine:  InitialState CMD_SET_SUSPEND_OPT_ENABLED  rt=127036211/449748192 1 0
12-18 08:35:37.082  1795  3238 D PowerManagerService: ready=true,policy=0,wakefulness=0,wksummary=0x1,uasummary=0x0,bootcompleted=true,boostinprogress=false,waitmodeenable=false,mode=true,manual=33,auto=-1,adj=0.0userId=0
12-18 15:57:42.506   633 31870 I SDK     : 
12-18 18:24:09.458  1795  2381 D libfingersense_wrapper: fingersense_classify_touch() finished
12-18 19:49:48.407  1795  1825 I PowerManager_screenOn: PowerManagerServiceonProximityNegative -> updatePowerStateLocked
12-18 08:09:06.380  2852  2852 I HwSignalClusterView: getOrInflateState subId:0
12-17 23:11:26.823   633 31870 I SDK     : <2016-12-17 23:11:26> [WARN] SDK: UE-SeC 2016-12-17 23:11:26:823 Level[WARN] magic[3362781472 684]:PubEvt_Close Getting a socket[139] from the Socket-table Failed!
12-17 22:30:35.894   633 31870 I SDK     : 
12-18 08:19:02.979  3879 11576 I HwLauncher: Launcher.LauncherProvider  launcher call - method:setAppBadgeCount arg:null extras:[app_shortcut_custom_id=[shortcut_c3a551c28e1ac387c29ec290c2b278c2aa62c3b1c284c3acc291117ec3adc3b9]][app_shortcut_class_name=com.tencent.mm.ui.LauncherUI][app_badge_count=0] uid =10105 pid =4492
12-18 14:07:31.623   633  5128 I SDK     : <2016-12-18 14:07:31> [NOTICE] SDK: UE-SeC 2016-12-18 14:7:31:623 Level[NOTICE] magic[2145790240 927]:runtime outer: dom[byod-web.huawei.com] ip[183.237.253.27]!
12-18 18:32:41.555  2852  2852 D KGWallpaper_Magazine: getNextIndex: 0; from 18 to 18; size: 44
12-18 16:01:39.209  1795  2685 D HwConnectivityService: enableDefaultTypeAPN(true) in hintUserSwitchToMobileWhileWifiDisconnected
12-17 20:15:42.786   633 31870 I SDK     : <2016-12-17 20:15:42> [WARN] SDK: UE-SeC 2016-12-17 20:15:42:786 Level[WARN] magic[3362781472 684]:PubEvt_Close Getting a socket[197] from the Socket-table Failed!
12-18 15:27:46.285  1795 15982 I ActivityManager: cleanUpApplicationRecordLocked, pid: 7784, restart: false
12-18 19:51:29.922  1795  2750 D HW_DISPLAY_EFFECT: presently, hw_update_color_temp_for_rg_led interface not achieved.
12-18 07:57:06.518   606  2379 E libteec : receive data len = 192
12-18 15:28:30.712  9430  9443 E SQLiteDatabase: 	at android.database.sqlite.SQLiteConnection.open(SQLiteConnection.java:203)
12-18 07:59:06.346  1795  3249 D PowerManagerService: release:lock=193233851, flg=0x0, tag="WakerLock:188385320", name=com.tencent.mm", ws=null, uid=10105, pid=23480
12-18 17:31:56.157  5224  5283 I Step_DataCache: 20002302|getTodayTotalSteps 13794
12-18 10:52:05.938   808   455 D [HWCamera] NiceFoodDLibLoader: enter initNiceFoodAlgo()
12-18 07:45:41.110  1795  1795 I MQoS    : onSignal: mSubId=0,currDataSubID=0
12-18 08:29:55.719  1046  9753 V APM_AudioPolicyManager: selectOutput() commonFlags for output 21, 0000
12-18 15:59:15.547  1795  2671 D WifiHW  : wifi_send_command: cmd:'IFNAME=wlan0 PKTCNT_POLL'
12-17 21:53:30.415   835  2385 E libteec : begin
12-18 12:55:54.385  1795 17832 D PowerManagerService: acquire lock=83621653, flags=0x1, tag="RILJ_ACK_WL", name=com.android.phone, ws=null, uid=1001, pid=3218
12-18 14:10:51.674  5994  5994 D wpa_supplicant: CTRL-DEBUG: global_ctrl_sock-sendto: sock=16 sndbuf=229376 outq=0 send_len=5
12-18 09:46:03.375  5224  5224 I Step_LSC: 20002302|onStandStepChanged 74738
12-18 18:32:41.555  2852  2852 I HwBackDropView: update Wallpaper with Bokeh.
12-18 19:49:26.321  1795  1795 V GpsNetInitiatedHandler: ACTION_NEW_OUTGOING_CALL - false
12-17 22:26:54.559  2852  2914 I HwMobileSignalController: subId:0 phoneType:1 networktype:16 targetClass:1 masterLevel:4 slaveLevel:-1
12-17 20:12:32.470  1795  6985 V SecInputMethodManagerService: Client requesting input be hidden, pid=4492
12-18 18:03:37.437   816 19522 D DnsProxyListener: GetAddrInfoHandler addr: apilocate.amap.com {317, 917821, 10017} 106.11.13.1
12-18 15:37:58.182 10334 10334 D wpa_supplicant: WPS: attr type=0x1049 len=6
12-18 07:15:51.874  2852  2852 I BitmapUtils: 	at com.android.internal.os.ZygoteInit$MethodAndArgsCaller.run(ZygoteInit.java:941)
12-17 23:28:34.646   633 31870 I SDK     : <2016-12-17 23:28:34> [WARN] SDK: UE-SeC 2016-12-17 23:28:34:646 Level[WARN] magic[3362781472 684]:PubEvt_Close Getting a socket[18] from the Socket-table Failed!
12-17 20:26:43.864  1795  2778 D PowerManagerService: ready=true,policy=0,wakefulness=0,wksummary=0x1,uasummary=0x0,bootcompleted=true,boostinprogress=false,waitmodeenable=false,mode=true,manual=33,auto=-1,adj=0.0userId=0
12-17 20:12:36.819  2852  2914 I HwMobileSignalController: updateSignalStrength: signalStrength=SignalStrength: -1 0 -1 255 -1 255 -1 255 255 31 -81 -11 24 2147483647 2147483647 false gw|lte
12-18 11:11:19.885  2852  2852 I PowerUI : onReceive intent:act:android.intent.action.BATTERY_CHANGED  flag:1610612752 technology=Li-ion icon-small=17303220 max_charging_voltage=0 health=2 max_charging_current=0 status=3 plugged=0 present=true charge_counter=0 level=95 scale=100 temperature=285 voltage=4273 invalid_charger=0 
12-17 20:12:14.555  5224  5283 I Step_DataCache: 20002302|getTodayTotalSteps 5697
12-17 21:33:19.687  2852  2852 D HwKeyguardAbsKeyInputView: !!! onInputChecked-11  false
12-18 14:07:34.933  1795  3111 D ActivityManager: Skipping, home stack task: TaskRecord{37babfb #297 A=com.huawei.android.launcher U=0 StackId=0 sz=1}
12-18 15:32:56.566  1795  1795 D Tethering: StateReceiver onReceive action:android.net.conn.CONNECTIVITY_CHANGE
12-18 17:40:21.071  1795  2381 D libfingersense_wrapper: fingersense_classify_touch() finished
12-18 00:54:39.715 18503 18777 I PlaceRecognitionService: work start startId : 1
12-17 22:25:36.220  2852  2852 I PhoneStatusBar: addNotification key=0|com.android.incallui|2|null|1001
12-18 08:38:05.315  2852  2852 I HwSignalClusterView: apply hwPhoneState.mSubId:0 anyMobileVisible:false mIsAirplaneMode:false, mobileGroupVisible=true
12-18 17:38:23.986  1795  6988 I PGManagerService: proxyWakeLockByPidUid, pid: 12919, uid: 10029, proxy: false
12-18 14:10:45.953  2852  2852 I StackScrollAlgorithm: overlapAmount:219.0, previousNotificationEnd:0.0, newYTranslation:-219.0, location:4, i:0, getTopPadding:499.0, getLocationOnScreen():-718
12-18 18:31:21.748  2852  2852 I HwSignalClusterView: getOrInflateState subId:0
12-18 19:43:01.985  2852  2852 D HwCust  : Create obj success use class android.app.HwCustNotificationImpl
12-18 17:30:14.260   633 31870 I SDK     : 
12-17 20:22:56.113  1795  1825 D HwNormalizedRampAnimator: 3005/123659736,2995/123659753,2985/123659769,2976/123659786,2966/123659803,2956/123659819,2946/123659836,2936/123659852,2926/123659869,2916/123659886,2906/123659901,2896/123659918,2886/123659935,2876/123659951,2866/123659968,2856/123659984,2846/123660001,2836/123660017,2826/123660034,2816/123660051,2806/123660067,2796/123660084,2787/123660100,2777/123660117,2767/123660134,2757/123660150,2747/123660167,2737/123660184,2727/123660200,2717/123660217,2707/123660233,2697/123660250,2687/123660266,2677/123660283,2667/123660300,2657/123660316,2647/123660333,2637/123660349,2627/123660365,2617/123660382
12-17 23:55:54.341   633 31870 I SDK     : <2016-12-17 23:55:54> [WARN] SDK: UE-SeC 2016-12-17 23:55:54:341 Level[WARN] magic[3362781472 684]:PubEvt_Close Getting a socket[38] from the Socket-table Failed!
12-17 21:22:53.477  3218  4070 W PhoneInterfaceManager: shouldBlockLocation running ...
12-18 14:15:18.090  1795  2685 I HwPFWLogger: AppAutoStartupPolicy:prevent start receiver of package com.sina.weibo for action android.net.conn.CONNECTIVITY_CHANGE
12-18 19:49:54.202  3782  3782 W DPMJ    : |SERVICE| If apn type is default ->default
12-18 18:23:31.893  1795  3249 D HwInputMethodManagerService: ------------startInput--------------
12-18 10:52:06.807   827   542 I LC898123_OIS:  enter ois_get_vibrate_status_func 
12-17 20:14:39.400  2852  2852 I StackScrollAlgorithm: updateClipping isOverlap:false
12-17 19:32:08.087  1795  2668 E HwWifiP2pService: Unhandled message when=123041258 what=143467 arg1=0 arg2=0
12-18 07:46:52.162  1795  1819 I InputDispatcher: InputDispatcher::monitor frozen check!
12-17 23:07:53.251  2852  3556 D NetworkController.MobileSignalController(0): mSimSubId:0 onDataActivity: direction=0
12-18 18:23:54.234  2852  2852 W HwPhoneLayoutInflater: onCreateView : ClassNotFoundException, In this case we want to let the base class take a crack at it
12-17 23:35:06.497  2852  2852 I HwNavigationBarTransitions: transitionTo:mode=4, isEmuiStyle=false
12-18 18:28:15.990  2852  2852 I StackScrollAlgorithm: updateClipping isOverlap:false
12-17 19:32:30.385 17238 17252 D Bth     : BtChrStatisticsManager:msg Loop is running.
12-17 23:24:39.155  1795  2381 D libfingersense_wrapper: fingersense_touch_up() finished
12-17 22:43:56.659  7194  7208 W PushLog2824: 	at y.bh(Unknown Source)
12-17 20:56:16.579  1795  1819 I SendBroadcastPermission: action:android.net.conn.DATA_ACTIVITY_CHANGE, mPermissionType:0
12-17 20:34:02.331   802   802 E Thermal-daemon: [Thermal_Hw] temperature_valid, battery : temperature is invalid, invalid temperatrue is 27
12-17 19:40:24.760  3879  3879 V AudioManager: querySoundEffectsEnabled...
12-18 14:11:24.906  3168  3369 I CHR_ChrVolteStatisticInfoUtil: setVoLTECallStatisResult: chrVolteStatisticInfo= mCount=0, mAvgValue=0, mMaxValue=0, mMinValue=0
12-17 20:18:54.003 31949 31967 I ECS     : msg.recv{4791} XmlMsg.decodeBuf(XmlMsg.java:237) RECV 663 bytes [12]_00_03_02_05_01_04_81_CF_81_DF_11_4A cmdCode(CC_PCheckVersion.0x0501)msgType(MT_ACK.2)msgClass(MC_Push.5)sender(ST_Mobile.0)crypted(false)zipped(false)nobase64(true)length(659)version(3)sno(81CF)
12-18 17:41:35.788  3879  3879 I HwLauncher:  FPSMonitor endScroll
12-18 19:50:10.777 18064 18064 D MagicLink: MagicLink2-BroadcastReceiver:====>ACTION_SCREEN_ON
12-18 14:24:37.253  3180  3578 I PgedBinderAdapter: Listener network packet by uids: [10105]
12-18 09:39:01.830   633   692 E eSpaceService: 	at com.huawei.http.IDeskSSOUtils$1.run(IDeskSSOUtils.java:132)
12-18 14:07:29.064  3626  4955 I iMonitor: send: 903001002
12-18 08:23:06.455  1795 15988 D HwPowerManagerService: setColorTemperatureAccordingToSetting
12-18 18:32:57.466  1046  1125 D audio_hw_primary: select_devices for use case (low-latency-playback)
12-18 18:23:29.941  2852  2852 I PhoneStatusBar: removeNotification:0|com.tencent.mm|4097|null|10105
12-17 23:48:37.039  1795 16498 D HwPowerManagerService: setColorTemperatureAccordingToSetting
12-17 19:56:07.271  5215  5215 D wpa_supplicant: Beacon IEs - hexdump(len=194): 00 0f 48 75 61 77 65 69 2d 45 6d 70 6c 6f 79 65 65 01 08 82 84 0b 16 0c 12 18 24 03 01 0d 05 04 ...
12-18 14:11:21.601  1795 20747 I ActivityManager_service: bindServiceLocked, r: ServiceRecord{dd465ba u0 euid: 0 com.huawei.appmarket/.service.alarm.control.NetworkChangeService}, euid: 0
12-17 23:48:38.760  3180  3332 I ScenarioAction: new ScenarioAction sPoolSize: 0
12-18 10:50:47.373  2852  2852 I HwSignalClusterView: apply hwPhoneState.mSubId:0 anyMobileVisible:false mIsAirplaneMode:false, mobileGroupVisible=true
12-18 07:29:39.061   633 31870 I SDK     : <2016-12-18 07:29:39> [WARN] SDK: UE-SeC 2016-12-18 7:29:39:61 Level[WARN] magic[3362781472 684]:PubEvt_Close Getting a socket[89] from the Socket-table Failed!
12-17 21:26:59.215  1795  1825 D PowerManagerService: Acquiring suspend blocker "PowerManagerService.Broadcasts".
12-18 17:56:00.960  1795 15988 D HwPowerManagerService: stopWakeUpReadyInternal, mBrightnessWaitModeEnabled = true enableBright = true
12-17 19:35:56.161  2852  2852 D KeyguardViewMediator: handleNotifyFinishedGoingToSleep
12-17 20:11:40.970  2852  2852 W ScrimController: startScrimAnimation 0.0 @ com.android.systemui.statusbar.ScrimView{3dd6b4a V.ED..... ......ID 0,0-1080,1920 #7f1403fc app:id/scrim_behind}
12-17 20:25:16.688   800  1015 D         : oem-qmi: Connection accepted
12-18 08:21:03.546  2852  2852 I HwMobileSignalController: notifyListenerHuawei::origin typeIcon:2130839197 icons.mName:4GPLUS isSuspend:false, showDataIcon=true, dataConnected=true, isRoaming=false
12-18 14:16:34.426  3626  3626 E PTM.FileNodeInfo: getTempInfo error: null, 0
12-17 22:39:57.520   633 31870 I SDK     : <2016-12-17 22:39:57> [WARN] SDK: UE-SeC 2016-12-17 22:39:57:520 Level[WARN] magic[3362781472 684]:PubEvt_Close Getting a socket[91] from the Socket-table Failed!
12-17 21:26:08.578  3180  3578 I ash     : Connectivity Change to notify im app: com.huawei.espacev2
12-18 09:50:20.477  5224  5283 I Step_SharedPerferenceUtils: 20002302|setTodayTotalDetailSteps to Prefence todaySendorSteps=1482025740000##3397##181060##0##0##494359204
12-18 07:53:03.490   633 31870 I SDK     : 
12-17 22:08:01.123  1795  2377 I AwareLog: AwareMem_EventTracker: [APP_ACTIVITY_FINISH_127721040] is abandoned for memory low 937772 but policy can not execute
12-17 20:11:46.715   633 31870 I SDK     : <2016-12-17 20:11:46> [WARN] SDK: UE-SeC 2016-12-17 20:11:46:714 Level[WARN] magic[3362781472 684]:PubEvt_Close Getting a socket[7] from the Socket-table Failed!
12-18 16:01:15.395 14491 14491 D HwGalleryCacheManagerImpl: mIsEffect:true
12-18 14:10:52.727  5994  5994 E wpa_supplicant: bssid=88:25:93:a3:5e:15;freq=2412;level=-80;flags=11;ssid=KJS;
12-18 19:50:00.099  2852  2822 D KeyguardService: KGSvcCall onScreenTurningOn.
12-18 15:35:30.679  1795  2671 D WifiStateMachine:  ConnectModeState CMD_SET_SUSPEND_OPT_ENABLED  rt=140530539/515069406 1 0
12-18 19:43:44.096  1795  2323 E UsbDeviceManager: 	at java.io.FileInputStream.open(Native Method)
12-17 22:27:29.947  1795  1825 I PowerManager_screenOn: DisplayPowerController Blocking screen on until initial contents have been drawn.
12-18 07:57:09.302  2852  2852 D StatusBar: No peeking: unimportant notification: 0|com.huawei.health|10010|null|10099
12-17 20:12:25.118  1795  3237 V InputMethodManagerService: Client requesting input be hidden, pid=4492
12-18 14:08:56.149  2852  2852 D NetWorkUtils: is3GCalling is false,mCdmaSlot is -1
12-17 21:52:42.969  1795  1825 D Sensors : activate called handle:3 enable:1
12-18 10:45:58.820  2852  2852 D HwCustMobileSignalControllerImpl: isCurrentBySim()=false
12-18 19:49:58.898   633 31870 I SDK     : 
12-17 20:01:32.615  2852  2852 I StatusBar: onNotificationPosted: StatusBarNotification(pkg=com.huawei.health user=UserHandle{0} id=10010 tag=null key=0|com.huawei.health|10010|null|10099: Notification(pri=0 contentView=null vibrate=null sound=null defaults=0x0 flags=0x62 color=0x00000000 vis=PRIVATE)) important=2, post=1481976092610, when=1481531589202, vis=0, userid=0
12-18 17:36:21.502   633   692 I eSpaceService: Watch Thread{4481} WatchThread.onLoop(WatchThread.java:94) watch thread onLoop... 
12-18 18:13:53.009  1795  1795 I NotificationManager: enqueueNotificationInternal: n.getKey = 0|com.huawei.health|10010|null|10099
12-18 09:12:23.405  3382  3399 D QcrilMsgTunnelSocket: Rac Change (PDC) data: [-1, -1]
12-17 21:11:42.260  2852  2852 I HwMobileSignalController: notifyListenerHuawei::origin typeIcon:2130839195 icons.mName:4G isSuspend:false, showDataIcon=true, dataConnected=true, isRoaming=false
12-17 20:00:19.335  5215  5215 D wpa_supplicant: random_mix_pool - hexdump(len=20): [REMOVED]
12-17 21:41:32.715  2852  2852 D HwCust  : Create obj success use class android.app.HwCustNotificationImpl
12-18 00:11:58.745  1795  2377 W AwareLog: AwareMem_Kill: kill action canBeExecuted waiting next operation, real interval=5077
12-17 20:31:00.604  1795  6985 D Sensors : pa2240-proximity calling driver setDelay 200 ms
12-17 21:43:12.606  1795  2323 E UsbDeviceManager: 	at android.os.UEventObserver$UEventThread.run(UEventObserver.java:187)
12-18 14:21:35.661  3858  4126 I amsnl   : csr
12-18 14:09:10.419  3858  4126 I amsnl   : m1: false
12-18 14:11:19.208  5157  5157 I chromium: [INFO:CONSOLE(1)] "Uncaught ReferenceError: WebViewJavascriptBridge is not defined", source:  (1)
12-18 17:51:46.804  1795  2323 E UsbDeviceManager: 	at com.android.server.usb.UsbDeviceManager$2.onUEvent(UsbDeviceManager.java:328)
12-17 20:35:06.042 24266 24266 V chaunce : org.iqiyi.video.vote.b.aux.a()<-1> : checkVoteShowTime-->1169834
12-17 21:03:09.347 24266 24266 I qiyippsplay: org.iqiyi.video.ui.bf.h()<-1> : 当前时间353232
12-18 18:28:22.176  2852  2852 D StatusBar: reusing notification for key: 0|com.sankuai.meituan|2147483647|null|10146
12-18 14:11:12.403  5994  5994 D wpa_supplicant: random_mix_pool - hexdump(len=5): [REMOVED]
12-18 18:32:42.285  1795  1806 D PowerManagerService: Releasing suspend blocker "PowerManagerService.WakeLocks".
12-17 21:14:40.135   633 31868 E SDK     : 
12-17 21:13:24.665  2852  2914 I HwMobileSignalController: updateSignalStrength: signalStrength=SignalStrength: -1 0 -1 255 -1 255 -1 255 255 19 -103 -10 80 2147483647 2147483647 false gw|lte
12-17 23:06:18.974  2852  2852 I HwSignalClusterView: getOrInflateState subId:0
12-18 01:37:33.014  1795  3304 D GnssLocationProvider: svid: 7 cn0: 0.0 elev: 73.0 azimuth: 272.0   A
12-17 21:13:34.582  2852  2914 I HwMobileSignalController: subId:0 phoneType:1 networktype:13 targetClass:3 masterLevel:4 slaveLevel:-1
12-17 21:26:08.546  3218 13036 W PhoneInterfaceManager: shouldBlockLocation running ...
12-18 19:52:55.994  5224  5283 I Step_ExtendStepDataManager: 20002302|compensate 24701032 98
12-18 14:12:51.913  5157  5157 W cr_BindingManager: Cannot call determinedVisibility() - never saw a connection for the pid: 5157
12-18 08:22:17.972  2852  3556 I NetworkController.MobileSignalController(0): Change in state from: connected=true,enabled=true,level=5,inetCondition=1,iconGroup=IconGroup(4G),activityIn=false,activityOut=true,rssi=0,lastModified=12-18 08:22:16,isRoaming=false,dataSim=true,networkName=中国移动,networkNameData=中国移动,dataConnected=true,isDefault=true,isEmergency=false,airplaneMode=false,carrierNetworkChangeMode=false,userSetup=true
12-18 08:45:42.261  3180  3578 I ash     : com.huawei.espacev2 is unified heartbeat(ms): 300000 reason: hibernation
12-17 21:26:12.370  1046  1125 D audio_hw_primary: out_set_parameters: enter: usecase(1: low-latency-playback) kvpairs: routing=1
12-18 00:56:21.112   828 18819 D QC-time-services: Daemon:new time 1481993779000 
12-18 19:31:07.746  1795  2778 D PowerManagerService: ready=true,policy=0,wakefulness=0,wksummary=0x1,uasummary=0x0,bootcompleted=true,boostinprogress=false,waitmodeenable=false,mode=true,manual=33,auto=-1,adj=0.0userId=0
12-17 19:58:33.277  5215  5215 D wpa_supplicant: CTRL-DEBUG: global_ctrl_sock-sendto: sock=16 sndbuf=229376 outq=0 send_len=5
12-17 22:38:09.357  2852  2852 D HwCustMobileSignalControllerImpl: isCurrentBySim()=false
12-18 00:19:46.420  3858  4126 I amsnl   : csr
12-18 16:01:33.252  1795  3237 D KeyEvent: obtain, mHwFlags=0
12-18 11:04:41.561  1795  2323 E UsbDeviceManager: 	at android.os.FileUtils.readTextFile(FileUtils.java:267)
12-17 19:34:57.828  7741  7741 V DownloadManager: roaming ------> false
12-18 14:13:56.001  5157  5157 I chromium: [INFO:CONSOLE(1)] "Uncaught ReferenceError: WebViewJavascriptBridge is not defined", source:  (1)
12-17 20:11:46.725   633 31870 I SDK     : <2016-12-17 20:11:46> [WARN] SDK: UE-SeC 2016-12-17 20:11:46:725 Level[WARN] magic[3362781472 684]:PubEvt_Close Getting a socket[89] from the Socket-table Failed!
12-18 14:45:41.764  7194  7208 I PushLog2824: [ReceiverDispatcher-336]lastnetWorkType:0 curNetWorkType:0(android/null:-1)
12-18 14:12:49.069  5157  5157 I chromium: [INFO:CONSOLE(1)] "Uncaught ReferenceError: WebViewJavascriptBridge is not defined", source:  (1)
12-18 15:40:44.629  1795  1795 I TrafficMonitor: gettimer:interval=2000
12-18 18:08:04.439  1795  1795 I NotificationManager: enqueueNotificationInternal: n.getKey = 0|com.huawei.health|10010|null|10099
12-17 20:32:50.917  1795  1809 I WindowManager: MyOrientationListener: updateRotation.
12-18 15:34:07.306  3879 11130 D MotionDetectionManager: stopMotionAppsReco not recognition motionApps 403
12-18 17:30:31.706  3858  4126 I amsnl   : c: true, w: false, t: false, l: false
12-17 22:38:52.186   633   692 I TCP     : msg.recv{4490} TcpClientThread.onRecv(TcpClientThread.java:515) TCP Msg 108TCP_OK
12-17 21:27:05.131  2852  2852 I HwPhoneStatusBarTransitions: setBackgroundColor:new=0, old=1711276032
12-17 21:50:48.540   633 31870 I SDK     : 
12-18 10:56:55.110  4492  4492 D ActivityThread: add activity client record, r= ActivityRecord{77d9148 token=android.os.BinderProxy@ae25256 {com.tencent.mm/com.tencent.mm.plugin.fingerprint.ui.FingerPrintAuthTransparentUI}} token= android.os.BinderProxy@ae25256
12-18 09:45:49.783  2852  2852 I HwMobileSignalController: notifyListenerHuawei::origin typeIcon:2130839197 icons.mName:4GPLUS isSuspend:false, showDataIcon=true, dataConnected=true, isRoaming=false
12-17 23:59:55.282  2852  2852 D NetWorkUtils: is3GCalling is false,mCdmaSlot is -1
12-18 08:09:53.827  2852  2852 D HwCustMobileSignalControllerImpl: sub =0,strMccMnc =null,hashMccMnc =[],strPlmn =hw_mcc_mnc
12-18 17:40:41.307  2852  2852 D BarTransitions.HwNavigationBarView: applyModeBackground oldMode=MODE_TRANSPARENT newMode=MODE_TRANSLUCENT animate=false
12-18 19:50:22.739  1795  2380 D PowerManagerService: ready=true,policy=3,wakefulness=1,wksummary=0x0,uasummary=0x1,bootcompleted=true,boostinprogress=false,waitmodeenable=false,mode=true,manual=33,auto=-1,adj=0.0userId=0
12-17 23:14:42.539  2852  2852 I HwSignalClusterView: apply hwPhoneState.mSubId:0 anyMobileVisible:false mIsAirplaneMode:false, mobileGroupVisible=true
12-17 22:30:34.464  2883  3125 I HwSystemManager: StartupResidentService:InnerHandler Message:7
12-18 18:25:24.473  1795  1805 V InputMethodManagerService: Client requesting input be hidden, pid=4492
12-18 09:26:02.063  5224  5283 I Step_HSNH: 20002302|upDateHealthNotification()|47|1.57|2209
12-17 23:15:05.460  2852  2852 I HwSignalClusterView: setMobileDataIndicatorsHuawei subId:0 visible:true strengthIcon:2130839311 typeIcon:2130839195 contentDescription:手机信号满格。 typeContentDescription:4G isTypeIconWide:true showActivity:true activityIn:true activityOut:true isRoaming:false
12-17 20:35:46.628  3858  4126 I amsnl   : t:false, fl: false, p: 2147483647000, ce: true, we: false
12-17 20:49:07.414  2852  2852 D HwCustMobileSignalControllerImpl: sub =0,strMccMnc =null,hashMccMnc =[],strPlmn =hw_show_4_5G_for_mcc
12-18 16:21:56.242  3180  3578 I ash     : com.huawei.espacev2 im app keeps in H for no net!
12-18 14:13:07.802  3879  4160 W OpenGLRenderer: Incorrectly called buildLayer on View: ShortcutAndWidgetContainer, destroying layer...
12-17 23:28:34.656   633 31870 I SDK     : <2016-12-17 23:28:34> [WARN] SDK: UE-SeC 2016-12-17 23:28:34:656 Level[WARN] magic[3362781472 684]:PubEvt_Close Getting a socket[70] from the Socket-table Failed!
12-18 17:32:21.985  2852  2852 D NetWorkUtils: mVSimCurCardType is -1
12-18 00:23:38.839  2852  2852 D HwCustMobileSignalControllerImpl: isCurrentBySim()=false
12-18 19:26:36.572  2852  2852 D StatusBar: reusing notification for key: 0|com.huawei.health|10010|null|10099
12-18 00:22:05.383  2852  2852 D HwCustMobileSignalControllerImpl: isCurrentBySim()=false
12-18 17:30:08.796  3879  3879 I HwLauncher: Launcher onResume()
12-17 23:08:19.156  1795  3975 E LocSvc_libulp: I/===> int ulp_dr_stop_engine() line 235 
12-17 21:32:23.109  1795  3110 I WindowManger_keyguard: Setting mHideLockScreen to true by win Window{e6a6b5e u0 com.android.incallui/com.android.incallui.InCallActivity}
12-17 21:26:49.942  3608  3608 D InCall  : InCallPresenter - notifyInCallScreenIsForeground: true
12-18 10:46:14.773  3879  3879 I HwLauncher:  FPSMonitor endScroll
12-18 18:24:34.117  1795  2381 D libfingersense_wrapper: fingersense_touch_up() finished
12-17 21:29:18.221   633 31870 I SDK     : 
12-17 21:53:32.584  3858  4126 I amsnl   : t:false, fl: false, p: 2147483647000, ce: true, we: false
12-18 15:51:04.268   633 31870 I SDK     : 
12-17 21:27:06.680   633 31870 I SDK     : <2016-12-17 21:27:06> [WARN] SDK: UE-SeC 2016-12-17 21:27:6:680 Level[WARN] magic[3362781472 684]:PubEvt_Close Getting a socket[138] from the Socket-table Failed!
12-17 21:22:55.978  2852  2852 I StatusBar: onRankingUpdate
12-18 17:56:04.400  1795  3237 I AlarmManager: remove(PendingIntent{e9d8be5: PendingIntentRecord{7f86237 com.huawei.espacev2 broadcastIntent}}) changed bounds; rebatching
12-18 15:35:02.942  2852  2852 I NotificationGroupManager: onEntryUpdated:0|com.android.browser|1482346485|null|10029
12-17 20:52:13.267  1795  1805 I SendBroadcastPermission: action:android.intent.action.SIG_STR, mPermissionType:0
12-17 23:14:07.970  2852  2852 D HwCustMobileSignalControllerImpl: sub =0,strMccMnc =null,hashMccMnc =[],strPlmn =hw_show_4_5G_for_mcc
12-18 19:51:19.658  5224  5283 I Step_LSC: 20002302|REPORT : 17061 365056 12175 0
12-17 23:10:25.545  2852  2852 I TrafficPanelViewContent: onShowStatusChange show:false
12-17 20:36:12.383  1795  6985 I SendBroadcastPermission: action:android.intent.action.SIG_STR, mPermissionType:0
12-18 07:42:01.234  2852  2852 I StatusBar: onNotificationPosted: StatusBarNotification(pkg=com.huawei.health user=UserHandle{0} id=10010 tag=null key=0|com.huawei.health|10010|null|10099: Notification(pri=0 contentView=null vibrate=null sound=null defaults=0x0 flags=0x62 color=0x00000000 vis=PRIVATE)) important=2, post=1482018121223, when=1481531589202, vis=0, userid=0
12-17 23:30:53.547  1795  1825 D DisplayPowerController: Finished business...
12-18 19:49:51.157  1795  1809 I qti_sensors_hal: flush,395,handle 0
12-18 10:39:50.106  2852  2852 D HwCustMobileSignalControllerImpl: isCurrentBySim()=false
12-18 14:12:03.494  2852  3556 I NetworkController.MobileSignalController(0): onSignalStrengthsChanged signalStrength=SignalStrength: -1 0 -1 255 -1 255 -1 255 255 26 -89 -9 182 2147483647 2147483647 false gw|lte level=5 isSuspend=false levelOld=5,mSignalStrength level=5
12-18 09:01:04.417 25067 28775 I ret     : </div>
12-18 14:44:36.079  3626  3626 E PTM.FileNodeInfo: getTempInfo error: null, 0
12-17 23:25:03.408  2852  2852 D HwCustMobileSignalControllerImpl: isCurrentBySim()=false
12-18 00:24:23.110 25067 18552 I BetaClub: [ReceiverUtils.launchNotificationPollService]Start
12-18 14:11:24.583  5157  5157 I chromium: [INFO:CONSOLE(1)] "Uncaught ReferenceError: WebViewJavascriptBridge is not defined", source:  (1)
12-17 19:40:24.911  1795 15982 D ActivityManager: getRecentTasks: topActivity=ComponentInfo{com.tencent.mm/com.tencent.mm.ui.LauncherUI}
12-18 07:46:40.220   633 31870 I SDK     : 
12-17 23:18:26.485  1795  2737 I QosMonitor: postEventFromNative: msg=100,arg1=0,arg2=9
12-18 11:21:02.586   633   692 I eSpaceService: Watch Thread{4481} WatchThread.onLoop(WatchThread.java:98) watch thread onLoop...--》 iWatched.doWatch() 
12-18 00:21:29.691  3180  3578 I ash     : Application com.huawei.espacev2 is im app and connected ok, delay to H!
12-17 19:40:23.680  2883  2996 I HwSystemManager: NormalTrafficAnalysis:alert byte = 0 last alert byte = 0
12-17 20:42:00.094  2852  2852 I StackScrollAlgorithm: updateDimmedActivatedHideSensitive overlap:true
12-18 09:22:57.873  2852  2852 W KeyguardUpdateMonitor: ChargingSpeed  Wattage: -1 ST: 5000000 --> 7500000
12-18 18:24:19.809  1795 19988 I ActivityManager: cleanUpApplicationRecordLocked, pid: 20232, restart: false
12-17 23:57:48.394  3879  4071 W CfgFilePolicy: No config file found for:/themes/diff/icons
12-18 15:35:30.682  1795  1795 D HwConnectivityService: CtrlSocket getMobileDataEnabled = false
12-17 23:25:13.420  2852  2852 I BitmapUtils: 	at com.huawei.keyguard.support.magazine.KeyguardWallpaper.-wrap4(KeyguardWallpaper.java)
12-17 23:13:48.213   633 10180 I SDK     : <2016-12-17 23:13:48> [NOTICE] SDK: UE-SeC 2016-12-17 23:13:48:213 Level[NOTICE] magic[2340378912 1564]:FSM_Tool_Tree_Enc_Path end [/mnt/sdcard/sandbox/AnyOfficeSDK/sdk/UppmQLksydF4jiPx7vvVu9V8mxcQz4u8FMyhVWeaf4oEyot2QtrRPxu0vWwa4WlizavfVwhJviOq7Vb4qM8FmQ==]
12-17 20:26:43.053  1795  1795 I Sensor  : updateLight --> mIsNotificationExisting: true ledOnMS: 300 ledOffMS :1000
12-18 08:04:14.406   633 23680 W imssdk_CloudRecord: CloudRecordGetCfgInfoRspNotify, handle: 21
12-17 21:32:15.850  3218  3218 D QC_RIL_OEM_HOOK: Oem ID in QCRILHOOK UNSOL RESP is QOEMHOOK
12-18 19:49:24.269  7741  7741 D HwMessageUtils: Super power save mode: false
12-18 08:10:17.198  1795  2736 E hwintelligencewifi: stopScanAp mIsScaning = false
12-18 16:01:39.319  1795  2665 D NetdConnector: RCV <- {200 12596 Remove success}
12-18 09:17:42.499  2852  2852 I HwSignalClusterView: apply hwPhoneState.mSubId:0 anyMobileVisible:false mIsAirplaneMode:false, mobileGroupVisible=true
12-17 19:31:36.777  1795  1795 E qti_sensors_hal: Final value: x_offset=0.160831, y_offset=0.184366, z_offset=0.985027
12-18 14:11:13.967  5157  5157 W cr_BindingManager: Cannot call determinedVisibility() - never saw a connection for the pid: 5157
12-17 21:16:16.805  2852  2852 D HwCustMobileSignalControllerImpl: sub =0,strMccMnc =null,hashMccMnc =[],strPlmn =hw_mcc_mnc
12-17 19:32:06.413  5215  5215 D wpa_supplicant: wlan0: Event SCAN_RESULTS (3) received
12-17 21:50:18.992  1795  1795 D WifiProJNI: send_cmd_kernel: cmd=1
12-18 08:20:46.464  2852  2852 I HwSignalClusterView: getOrInflateState subId:0
12-18 07:53:03.773   633 31868 I SDK     : 
12-17 21:16:30.728  3626  3626 E PTM.FileNodeInfo: getTempInfo error: null, 0
12-18 15:37:27.531 24551 24551 D KeyEvent: obtain, mHwFlags=-622082240
12-18 18:28:12.128  1795 17832 I DisplayManagerService: stopWifiDisplayScanLocked record.mWifiDisplayScanRequested=false
12-18 18:27:55.538  2852  2852 I HwNotificationIconAreaController: showNotificationAll
12-18 08:44:05.104   633 31870 I SDK     : 
12-18 07:31:55.003  1795  2748 D HwAmbientLuxFilterAlgo: earliestValidTime + POWER_ON_DARKENING_LIGHT_DEBOUNCE
12-18 09:47:03.982  2852  2852 I StackScrollAlgorithm: updateClipping isOverlap:false
12-18 17:44:55.702 18789 18789 W ContextImpl: Calling a method in the system process without a qualified user: android.app.ContextImpl.startService:1527 android.content.ContextWrapper.startService:613 com.huawei.systemmanager.SystemManagerApplication.startAccountMonitorService:139 com.huawei.systemmanager.SystemManagerApplication.startServices:131 com.huawei.systemmanager.SystemManagerApplication.onCreate:100 
12-18 19:49:54.052   835  2385 E libteec : begin
12-18 14:11:02.414  5994  5994 D wpa_supplicant: WPS: attr type=0x1044 len=1
12-17 20:48:59.832  1795 26849 D PFW.HwPFWAppRestartPolicy: proc: com.qiyi.video:bdservice_v1 launch 2times, lastTimes = 2
12-17 22:26:47.420   633   692 I eSpaceService: Watch Thread{4481} WatchThread.onLoop(WatchThread.java:94) watch thread onLoop... 
12-18 13:11:13.815  5224  5283 I SendBroadcastPermission: action:android.com.huawei.bone.NOTIFY_SPORT_DATA, mPermissionType:0
12-17 20:31:00.777  1795  1795 D HwConnectivityService: CtrlSocket restoreScrOnStatus turnonDC
12-17 20:53:55.345  1795  5350 I MQoS    : QOS_level:4(4),use RTTLvl:4;RATLvl:5
12-18 01:22:05.058  2852  2852 I HwDateUtils:  formatChinaDateTime equals.
12-18 07:44:40.870   633 31867 I SDK     : 
12-17 23:13:48.217   633 31870 I SDK     : <2016-12-17 23:13:48> [WARN] SDK: UE-SeC 2016-12-17 23:13:48:217 Level[WARN] magic[3362781472 684]:PubEvt_Close Getting a socket[171] from the Socket-table Failed!
12-18 14:12:12.149  1795  2380 I ActivityManager_activity: moveTaskToFront: moving tr=TaskRecord{37babfb #297 A=com.huawei.android.launcher U=0 StackId=0 sz=1} reason=bringingFoundTaskToFront
12-18 00:09:47.882  2852  3556 I NetworkController.MobileSignalController(0): 	to: connected=true,enabled=true,level=4,inetCondition=1,iconGroup=IconGroup(4G),activityIn=false,activityOut=false,rssi=0,lastModified=12-18 12:09:46,isRoaming=false,dataSim=true,networkName=中国移动,networkNameData=中国移动,dataConnected=true,isDefault=true,isEmergency=false,airplaneMode=false,carrierNetworkChangeMode=false,userSetup=true
12-18 19:50:05.228   835  2385 E libteec : qsc_decode end
12-18 15:36:11.221 12127 12477 V AudioManager: getStreamMaxVolume  treamType: 1
12-17 21:58:28.464 31949 31967 I PushService: main{1} PushService.onStartCommand(PushService.java:87) Push Service Start by  userEvent
12-17 20:56:00.016  2852  2852 I HwDateUtils: formatChinaDateTime, change to China normalTime:晚上8:56
12-18 18:28:01.252  1795 15987 D PowerManagerService: Releasing suspend blocker "PowerManagerService.WakeLocks".
12-17 22:27:54.651  2852  2852 I StatusBarIconView: updateTint: tint=0
12-17 20:57:05.497  1795  1795 I MQoS    : rtt=360,tcp_tx_pkts=1485554,tcp_rx_pkts=1771325
12-18 19:02:18.373  7194  7208 I PushLog2824: [ReceiverDispatcher-336]lastnetWorkType:0 curNetWorkType:0(android/null:-1)
12-17 20:32:01.681  1795  6985 I PGManagerService: proxyBroadcast:[com.android.browser] proxy:true
12-18 14:38:11.991  3218  3375 I SendBroadcastPermission: action:com.huawei.android.intent.action.RAC_CHANGED, mPermissionType:0
12-18 07:57:03.851   633 23254 E SDK     : 
12-17 21:15:04.251 24266 24266 V chaunce : org.iqiyi.video.vote.b.aux.a()<-1> : checkVoteShowTime--hideVoteView
12-18 10:00:03.629  2852  2852 I TrafficPanelViewContent: onShowStatusChange show:false
12-18 18:32:14.750  2852  2852 D HwCustMobileSignalControllerImpl: isCurrentBySim()=false
12-18 07:57:54.301  2852  2852 E KeyguardUpdateMonitor: isSimPinSecure mSimDatas is null or empty 
12-17 20:11:41.194  2852  2852 W PanelView: HwPanelView restoreDrawState
12-18 09:45:17.726  7194  7208 I PushLog2824: [ReceiverDispatcher-336]PushCommandProcessor device register success(android/null:-1)
12-18 17:42:05.909  1795  1805 I MediaProcessHandler: playingUids: 
12-17 19:31:43.273  1795  1808 I ActivityManager_broadcast: dispatch ordered broadcast [foreground] BroadcastRecord{71e09e u-1 android.intent.action.SCREEN_OFF}, has 55 receivers
12-17 23:34:01.025   633   692 I TCP     : tcp.recv{4488} TcpSocket.close(TcpSocket.java:158) shutdown output: java.net.SocketException: Socket is closed
12-18 07:29:36.473  1795  6986 I SendBroadcastPermission: action:android.media.INTERNAL_RINGER_MODE_CHANGED_ACTION, mPermissionType:0
12-18 10:41:02.496  1795 17831 I ActivityManager_service: bindServiceLocked, r: ServiceRecord{a36fe22 u0 euid: 0 com.huawei.intelligent/.main.receiver.IntelligentIntentService}, euid: 0
12-18 17:40:51.615  1795  3111 I MediaProcessHandler: playingUids: 
12-18 07:34:49.749  2852  2852 D HwCustMobileSignalControllerImpl: isCurrentBySim()=false
12-18 14:11:40.321  5994  5994 D wpa_supplicant: WPS: attr type=0x103b len=1
12-18 15:41:14.025   818  1086 E iMonitor: setTracingEnabled:0
12-17 23:29:44.433  3879  4071 I HwLauncher: Workspace  The same unread count.
12-18 15:40:25.716  1795  2380 D PowerManagerService: ready=true,policy=3,wakefulness=1,wksummary=0x1,uasummary=0x1,bootcompleted=true,boostinprogress=false,waitmodeenable=false,mode=true,manual=33,auto=-1,adj=0.0userId=0
12-17 23:15:57.761  2852  2925 D KGWallpaper_Magazine: getNextIndex: 0; from 24 to 24; size: 44
12-18 08:19:13.315  1795  1808 I ActivityManager_broadcast: dispatch ordered broadcast [background] BroadcastRecord{ad602a1 u0 com.huawei.intent.action.PUSH}, has 1 receivers
12-17 22:48:21.956   633   692 I ECS     : msg.recv{4490} XmlMsg.decodeBuf(XmlMsg.java:237) RECV 96 bytes [12]_00_03_02_02_06_05_88_E7_BF_F5_55_7F cmdCode(CC_GetConferenceList.0x0206)msgType(MT_ACK.2)msgClass(MC_Conference.2)sender(ST_Mobile.0)crypted(true)zipped(false)nobase64(true)length(92)version(3)sno(88E7)
12-17 21:51:49.960  5224  5283 I Step_LSC: 20002302|REPORT : 10157 216644 7224 0
12-17 23:15:57.479  1795  1825 I PowerManager_screenOn: DisplayPowerStatesetColorFadeLevel: level=1.0967255E-4
12-17 21:32:52.849  1795  6988 I LockSettingsStorage: readPasswordHash ok
12-17 23:47:35.239  1795  3253 I SendBroadcastPermission: action:android.intent.action.SIG_STR, mPermissionType:0
12-18 15:34:07.211  2852  2852 D BarTransitions.HwNavigationBarView: applyModeBackground oldMode=MODE_OPAQUE newMode=MODE_TRANSLUCENT animate=false
12-17 23:10:17.154   633 31870 I SDK     : <2016-12-17 23:10:17> [WARN] SDK: UE-SeC 2016-12-17 23:10:17:153 Level[WARN] magic[3362781472 684]:PubEvt_Close Getting a socket[117] from the Socket-table Failed!
12-18 14:26:23.520  1795  1805 D PowerManagerService: ready=true,policy=0,wakefulness=0,wksummary=0x1,uasummary=0x0,bootcompleted=true,boostinprogress=false,waitmodeenable=false,mode=true,manual=33,auto=-1,adj=0.0userId=0
12-17 21:07:40.673 24266 24266 D VideoPlayerImpl: org.iqiyi.video.player.cv.ag()<-1> : current progress: progress= 624623
12-18 18:23:26.325  2852  2852 W PanelView: HwPanelView restoreDrawState
12-18 14:11:12.403  5994  5994 D wpa_supplicant: random pool - hexdump(len=128): [REMOVED]
12-17 20:01:32.360   633 31870 I SDK     : <2016-12-17 20:01:32> [WARN] SDK: UE-SeC 2016-12-17 20:1:32:360 Level[WARN] magic[3362781472 684]:PubEvt_Close Getting a socket[17] from the Socket-table Failed!
12-17 19:54:27.383  1795  2665 D NetdConnector: RCV <- {613 IfaceClass idle 1 444118762417360}
12-17 23:32:51.233  3879  4071 I HwResourcesImpl: icon : com.huawei.espacev2 found in app
12-18 00:07:16.464  1795 15591 D ProcessCleaner: [aware_mem] process cleaner success pid:15212,uid:10018,com.huawei.phoneservice:autologuploadservice,[com.huawei.phoneservice],mHasShownUi:false,base,class:6,6,6,6,adj:902 is killed
12-18 17:43:28.672  2852  2852 I HwSignalClusterView: apply hwPhoneState.mSubId:0 anyMobileVisible:false mIsAirplaneMode:false, mobileGroupVisible=true
12-17 23:12:39.808   633   692 I TCP     : msg.recv{4490} TcpClientThread.onRecv(TcpClientThread.java:515) TCP Msg 332TCP_OK
12-18 19:49:28.584  1795  2685 W NetworkStatsFactory: mStatsXtProcUid: /proc/net/comm/stats does not exist!
12-18 17:30:12.097  2852  2852 I QSContainer: updateQsState:false
12-17 22:49:57.859   633 31870 I SDK     : 
12-18 18:11:09.339   633   692 I eSpaceService: msg.recv{4490} LoginResp.decodeFromAck(LoginResp.java:53) 111110001010001111000000100000000100001000100000011101111111101011001
12-18 14:45:48.087  3218  3218 D VideoCall_LowBattery:  allowVideoCallsInLowBattery: false isCarrierOneSupported: false mIsLowbattery: false
12-18 15:37:35.783  2852  2852 I StackScrollAlgorithm: state.clipTopAmount:23, i:0
12-18 17:36:13.054  2852  2914 I HwMobileSignalController: subId:0 phoneType:1 networktype:13 targetClass:3 masterLevel:5 slaveLevel:-1
12-17 21:53:27.926  2852  2852 I BackgrounCallingLayout: mCallingStatusReceiver:onReceive::action=InCallScreenIsForegroundActivity, isForegroundActivity=true, mPhoneState=2
12-17 23:35:01.752  1795  1795 D HwConnectivityService: pid=1000, cmd=100, param=0
12-18 15:33:24.139 10699 10745 I CommonConstants: setTaskStatus id: 389
12-18 14:07:32.451   633  5149 I SDK     : 
12-18 01:04:59.430  1795  2323 E UsbDeviceManager: java.io.FileNotFoundException: sys/class/hw_power/charger/charge_data/water_intrused (No such file or directory)
12-18 19:53:26.808  5224  5224 I Step_LSC: 20002302|onStandStepChanged 88828
12-18 00:05:02.904  2883  2996 I HwSystemManager: ExtraTrafficSetting:result is empty
12-17 22:35:14.336  1795  1795 D WifiProJNI: send_cmd_kernel: cmd=1
12-17 22:02:01.884  1795  1795 V SecInputMethodManagerService: Client requesting input be hidden, pid=1795
12-17 22:27:50.600  2883  2996 E HwSystemManager: LeisureTrafficSetting:result is empty
12-17 21:59:19.063  1795  1825 I PowerManager_screenOn: DisplayPowerController updatePowerState mPendingRequestLocked=policy=BRIGHT, useProximitySensor=true, useProximitySensorbyPhone=true, screenBrightness=33, screenAutoBrightnessAdjustment=0.0, brightnessSetByUser=true, useAutoBrightness=true, blockScreenOn=false, lowPowerMode=false, boostScreenBrightness=false, dozeScreenBrightness=-1, dozeScreenState=UNKNOWN, useTwilight=false, useSmartBacklight=true, brightnessWaitMode=false, brightnessWaitRet=true, screenAutoBrightness=-1, userId=0
12-18 17:33:03.622  2852  2852 W DisabledFeatureUtils: Dis-Feature : 0
12-17 21:22:41.200  1046  1053 I APM_AudioPolicyManager: setOutputDevice() device 0x0000 delayMs 160 force 0
12-18 17:43:26.487  1795  2381 D libfingersense_wrapper: Calling fingersense_classify_touch()
12-17 19:42:44.456  3168  3307 W System.err: 	at com.huawei.android.chr.ProtocolLogManager.addSubCommonBaseParaInfo(ProtocolLogManager.java:275)
12-18 09:11:05.527   633 31870 I SDK     : 
12-18 15:39:00.470  1795  1795 I TrafficMonitor: update:rxPkts:65,txPkts:125,rxBytes:3536,txBytes:175000
12-18 19:25:13.746   606  2379 E libteec : QSEECom_send_cmd return!
12-17 23:55:54.364   633 31870 I SDK     : <2016-12-17 23:55:54> [WARN] SDK: UE-SeC 2016-12-17 23:55:54:363 Level[WARN] magic[3362781472 684]:PubEvt_Close Getting a socket[155] from the Socket-table Failed!
12-18 14:09:48.445  3218  3439 W PhoneInterfaceManager: shouldBlockLocation running ...
12-17 22:34:35.532  2852  2852 I HwSignalClusterView: setMobileDataIndicatorsHuawei subId:0 visible:true strengthIcon:2130839311 typeIcon:2130839195 contentDescription:手机信号满格。 typeContentDescription:4G isTypeIconWide:true showActivity:true activityIn:false activityOut:false isRoaming:false
12-18 13:01:05.762  1795  2323 D HwBatteryService: onUEvent fcpStatus = 0,scpStatus =0,ovpStatus=0
12-17 21:47:24.687  2852  2852 W AppHandler: sendMessage 4
12-17 23:26:41.109  1046  1125 D aud_dev_arbi: releaseOneDevice: not sending command, device argument (2) does not match any registered device
12-18 09:50:25.613   633 31870 I SDK     : 
12-17 20:34:41.863  1795 25442 W AwareLog: AwareMem_Kill: empty group list!
12-17 20:03:55.539  1795  6988 D PowerManagerService: Acquiring suspend blocker "PowerManagerService.WakeLocks".
12-18 18:26:34.463 20852 20852 E HW-JPEG-DEC: [HME_JPEG_DEC_Delete](3298): HME_JPEG_DEC_Delete: decoder_ctx=null
12-18 15:33:28.898 10334 10334 D wpa_supplicant: WPS: attr type=0x1047 len=16
12-18 14:11:23.502  5157  5157 I chromium: [INFO:CONSOLE(1)] "Uncaught SyntaxError: Unexpected token var", source:  (1)
12-18 14:36:04.143  5994  5994 D wpa_supplicant: WPS: attr type=0x1021 len=4
12-18 18:32:45.825 22938 22938 D /NetModule.java:1155: main an instance created!
12-18 16:01:41.295  1795  1825 I WindowManger_keyguard: Screen turned off...
12-18 18:24:11.097  1795  1806 W ActivityManager: getRunningAppProcesses: caller 10105 does not hold REAL_GET_TASKS; limiting output
12-17 23:48:45.882  1795  2396 D InputMethodManagerService: showCurrentInputLocked: mCurToken=android.os.Binder@cb2bac0
12-18 02:35:08.968   818  1089 I iMonitor: create: 902500004
12-18 08:29:54.627 27560 27575 E SQLiteLog: (14) os_unix.c:32731: (13) open(/storage/emulated/0/baidu/tempdata/ls.db) - 
12-18 14:11:40.327  5994  5994 D wpa_supplicant: WPS: WFA subelement id=0 len=1
12-18 19:01:45.426   633 31867 I SDK     : 
12-17 21:03:07.617  1795  2748 D lux trace:: [6.0/125737378, 7.0/125738448, 6.0/125738805, 7.0/125739517, 6.0/125739876, 7.0/125740588, 6.0/125740945, 7.0/125741302]
12-18 15:35:11.278  1795 16500 I NotificationManager: enqueueNotificationInternal: pkg=com.android.browser id=1610612739 notification=Notification(pri=0 contentView=null vibrate=null sound=null defaults=0x0 flags=0x200 color=0x00000000 groupKey=nf_type_1610612739 vis=PRIVATE)
12-17 21:34:38.298  2852  2852 D KGWallpaper: loadType:1
12-18 07:57:54.284  1795  2709 I ActivityManager_service: retrieveServiceLocked, callerApp: ProcessRecord{34bf34f 0:system/1000}, flags: 10000400
12-18 17:39:54.490  1795  1795 I MQoS    : onSignal: mSubId=0,currDataSubID=0
12-18 17:32:17.067  1795  2344 I qti_sensors_hal: processInd: STEP COUNTER: steps 85377, running_total 71548 SAM TS: 4222469406 HAL TS:522075367789211 elapsedRealtimeNano:522075793711135
12-17 19:59:40.202  5215  5215 D wpa_supplicant: wlan0: Control interface command 'PKTCNT_POLL'
12-17 20:32:14.877 24266 24266 I Utility : [qiyi_LOG_INFO Utility] isQiyiPackage ret:true
12-18 10:29:16.114  1795  3341 E LocSvc_ApiV02: I/<--- void globalEventCb(locClientHandleType, uint32_t, const locClientEventIndUnionType, void *) line 114 QMI_LOC_EVENT_INJECT_PREDICTED_ORBITS_REQ_IND_V02
12-17 22:30:37.764  3879  4071 I HwLauncher: Workspace  The same unread count.
12-18 18:29:32.274  2852  2852 I NotificationGroupManager: summary = null
12-18 15:35:37.746  2883  6521 W HwSystemManager: AbsRecommendQuery:queryRecommendData get a invalid cursor, maybe no matched result exist!
12-18 15:28:31.803  9467  9467 D HwIntelligent3_BitmapUtil: bmp is null : false
12-18 10:40:52.046  1795  3121 I SendBroadcastPermission: action:android.intent.action.SIG_STR, mPermissionType:0
12-18 13:11:03.754  3168  4729 D HwRepairHelper: update()   updated:  00
12-18 18:29:05.831  1795  1808 I ActivityManager: new Process app=ProcessRecord{37c673a 0:com.sankuai.meituan:dppushservice/u0a146}, name: com.sankuai.meituan:dppushservice, euid: 0
12-17 21:22:40.928  3626  4889 E PTM.FileNodeInfo: getTempInfo error: null, 0
12-17 21:48:13.295  1795  1809 I WindowManager: onProposedRotationChanged, rotation=2
12-17 20:52:29.664  1795  2748 D HwAmbientLuxFilterAlgo: t=125103361,BT=125104361,DT=125107361,BT1=125107361,DT1=125111361,Bn=false,Dn=false,lx=[6.0/125101856, 6.0/125102157, 7.0/125102459, 6.0/125102760, 6.0/125103061, 6.0/125103361],mLx=5.0,s=5.0,ss=0.034536894,AuIntervened=false,mProximityState=false,bLux=15.0,dLux=0.0,bLux1=15.0,dLux1=0.0
12-17 23:24:03.441  1795  1795 D HwConnectivityService: CtrlSocket receive screen on intent!
12-18 10:39:38.429  1795 15987 D PowerManagerService: ready=true,policy=3,wakefulness=1,wksummary=0x1,uasummary=0x1,bootcompleted=true,boostinprogress=false,waitmodeenable=false,mode=true,manual=33,auto=-1,adj=0.0userId=0
12-18 08:12:41.985   633 31868 I SDK     : <2016-12-18 08:12:41> [NOTICE] SDK: UE-SeC 2016-12-18 8:12:41:985 Level[NOTICE] magic[3365677344 7476]:Currently process detect response packet when login,detect id is [4],ack id is [4]!
12-17 21:57:58.352  1795  1795 I NotificationManager: cancelNotification,cancelNotificationLocked,callingUid = 1001,callingPid = 3608
12-18 09:31:01.916  2852  2852 I EventCenter: EventCenter Get :android.intent.action.TIME_TICK
12-18 17:31:02.302  5224  5283 I Step_DataCache: 20002302|getTodayTotalSteps 13700
12-18 08:49:08.939  1795  1807 D DeviceIdleController: handleMessage(7)
12-17 20:48:02.856  1795  1819 D NetworkManagement: notifyInterfaceClassActivity: client is android.net.ip.IpManager$2@4c99c84
12-17 20:07:07.726  2852  2852 I StackScrollAlgorithm: updateClipping isOverlap:false
12-17 21:35:43.367  2852  2852 D HwCustMobileSignalControllerImpl: isCurrentBySim()=false
12-17 20:48:12.017  1795  3110 I AlarmManager: remove(PendingIntent{1d3fb65: PendingIntentRecord{7b913f0 com.android.phone broadcastIntent}}) changed bounds; rebatching
12-18 14:11:29.255  5994  5994 D wpa_supplicant: wlan0: Control interface command 'SCAN TYPE=ONLY freq=2412,2437,2462'
12-18 19:53:47.354  2852  2925 I EventCenter: ContentChange for slot: 1
12-17 21:54:58.877   835  2385 E libteec : qsc_decode end
12-17 21:08:22.787  2852  2852 D HwCustMobileSignalControllerImpl: isCurrentBySim()=false
12-18 08:11:59.623  2852  3556 D NetworkController.MobileSignalController(0): mSimSubId:0 onDataActivity: direction=4
12-17 21:42:36.663  5224  5283 I Step_ExtendStepDataManager: 20002302|compensate 24699702 115
12-18 13:01:05.797  1795  1819 D NetworkManagement: notifyInterfaceClassActivity: client is com.android.server.net.NetworkPolicyManagerService$13@4df0feb
12-18 17:30:14.603   633 31870 I SDK     : 
12-17 20:33:51.648   633   692 I eSpaceService: Watch Thread{4481} WatchThread.onLoop(WatchThread.java:94) watch thread onLoop... 
12-18 08:11:59.658  2852  2852 D HwCustMobileSignalControllerImpl: sub =0,strMccMnc =null,hashMccMnc =[],strPlmn =hw_customized_networkType_entry
12-18 08:25:43.270  3168  3168 I CHR_TelStatusListenr: onCellLocationChanged: cellInfo = [9375,213489026,-1]
12-18 14:13:12.659  3218  4070 I PhoneInterfaceManager: shouldBlockLocation  ret:false
12-17 20:13:08.258  5224  5283 I Step_DataCache: 20002302|getTodayTotalSteps 5787
12-18 14:09:09.881  1795  2381 D libfingersense_wrapper: fingersense_touch_up() finished
12-18 14:08:44.103  2852  2852 I HwMobileSignalController: notifyListenerHuawei::origin typeIcon:2130839195 icons.mName:4G isSuspend:false, showDataIcon=true, dataConnected=true, isRoaming=false
12-17 23:28:34.649   633 31870 I SDK     : 
12-17 23:30:56.742  1795  1825 I WindowManger_keyguard: Screen turned off...
12-18 07:15:24.295  1795  2750 D HW_DISPLAY_EFFECT: presently, hw_update_color_temp_for_rg_led interface not achieved.
12-18 07:15:28.365  3168  3168 I CHR_TelStatusListenr: onCellLocationChanged: cellInfo = [10137,22651650,-1]
12-18 08:38:02.779   633 28110 E SDK     : <2016-12-18 08:38:02> [ERR] SDK: UE-SeC 2016-12-18 8:38:2:779 Level[ERR] magic[2199509280 3436]:KeySpace : getkey w00290667_account not null
12-17 20:14:31.803   633 31870 I SDK     : 
12-18 15:28:30.929  1795  1809 I MultiTaskManagerService: onForegroundActivitiesChanged pid = 4492, uid = 10105
12-17 22:37:40.492  3626  3626 E PTM.FileNodeInfo: getTempInfo error: null, 0
12-18 17:42:40.376  2852  2852 I HwSignalClusterView: getOrInflateState subId:0
12-18 15:40:42.336 10334 10334 D wpa_supplicant: CTRL-DEBUG: global_ctrl_sock-sendto: sock=16 sndbuf=229376 outq=0 send_len=48
12-18 18:31:22.908  1795  5350 I MQoS    : QOS_level:4(4),use RTTLvl:4;RATLvl:5
12-18 15:32:55.454  2852  2852 I WindowBlurView: onBlurFinish
12-18 19:44:22.852  5224  5283 I Step_DataCache: 20002302|getTodayTotalSteps 16365
12-17 21:53:19.234  3168  3168 I CHR_TelStatusListenr0: writeSummaryFromParcelLocked, duration: 0
12-18 17:30:14.021 14855 15328 D HiWiServiceBD: lastReportTime = 1482041249714
12-17 21:40:05.210  2852  2852 D HwCustMobileSignalControllerImpl: sub =0,strMccMnc =null,hashMccMnc =[],strPlmn =hw_mcc_mnc
12-17 22:37:37.299  3626  3626 E PTM.FileNodeInfo: getTempInfo error: null, 0
12-18 14:14:31.467  2852  2852 D KeyguardUpdateMonitor: onKeyguardVisibilityChanged(true)
12-18 17:41:04.222  1795  3253 D PowerManagerService: ready=true,policy=3,wakefulness=1,wksummary=0x1,uasummary=0x1,bootcompleted=true,boostinprogress=false,waitmodeenable=false,mode=true,manual=33,auto=-1,adj=0.0userId=0
12-18 15:36:26.186  1795  2739 D HuaweiWifiWatchdogStateMachine: updateQoeLevel current level equal to mLastDetectLevel, return
12-17 23:28:45.838  1795  2380 I PowerManager_screenOn: PowerManagerNotifier onUserActivity: event=2, uid=1000
12-18 12:50:13.907  1795  2323 E UsbDeviceManager: 	at android.os.UEventObserver$UEventThread.run(UEventObserver.java:187)
12-18 15:34:41.290  1795 17831 W System.err: 	at android.app.ContextImpl.enforce(ContextImpl.java:1756)
12-18 17:56:16.891  1795 16498 D PowerManagerService: userActivityNoUpdateLocked: eventTime=141907604, event=0, flags=0x0, uid=10033
12-18 15:29:17.104  1795  6988 D HwActivityManagerService: handleANRFilterFIFO,uid = 10113cmd = 0
12-18 08:16:11.641  2852  2852 D HwCustMobileSignalControllerImpl: isCurrentBySim()=false
12-18 14:13:04.657  4492  4492 I ActivityManager_activity: Reporting idle of ActivityRecord{50977f4 token=android.os.BinderProxy@4e2962b {com.tencent.mm/com.tencent.mm.ui.LauncherUI}} finished=false
12-17 23:17:30.801  1795 15988 I HwPFWLogger: AppAutoStartupPolicy:prevent start receiver of package cn.wps.moffice_eng for action android.intent.action.USER_PRESENT
12-18 15:55:59.668  4492  4492 I MediaPlayer: [HSM] stayAwake false uid: 10105, pid: 4492
12-17 21:52:56.590   633 31868 I SDK     : 
12-17 22:30:37.560   633 31869 I SDK     : <2016-12-17 22:30:37> [NOTICE] SDK: UE-SeC 2016-12-17 22:30:37:560 Level[NOTICE] magic[3367250208 725]:Begin to proc tunnel status change: oldStatus=2, newStatus=1, errCode=0
12-17 22:33:44.252  3180  3332 I ScenarioAction: new ScenarioAction sPoolSize: 0
12-17 19:36:03.856  1795 20787 D PFW.HwPFWAppWakeLockPolicy: getUidWakeLock uid: 10078 wakelock(minutes): 0
12-18 13:01:06.552   633   692 I TCP     : 	at com.huawei.ecs.mip.proxy.TcpSocket.connect_i(TcpSocket.java:87)
12-18 14:07:58.516  2852  2852 D HwCustMobileSignalControllerImpl: isCurrentBySim()=false
12-18 11:11:03.952  2852  2852 I PhoneStatusBar: updateNotificationShade
12-17 22:30:34.155  1795  2685 D HwPFWLogger: AutoStartupDataMgr:retrieveStartupSettings type 0 of com.achievo.vipshop is 0
12-17 22:25:25.095  3218  7071 D PhoneInterfaceManager: [PhoneIntfMgr] getDataEnabled: subId=0 phoneId=0
12-18 10:39:37.412  2852  2852 W HwKeyguardPolicy: KGSvcCall updateKeyguardState 0->0; false false
12-18 10:46:02.883  1795 11746 I HwActivityManagerService: Split enqueueing broadcast [callerApp]:ProcessRecord{5299443 4690:com.baidu.input_huawei/u0a74}
12-17 19:35:11.638  1795  2750 D HW_DISPLAY_EFFECT: presently, hw_update_color_temp_for_rg_led interface not achieved.
12-17 20:31:29.429  1795  2778 I ActivityManager_activity: resumeTopActivityLocked: Skip resume: some activity pausing.
12-17 20:22:10.029  3218  7071 W PhoneInterfaceManager: shouldBlockLocation running ...
12-18 09:04:40.133  7194  7194 I PushLog2824: [main-1]broadcast(),and mReceivers  4(android/null:-1)
12-17 21:59:50.971  2852  2852 W HwPhoneStatusBar: mNotifyStateChangedReceiver do nothing
12-17 20:29:31.102   633 31870 I SDK     : <2016-12-17 20:29:31> [WARN] SDK: UE-SeC 2016-12-17 20:29:31:101 Level[WARN] magic[3362781472 684]:PubEvt_Close Getting a socket[8] from the Socket-table Failed!
12-18 14:12:24.663  5157  5157 W cr_BindingManager: Cannot call determinedVisibility() - never saw a connection for the pid: 5157
12-18 14:13:23.547  5157  5157 E testlog : MainActivity_resume_android.os.BinderProxy@fc92a51
12-18 09:25:57.103  2852  2852 D StepCounterView: onStepCounterChange stepsNum:2198
12-17 23:35:01.607  2852 12467 E HW-JPEG-DEC: [HME_JPEG_DEC_Delete](3298): HME_JPEG_DEC_Delete: decoder_ctx=null
12-18 12:39:12.498  1795  6985 I ActivityManager_activity: insertTaskAtTop, setTaskToReturnTo: fromHome=false,lastStackTop=TaskRecord{b77b006 #390 A=android.task.mms U=0 StackId=1 sz=2}, isHomeStack=false, topTask=TaskRecord{b77b006 #390 A=android.task.mms U=0 StackId=1 sz=2}, task=TaskRecord{b77b006 #390 A=android.task.mms U=0 StackId=1 sz=2}
12-18 00:05:46.198  2852  2852 I HwSignalClusterView: setMobileDataIndicatorsHuawei subId:0 visible:true strengthIcon:2130839311 typeIcon:2130839195 contentDescription:手机信号满格。 typeContentDescription:4G isTypeIconWide:true showActivity:true activityIn:true activityOut:true isRoaming:false
12-18 17:41:33.131  2852  2852 I SlideTouchEvent: handleTouchEvent:MotionEvent { action=ACTION_UP, actionButton=0, id[0]=0, x[0]=492.0, y[0]=119.0, toolType[0]=TOOL_TYPE_FINGER, buttonState=0, metaState=0, flags=0x0, edgeFlags=0x0, pointerCount=1, historySize=0, eventTime=141659791, downTime=141659629, deviceId=10, source=0x1002 }
12-18 10:40:10.782  1795  2750 D HW_DISPLAY_EFFECT: presently, hw_update_color_temp_for_rg_led interface not achieved.
12-18 17:43:55.222   802   802 E Thermal-daemon: [ap] temp_new :30  temp_old :31
12-17 21:26:08.612  1046  1467 I Huawei_audio_cust: huawei_audio huawei_choose_HandsFree_device_incall_forHWtest: test Type =4
12-17 21:58:46.176  1795  1795 I HwActivityManagerService: Split enqueueing broadcast [callerApp]:ProcessRecord{34bf34f 0:system/1000}
12-17 20:36:17.254 24266 24875 D JOBS    : re-running consumer Thread-80
12-17 19:31:43.398   835  2385 E libteec : receive data len = 1152
12-17 19:57:15.742 21403 21403 D ActivityThread: ActivityThread,attachApplication
12-17 21:48:08.890  5224  5283 I Step_DataCache: 20002302|getTodayTotalSteps 9848
12-18 14:14:00.232  5994  5994 D wpa_supplicant: WPS: attr type=0x1008 len=2
12-18 14:08:48.647  5157  5157 E testlog : SearchResultActivity_resume_tokennull
12-17 21:03:17.358 24266 24266 I qiyippsplay: org.iqiyi.video.ui.bf.h()<-1> : 当前时间361317
12-17 23:25:36.147  4690  4690 D KeyEvent: obtain, mHwFlags=-1291845632
12-18 14:10:45.953  2852  2852 I StackScrollAlgorithm: updateDimmedActivatedHideSensitive overlap:true
12-17 20:15:42.776   633 31870 I SDK     : 
12-18 14:10:52.746  5994  5994 D wpa_supplicant: WPS: attr type=0x104a len=1
12-18 15:34:15.035  1795  1795 I TrafficMonitor: expired arrive. level:-1
12-17 21:37:47.684  3879  4071 I HwLauncher: NewEspaceMessageContentObserver  getNewEspaceMessageCount: 0
12-18 09:10:52.661  2852  2852 D HwCust  : Create obj success use class com.android.systemui.statusbar.HwCustExpandableNotificationRowImpl
12-17 21:42:37.027  3180  3578 I ash     : com.huawei.espacev2 { doze duration=584653 } transition to: hibernation reason:
12-18 09:21:53.110  1795 17831 D SmartHeartBeat: setAlarmsAdjust ...
12-17 21:28:24.968  2852 31757 W BokehDrawable: onPostExecute android.graphics.Bitmap@4d7ddf2, []
12-18 09:12:03.625  2852  2852 W StatusBarWindowManager: Apply window Height MATCH_PARENT
12-17 19:33:42.629  1795  1809 I qti_sensors_hal: batch:sensor(android.sensor.accelerometer) handle:0 flags:0x0 period_ns 66667000
12-17 19:42:05.458 32607 32607 I BetaClub: [PollingService.onStartCommand]Start
12-18 15:33:22.038 10334 10334 D wpa_supplicant: IEs - hexdump(len=357): 00 02 48 58 01 08 82 84 8b 96 12 24 48 6c 03 01 01 2a 01 04 32 04 0c 18 30 60 2d 1a 7e 10 17 ff ...
12-17 22:45:47.949  1795  1819 D NetworkManagement: notifyInterfaceClassActivity: client is android.net.INetworkManagementEventObserver$Stub$Proxy@c0acf8b
12-18 19:01:09.060   633 31870 I SDK     : 
12-17 21:17:44.238  1795  1795 I MQoS    : received cell-signal:1
12-18 15:37:58.156 10334 10334 D wpa_supplicant: WPS: attr type=0x103b len=1
12-18 14:11:34.709   633  6586 E SDK     : 
12-18 00:14:59.334  1795  2737 I QosMonitor: postEventFromNative: msg=100,arg1=0,arg2=9
12-18 00:14:00.056  5224  5283 I Step_LSC: 20002302| ## MSG_DEAL_SYSTEM_EVENT android.intent.action.TIME_TICK
12-18 00:05:02.646  1795 15233 E FpDataCollector: STATS_UNLOCK_FILE doesn't exist!
12-18 10:40:14.948  3382  3399 I SendBroadcastPermission: action:qualcomm.intent.action.ACTION_RAC_CHANGED, mPermissionType:0
12-18 07:41:36.056  1795 11747 D PowerManagerService: Releasing suspend blocker "PowerManagerService.WakeLocks".
12-17 20:43:07.918  2852  2852 D HwCustMobileSignalControllerImpl: sub =0,strMccMnc =null,hashMccMnc =[],strPlmn =hw_show_4g
12-17 21:03:38.546  2852  3556 I NetworkController.MobileSignalController(0): 	to: connected=true,enabled=true,level=4,inetCondition=1,iconGroup=IconGroup(4G),activityIn=false,activityOut=false,rssi=0,lastModified=12-17 09:03:35,isRoaming=false,dataSim=true,networkName=中国移动,networkNameData=中国移动,dataConnected=true,isDefault=true,isEmergency=false,airplaneMode=false,carrierNetworkChangeMode=false,userSetup=true
12-17 21:19:36.753  2852  2852 I HwSignalClusterView: apply hwPhoneState.mSubId:0 anyMobileVisible:false mIsAirplaneMode:false, mobileGroupVisible=true
12-17 23:41:33.618  1795 15982 D PowerManagerService: acquire lock=122669992, flags=0x1, tag="eventloop", name=android, ws=null, uid=1000, pid=7194
12-17 19:57:21.525  5215  5215 D wpa_supplicant: Unset configuration string 'subject_match'
12-18 19:49:56.508   606  2379 E libteec : QSEECom_send_cmd return!
12-17 23:11:26.833   633 31870 I SDK     : 
12-18 14:12:49.363  5157  5157 W cr_BindingManager: Cannot call determinedVisibility() - never saw a connection for the pid: 5157
12-17 22:33:22.899  2852  2852 I SlideTouchEvent: vel=0.0, MinimumFlingVelocity=150
12-18 09:35:06.707  1795  2736 E hwintelligencewifi: getCurrentCellid type is PHONE_TYPE_GSM
12-17 20:48:38.487  3858  4126 I amsnl   : t:false, fl: false, p: 2147483647000, ce: true, we: false
12-18 14:11:19.551  5994  5994 D wpa_supplicant: WPS: attr type=0x1042 len=7
12-17 23:26:32.142  1795 11747 D PowerManagerService: release:lock=72672212, flg=0x0, tag="mWakeLockForThread", name=android", ws=null, uid=1000, pid=7194
12-18 08:09:07.751  7194 24140 I PushLog2824: [SocketRead_08:09:07-14275]write the lastcontectsucc_time to the pushConfig.xml file(android/null:-1)
12-17 19:31:58.126  2883  2996 I HwSystemManager: NormalTrafficAnalysis:alert byte = 0 last alert byte = 0
12-18 09:11:07.310   633 29066 I SDK     : <2016-12-18 09:11:07> [NOTICE] SDK: UE-SeC 2016-12-18 9:11:7:310 Level[NOTICE] magic[2181581088 2421]:FileSec: have right to open file due to cur app sec level = 0 is higher than file app(&5ߢ[@ñ?z]) sec level = 0.
12-18 08:49:33.245  3782 28174 V AudioManager: isMusicActive...
12-17 19:34:55.920  1795  1825 W LightSensor: LightSensor, enable, 284: flags=1
12-18 08:44:05.141   633 31870 I SDK     : 
12-17 21:09:18.998  1795  1819 I EventHub: monitor check touch devices
12-18 14:15:18.683  2852  2852 I TimeManager: act:android.intent.action.TIME_TICK  flag:1342177300 FLAG_IS_FIRST_POWER_OFF_ALARM=false android.intent.extra.ALARM_COUNT=1 
12-18 14:44:36.016  1795  2323 E UsbDeviceManager: 	at android.os.UEventObserver$UEventThread.sendEvent(UEventObserver.java:210)
12-17 21:53:02.267  1795 11746 I Security_fingerprint: FingerprintService cancelAuthentication
12-17 19:56:07.272  5215  5215 D wpa_supplicant: random_mix_pool - hexdump(len=5): [REMOVED]
12-18 18:41:02.391   633 31870 I SDK     : 
12-18 17:50:22.564  5224  5283 I Step_HSNH: 20002302|rebuild notification
12-18 17:32:42.372  3218  7071 I PhoneInterfaceManager: shouldBlockLocation  ret:false
12-17 22:53:03.435   633 31870 I SDK     : <2016-12-17 22:53:03> [WARN] SDK: UE-SeC 2016-12-17 22:53:3:435 Level[WARN] magic[3362781472 684]:PubEvt_Close Getting a socket[118] from the Socket-table Failed!
12-18 16:01:41.104  1046  1125 D audio_hw_primary: select_devices: out_snd_device(2: speaker) in_snd_device(0: )
12-18 10:45:03.401  3218  3236 I PhoneInterfaceManager: shouldBlockLocation  ret:false
12-18 18:23:32.258 19907 19907 W art     : JIT profile information will not be recorded: profile file does not exits.
12-17 20:53:17.311  2852  2852 I HwSignalClusterView: getOrInflateState subId:0
12-18 07:47:53.904  1795  3238 W ActivityManager: getRunningAppProcesses: caller 10102 does not hold REAL_GET_TASKS; limiting output
12-17 23:07:33.000  1795  1805 D PowerManagerService: Releasing suspend blocker "PowerManagerService.WakeLocks".
12-18 17:41:02.535  3858  4126 D TelephonyManager: getNeighboringCellInfo calling app is com.amap.android.ams
12-17 20:59:47.382  2852  2914 I HwMobileSignalController: subId:0 phoneType:1 networktype:13 targetClass:3 masterLevel:4 slaveLevel:-1
12-18 18:23:27.466 19827 19840 D TelephonyManager: getNeighboringCellInfo calling app is com.huawei.android.totemweather:remote
12-18 13:53:07.582  3626  3626 E PTM.FileNodeInfo: getTempInfo error: null, 0
12-17 20:00:19.390  1795  2739 I HuaweiWifiWatchdogStateMachine: Update current BSSID to 10:51:**:**:f0:01
12-18 08:24:13.940  3858  4126 I amsnl   : t:false, fl: false, p: 2147483647000, ce: true, we: false
12-18 10:52:10.514   808   547 D [HWCamera] HwAlgorithmicInformation: void android::HwAlgorithmicInformation::setSmartAeInfo(int, int*, SmartAE_EXIF_INFO_t*), Enter frameNum = 0, expo = 0xeca78de0, pExif = 0xeca78e88
12-18 10:39:37.662  2852  2852 W PanelView: updateAlaphaAndScaleForChild 0  com.android.systemui.statusbar.phone.NotificationsQuickSettingsContainer{4bf91f3 V.E...... ......ID 0,0-1080,1920 #7f1403cf app:id/notification_container_parent}
12-17 19:33:03.553  1795  1821 I WindowManger_keyguard: Setting mDismissKeyguard true by win Window{e6a6b5e u0 com.android.incallui/com.android.incallui.InCallActivity}
12-18 14:36:47.595  1795  2323 E UsbDeviceManager: Error reading charge file
12-18 19:52:06.437  2852  2852 I StackScrollAlgorithm: updateDimmedActivatedHideSensitive overlap:false
12-17 23:05:16.882   633 31868 I SDK     : <2016-12-17 23:05:16> [NOTICE] SDK: UE-SeC 2016-12-17 23:5:16:882 Level[NOTICE] magic[3365677344 5250]:Switch tunnel mode to [3]!
12-18 15:32:49.481   633 10128 E SDK     : svn_fopen returns:-1088308160
12-18 00:13:40.201  3218  3517 I QImsService: ImsSenderRxr : Response data: [12, 13, -1, -1, -1, -1, 16, 3, 24, -37, 1, 32, 0, 13, 100, 0, 0, 0, 21, 10, 0, 0, 0, 29, 100, 0, 0, 0, 37, 0, 0, 0, 0, 45, -1, 0, 0, 0, 53, -1, -1, 0, 0, 61, -1, 0, 0, 0, 69, -1, -1, 0, 0][SUB0]
12-17 23:48:39.391 25067 25098 D AndroidCommon: [SdcardManager.isMounted]Mounted:/storage/emulated/0:true
12-18 18:30:03.991  1795  2748 D HwAmbientLuxFilterAlgo: t=142398581,BT=142399581,DT=142402581,BT1=142402581,DT1=142406581,Bn=false,Dn=false,lx=[10.0/142397077, 10.0/142397378, 10.0/142397678, 10.0/142397979, 10.0/142398280, 10.0/142398581],mLx=10.0,s=5.0,ss=0.08571429,AuIntervened=false,mProximityState=false,bLux=29.0,dLux=0.0,bLux1=29.0,dLux1=0.0
12-17 23:50:44.513  1795  1795 I Sensor  : updateLightsLocked --> level:100-- Solid green
12-18 08:24:53.621   633 31867 I SDK     : <2016-12-18 08:24:53> [NOTICE] SDK: UE-SeC 2016-12-18 8:24:53:620 Level[NOTICE] magic[3368294688 1013]:s(0, 0),r(0, 0)in 20s;vsock(187649B, 14943B, 0, 0), sock(1275, 1311, 0, 0), times(45, 0, 291, 72), delay(0, 0)ms, m(0, 6144)KB, p:57271, s:57271, t(235, 1, 47927B, 79112B), u(0, 1, 247810B, 68778B), c(2601, 3512, 0, 0), e(101675, 2483)/(2025, 2483), k:112, d(919, 1008), de(0), s(online, 2, 1), SSL(0), UDP(0), r_d(0), s_d(0), c_d(0), dur(2155 m), vs(0, 0, 0), sysFM(0 KB), ls(2663, 2663),bypass[0]:[0]
12-18 05:26:30.585  3168  3369 I CHR_ChrVolteStatisticInfoUtil: setVoLTECallStatisResult: chrVolteStatisticInfo= mCount=0, mAvgValue=0, mMaxValue=0, mMinValue=0
12-18 19:49:28.646 10477 22921 E CloudAlbum[5.0.0.322]: [ReceiverManager] not log on ignore
12-17 21:37:46.985   633 31870 I SDK     : <2016-12-17 21:37:46> [WARN] SDK: UE-SeC 2016-12-17 21:37:46:985 Level[WARN] magic[3362781472 684]:PubEvt_Close Getting a socket[16] from the Socket-table Failed!
12-17 19:58:33.603  1795  5219 E WifiMonitor: WifiMonitor:wlan0 cnt=31317 dispatchEvent: CTRL-EVENT-EAP-STATUS status='started' parameter=''
12-17 21:26:58.786  2852  2852 D HwCust  : Create obj success use class android.app.HwCustNotificationImpl
12-17 22:29:44.007   606  2379 E libteec : receive data len = 128
12-17 20:13:05.670  2852  2852 I HwBrightnessUtils: APS brightness=16.0,ConvertToPercentage=0.1846686
12-18 00:02:41.405   633 31870 I SDK     : <2016-12-18 00:02:41> [WARN] SDK: UE-SeC 2016-12-18 0:2:41:405 Level[WARN] magic[3362781472 684]:PubEvt_Close Getting a socket[180] from the Socket-table Failed!
12-18 14:12:14.590  5157  5157 D test    : sending:{"handlerName":"getRegisteredJsHandler","callbackId":"java_cb_1","data":null}
12-18 19:49:59.457  2852  2852 I BadgedIconHelper: isCloneProcess = false
12-18 15:34:47.396  2852  2852 I StatusBarIconView: updateTint: tint=1
12-18 15:32:56.541  3626  3626 I LogCollectService: HwLogUpload exist
12-18 07:58:31.827  1795  1795 D HwConnectivityService: Usb tethering: false
12-18 15:32:56.452  7194  9067 E PushLog2824: 	at java.net.SocketInputStream.read(SocketInputStream.java:120)
12-18 19:49:29.400 25761 25761 E AppLogApi/FeedbackUtils: packageInstalled true!
12-18 14:12:09.553  5157  5157 I chromium: [INFO:CONSOLE(1)] "Uncaught ReferenceError: WebViewJavascriptBridge is not defined", source:  (1)
12-18 12:51:02.107  1795  2323 E UsbDeviceManager: java.io.FileNotFoundException: sys/class/hw_power/charger/charge_data/water_intrused (No such file or directory)
12-17 22:37:54.729   633   692 I eSpaceService: Watch Thread{4481} WatchThread.onLoop(WatchThread.java:94) watch thread onLoop... 
12-18 14:11:51.718  5157  5157 E testlog : PoiDetailActivity_stop_android.os.BinderProxy@ed1bee2
12-18 00:13:13.554  2852  2852 D HwCustMobileSignalControllerImpl: isCurrentBySim()=false
12-17 23:02:47.159   633 31870 I SDK     : <2016-12-17 23:02:47> [WARN] SDK: UE-SeC 2016-12-17 23:2:47:159 Level[WARN] magic[3362781472 684]:PubEvt_Close Getting a socket[102] from the Socket-table Failed!
12-18 10:45:38.018  1795 11747 D PowerManagerService: ready=true,policy=3,wakefulness=1,wksummary=0x1,uasummary=0x1,bootcompleted=true,boostinprogress=false,waitmodeenable=false,mode=true,manual=33,auto=-1,adj=0.0userId=0
12-17 23:26:27.497  4492  7209 D MediaPlayer: [virtual void android::MediaPlayer::notify(int, int, int, const android::Parcel *)] : [1138] callback application
12-17 21:56:47.136   633   692 I eSpaceService: LoginThread{6437} LoginThread.doinLoop(LoginC.java:912) Login_By_Step-> Thread is over  true 6437
12-17 21:51:50.459  2852  2852 I PowerUI : onReceive intent:act:android.intent.action.SCREEN_OFF  flag:1342177296 
12-18 17:42:15.458  2852  2852 D HwCustMobileSignalControllerImpl: isCurrentBySim()=false
12-18 10:55:24.785  2852  2852 V KeyguardUpdateMonitor: *** register callback for com.android.keyguard.KeyguardMessageArea$2@43453b0
12-18 10:51:02.282  5224  5283 I Step_FlushableStepDataCache: 20002302|upLoadOneMinuteDataToEngine time=24700465 step=9 altitude=0 motion=20002
12-18 08:13:46.428  1795  2323 E UsbDeviceManager: 	at android.os.UEventObserver$UEventThread.run(UEventObserver.java:187)
12-18 15:27:45.491   633 31874 I SDK     : <2016-12-18 15:27:45> [WARN] SDK: UE-SeC 2016-12-18 15:27:45:491 Level[WARN] magic[3360692512 92]:WatchLog_UploadContent==>Invalid param.
12-17 21:26:59.222  1795  1805 I qti_sensors_hal: 0x0, 0x0, 0x0, 0x0
12-17 21:50:30.317  2852  2852 I StackScrollAlgorithm: state.clipTopAmount:167, i:1
12-17 21:41:09.934   633 31870 I SDK     : 
12-17 23:01:03.771   835  2385 E libteec : qsc_decode end
12-18 14:10:44.516  2852  2852 I HwNavigationBarTransitions: transitionTo:mode=0, isEmuiStyle=false
12-17 22:44:14.689  2852  3556 I HwMobileSignalController: mExtDataOld:ExtData [mMasterNetWorkType=3, mSlaveNetWorkType=0, mMasterNetWorkLevel=4, mSlaveNetWorkLevel=-1, mDataState=2, mDataActivity=0, mDataNetType=13] mExtData:ExtData [mMasterNetWorkType=3, mSlaveNetWorkType=0, mMasterNetWorkLevel=4, mSlaveNetWorkLevel=-1, mDataState=2, mDataActivity=4, mDataNetType=13]
12-18 10:59:52.000  2852  2852 W PanelView: set notification panel padding = 1675
12-17 23:00:30.857  1795  2323 E UsbDeviceManager: 	at java.io.FileInputStream.<init>(FileInputStream.java:146)
12-18 18:27:04.102  3626  3626 E PTM.FileNodeInfo: getTempInfo error: null, 0
12-18 19:53:47.437  2852  2925 I EventCenter: ContentChange for slot: 1
12-17 20:19:41.646  2852  2852 I HwSignalClusterView: setMobileDataIndicatorsHuawei subId:0 visible:true strengthIcon:2130839311 typeIcon:2130839195 contentDescription:手机信号满格。 typeContentDescription:4G isTypeIconWide:true showActivity:true activityIn:false activityOut:false isRoaming:false
12-18 00:06:24.304  1795  2380 I PowerManager_screenOn: PowerManagerNotifier onUserActivity: event=2, uid=1000
12-17 19:32:30.313  1795  1809 I qti_sensors_hal: 0x66, 0xca, 0x3c, 0x3e
12-18 17:33:00.742  3879  4071 I HwLauncher: DynamicUpdater updateBitmap end and send update message
12-18 14:09:01.456  3858  4126 I amsnl   : m1: false
12-18 15:38:50.954 13266 13343 D TelephonyManager: getNeighboringCellInfo calling app is com.sankuai.meituan
12-18 18:23:45.984  1795  3304 E LocSvc_api_v02: I/---> locClientSendReq line 2069 QMI_LOC_REG_EVENTS_REQ_V02
12-17 23:29:38.277  2852  2852 I PhoneStatusBar: updateNotificationShade
12-17 20:12:04.613  5224  5283 I Step_DataCache: 20002302|getTodayTotalSteps 5680
12-17 21:53:02.356  1795  1795 I Sensor  : updateLightsLocked --> level:69, status:3
12-18 14:32:59.068  1046  1125 D ACDB-LOADER: ACDB -> ACDB_CMD_GET_AUDPROC_STREAM_TABLE_V2
12-18 14:13:07.378  5157  5157 I chromium: [INFO:CONSOLE(1)] "Uncaught SyntaxError: Unexpected token var", source:  (1)
12-18 14:11:16.552  1795  3111 I Sensor  : updateLight --> mIsNotificationExisting: false ledOnMS: 0 ledOffMS :0
12-18 15:36:43.539  3858  4126 I amsnl   : c: true, w: true, t: false, l: false
12-17 21:59:19.801  2852  3361 I vol.VolumeDialogControl: C onScreenOff 
12-17 21:47:32.988  5224  5283 I Step_DataCache: 20002302|getTodayTotalSteps 9784
12-17 21:41:09.924  2852  2852 I HwNotificationIconAreaController: showNotificationAll
12-17 21:23:17.303 30234 30252 I JniNetDoctor: [2016-12-17 21:23:17.303] <INFO> [_F] [e2efa920] InitNetDoctor(33) version: 1.0.8.1024
12-18 14:10:50.739  1795  1819 D NetdConnector: RCV unsolicited event from native daemon, event = 600 Iface linkstate wlan0 down
12-18 18:27:45.982  2852  2852 I HwSignalClusterView: getOrInflateState subId:0
12-18 08:38:00.266  2852  2852 I HwSignalClusterView: setMobileDataIndicatorsHuawei subId:0 visible:true strengthIcon:2130839311 typeIcon:2130839195 contentDescription:手机信号满格。 typeContentDescription:4G isTypeIconWide:true showActivity:true activityIn:false activityOut:false isRoaming:false
12-18 12:27:08.984  1795 20747 I Sensor  : updateLightsLocked --> mBatteryLight.turnOff
12-17 20:56:29.273   633 31867 I SDK     : <2016-12-17 20:56:29> [NOTICE] SDK: UE-SeC 2016-12-17 20:56:29:273 Level[NOTICE] magic[3368294688 1013]:s(0, 0),r(0, 0)in 20s;vsock(147293B, 11657B, 0, 0), sock(917, 965, 0, 0), times(37, 0, 213, 62), delay(0, 0)ms, m(0, 6144)KB, p:41741, s:41741, t(164, 1, 34918B, 55089B), u(0, 0, 191054B, 51710B), c(2401, 2549, 0, 0), e(73252, 1770)/(1444, 1770), k:78, d(639, 727), de(0), s(online, 2, 1), SSL(0), UDP(0), r_d(0), s_d(0), c_d(0), dur(1467 m), vs(0, 0, 0), sysFM(0 KB), ls(1921, 1921),bypass[0]:[0]
12-18 15:43:35.192  2852  2925 I EventCenter: ContentChange for slot: 1
12-17 21:26:10.557  1795  3139 V HwWindowManagerService: setFocusedApp update app ops, mTaskChanged set to:false
12-17 21:40:04.961   633   442 I SDK     : 
12-18 10:57:12.407  1795  2323 E UsbDeviceManager: java.io.FileNotFoundException: sys/class/hw_power/charger/charge_data/water_intrused (No such file or directory)
12-17 21:35:42.165   633 31870 I SDK     : 
12-18 17:41:36.779  1795  1807 I AwareLog: IAwareHabitUtils: getAppTypeFromPG spend time:11ms PkgName:com.huawei.betaclub type:-1
12-18 09:50:20.989  1795 11747 I AlarmManager: set(PendingIntent{d0cf5: PendingIntentRecord{fe0bee8 android broadcastIntent}}) : type=0 triggerAtTime=1482025850988 win=0 tElapsed=494389715 maxElapsed=494389715 interval=0 flags=0x9
12-17 21:26:54.955  1795  1825 I PowerManager_screenOn: PowerManagerServiceonProximityPositivebyPhone -> updatePowerStateLocked
12-18 07:57:54.512   633 31868 I SDK     : <2016-12-18 07:57:54> [NOTICE] SDK: UE-SeC 2016-12-18 7:57:54:512 Level[NOTICE] magic[3365677344 2549]:Send switch tunnel msg ok,mode is [3],now mode is[3]!
12-18 16:01:29.747  1795 10375 D WifiMonitor: Dispatching event to interface: wlan0
12-17 21:26:29.997  5224  5283 I Step_ExtendStepDataManager: 20002302|compensate 24699686 42
12-17 21:13:11.854   633 31870 I SDK     : 
12-17 19:56:35.673   802   802 E Thermal-daemon: [Thermal_Hw] temperature_valid, battery : temperature is invalid, invalid temperatrue is 29
12-17 21:52:15.137  2883  2883 I HwSystemManager: AutoCleanReceiveServer:telemamanger state isIdle:true
12-17 20:58:23.622  2852  2852 D HwCustMobileSignalControllerImpl: isCurrentBySim()=false
12-18 18:32:40.917  2852  2852 V KeyguardUpdateMonitor: KGSvcFp startListeningForFingerprint()
12-18 08:08:14.897  2852  2852 I HwSignalClusterView: getOrInflateState subId:0
12-18 15:33:18.650  2852  3556 D HwNetworkControllerImpl: updateWifiState: intent=act:android.net.wifi.STATE_CHANGE  flag:335544336 *=* *=* 
12-17 21:35:43.454  1795 20747 D PowerManagerService: ready=true,policy=0,wakefulness=0,wksummary=0x1,uasummary=0x0,bootcompleted=true,boostinprogress=false,waitmodeenable=false,mode=true,manual=33,auto=-1,adj=0.0userId=0
12-18 15:40:00.010  2852  2852 I HwDateUtils: begin of formatChinaDateRange chinaDate:下午3:40
12-18 14:13:00.032  2852  2852 I HwBrightnessController: updateSlider2 seekBarProgress:5621
12-18 10:09:16.089  1795  2323 E UsbDeviceManager: 	at java.io.FileInputStream.open(Native Method)
12-18 07:36:33.230  2852  2852 I HwSignalClusterView: getOrInflateState subId:0
12-18 15:35:32.360  1795  1795 I Sensor  : turn off notificationLight due to incall or screenon
12-17 20:46:42.781  3858  4126 I amsnl   : csr
12-18 15:29:00.561  1795 15987 D HwActivityManagerService: handleANRFilterFIFO,uid = 10113cmd = 0
12-17 20:11:45.033  2883  2996 I HwSystemManager: NormalTraffic:updateBytes total limit = -1 warn = -1 used = 1769320345
12-18 17:47:34.159  1795  3304 D GnssLocationProvider: svid: 24 cn0: 0.0 elev: 0.0 azimuth: 0.0   A
12-17 20:54:03.270  2852  2852 I HwSignalClusterView: getOrInflateState subId:0
12-18 07:42:28.846  3879 21927 D MotionDetectionManager: stopMotionAppsReco not recognition motionApps 403
12-17 20:11:44.167  1795  2671 I HwActivityManagerService: Split enqueueing broadcast [callerApp]:ProcessRecord{34bf34f 0:system/1000}
12-17 23:30:34.500  2852  3556 D NetworkController.MobileSignalController(0): mSimSubId:0 onDataActivity: direction=4
12-17 21:32:16.059  1795  3253 D PowerManagerService: Releasing suspend blocker "PowerManagerService.WakeLocks".
12-17 20:47:24.169  2852  2852 I HwSignalClusterView: getOrInflateState subId:0
12-17 22:08:00.619  1795  1825 I PowerManager_screenOn: DisplayPowerStatesetColorFadeLevel: level=1.0
12-18 18:24:58.604  1795  1809 D NavigationBarPolicy: onFling::not valid gesture or touch plus on, false, return!
12-18 14:12:29.219  1795  1795 I TrafficMonitor: no expired. level:4
12-18 17:07:11.844  3626  3626 E PTM.FileNodeInfo: getTempInfo error: null, 0
12-17 23:10:17.112  2852  3556 D NetworkController.MobileSignalController(0): mSimSubId:0 onDataActivity: direction=0
12-18 00:16:01.604  1795  1795 I MQoS    : onSignal: mSubId=0,currDataSubID=0
12-17 21:27:09.804  2852  2852 I StatusBar: onNotificationPosted: StatusBarNotification(pkg=com.huawei.health user=UserHandle{0} id=10010 tag=null key=0|com.huawei.health|10010|null|10099: Notification(pri=0 contentView=null vibrate=null sound=null defaults=0x0 flags=0x62 color=0x00000000 vis=PRIVATE)) important=2, post=1481981229794, when=1481531589202, vis=0, userid=0
12-18 09:46:15.237  5224  5224 I Step_LSC: 20002302|onStandStepChanged 74757
12-18 07:32:53.078  2852  2852 I HwSignalClusterView: getOrInflateState subId:0
12-18 15:43:10.522   802   802 E Thermal-daemon: [Thermal_Hw] temperature_valid, battery : temperature is invalid, invalid temperatrue is 32
12-18 15:42:35.140  3218 12525 W PhoneInterfaceManager: shouldBlockLocation running ...
12-17 21:32:40.605  3608  3608 W ViewRootImpl[InCallActivity]: Dropping event due to no window focus: MotionEvent { action=ACTION_MOVE, actionButton=0, id[0]=0, x[0]=708.66675, y[0]=1349.0, toolType[0]=TOOL_TYPE_FINGER, buttonState=0, metaState=0, flags=0x0, edgeFlags=0x0, pointerCount=1, historySize=2, eventTime=127119773, downTime=127118744, deviceId=10, source=0x1002 }
12-18 14:07:49.597 23480 23480 I SendBroadcastPermission: action:com.tencent.mm.plugin.report.service.KVCommCrossProcessReceiver, mPermissionType:0
12-17 23:03:18.907  3858  4126 I amsnl   : csr
12-17 21:26:40.911  5224  5283 I Step_ExtendStepDataManager: 20002302|before compensate: cache step_7032
12-18 14:12:43.309  5157  5157 I chromium: [INFO:CONSOLE(1)] "Uncaught ReferenceError: WebViewJavascriptBridge is not defined", source:  (1)
12-18 09:10:52.618  1795  3238 D PowerManagerService: acquire lock=128232643, flags=0x1, tag="AudioMix", name=audioserver, ws=null, uid=1041, pid=0
12-18 07:39:53.705  2852  2852 I PowerUI : buckets   .....15 .. 10 .. 5level          97 --> 96status         3 --> 3plugType       0 --> 0invalidCharger 0 --> 0bucket         1 --> 1plugged        false --> false
12-18 15:30:04.101  2852  2852 D HwCustMobileSignalControllerImpl: sub =0,strMccMnc =null,hashMccMnc =[],strPlmn =hw_show_lte
12-18 07:29:37.766  1795  2748 D HwAmbientLuxFilterAlgo: earliestValidTime + POWER_ON_BRIGHTENING_LIGHT_DEBOUNCE
12-18 17:30:08.349  1795  1825 D PowerManagerService: updateIsPoweredLocked: wasPowered=false, mIsPowered=false, oldPlugType=0, mPlugType=0, mBatteryLevel=87
12-17 23:28:34.665   633 31870 I SDK     : <2016-12-17 23:28:34> [WARN] SDK: UE-SeC 2016-12-17 23:28:34:665 Level[WARN] magic[3362781472 684]:PubEvt_Close Getting a socket[95] from the Socket-table Failed!
12-17 21:52:14.943  1795  1795 I Sensor  : updateLightsLocked --> mBatteryLight.turnOff
12-17 20:17:57.863   633 31870 I SDK     : 
12-17 23:26:19.578  1795  2750 D HW_DISPLAY_EFFECT: presently, hw_update_color_temp_for_rg_led interface not achieved.
12-17 23:29:08.387  2852  3556 D NetworkController.MobileSignalController(0): mSimSubId:0 onDataActivity: direction=0
12-18 07:15:57.306  2852  2852 D KeyguardUpdateMonitor: received broadcast android.intent.action.BATTERY_CHANGED
12-18 14:07:34.576 25067  5204 I ret     : 
12-17 22:29:20.611  3218  4070 E HW-JPEG-DEC: [HME_JPEG_DEC_Delete](3298): HME_JPEG_DEC_Delete: decoder_ctx=null
12-18 17:56:00.890  2852  2852 I TrafficPanelViewContent: onShowStatusChange show:false
12-17 23:05:42.778  2852  2852 I HwSignalClusterView: apply hwPhoneState.mSubId:0 anyMobileVisible:false mIsAirplaneMode:false, mobileGroupVisible=true
12-17 21:34:33.343  1795  2748 D HwAmbientLuxFilterAlgo: t=127232517,BT=127233517,DT=127236517,BT1=127236517,DT1=127240517,Bn=false,Dn=false,lx=[3.0/127231014, 4.0/127231315, 3.0/127231615, 3.0/127231916, 4.0/127232217, 4.0/127232517],mLx=2.0,s=5.0,ss=2.5172412,AuIntervened=false,mProximityState=false,bLux=9.6,dLux=0.0,bLux1=9.6,dLux1=0.0
12-18 14:08:17.892  1795  2778 D WindowManager: ACTIVITY check resid: com.sankuai.meituanhd, size=0
12-17 21:26:55.413  3608  3608 E InCall  : StatusBarNotifier - getNotificationBuilder
12-18 19:31:05.987  5224  5283 I Step_DataCache: 20002302|getTodayTotalSteps 15215
12-18 00:21:23.121  2852  2852 D NetWorkUtils: is3GCalling is false,mCdmaSlot is -1
12-18 07:30:38.527  1795 20312 D PowerManagerService: acquire lock=230301592, flags=0x1, tag="*launch*", name=android, ws=WorkSource{10029}, uid=1000, pid=1795
12-18 07:57:10.932  1795  3253 D KeyEvent: obtain, mHwFlags=0
12-18 15:36:21.696  1795  2381 D libfingersense_wrapper: fingersense_touch_up() finished
12-18 15:33:51.178  1795  2677 D CONNECTIVITY_LOG: reportWifiExceptionLog: 213
12-18 10:40:48.452 25067 25067 I UX      : CollectorManager--isCollectorEnabled--getBoolean: false
12-18 03:35:07.955   802   802 E Thermal-daemon: [Thermal_Hw] temperature_filter: get invalid temperature, use old temp
12-17 23:34:27.297  1795  1825 D Sensors : activate called handle:2 enable:1
12-18 14:08:05.890  2852  2852 D HwCustMobileSignalControllerImpl: sub =0,strMccMnc =null,hashMccMnc =[],strPlmn =hw_hspap_show_4g
12-18 11:20:53.078  1795 16498 D PowerManagerService: ready=true,policy=0,wakefulness=0,wksummary=0x0,uasummary=0x0,bootcompleted=true,boostinprogress=false,waitmodeenable=false,mode=true,manual=33,auto=-1,adj=0.0userId=0
12-17 23:32:50.596  7194 12147 E PushLog2824: com.huawei.android.pushagent.datatype.PushException:  read normal Exit
12-18 00:24:09.180  1795  2380 D PowerManagerService: userActivityNoUpdateLocked: eventTime=134937477, event=2, flags=0x0, uid=1000
12-17 20:36:57.618  2852  2914 I HwMobileSignalController: updateSignalStrength: signalStrength=SignalStrength: -1 0 -1 255 -1 255 -1 255 255 23 -94 -8 170 2147483647 2147483647 false gw|lte
12-17 21:33:10.811  2852  2852 I PhoneStatusBar: removeNotificationChildren
12-17 20:31:27.459  1795  2380 I TransactionProcessor: HwDPMS received transaction_isHwFrameworkAdminAllowed, the ret: false
12-18 08:14:18.950  1795  1795 I MQoS    : received cell-signal:5
12-18 19:25:19.017  2852  2852 I ToggleSlider:  mSeekListener onProgressChanged progress:2012 fromUser:false
12-18 15:32:58.302 10334 10334 D wpa_supplicant: WPS: attr type=0x1023 len=6
12-18 00:54:50.909  3626  3626 E PTM.FileNodeInfo: getTempInfo error: null, 0
12-17 19:35:02.699  7741  7741 V Mms_TXM_SVC:    retrying mms connectivity for it's available and renew = false
12-18 15:38:38.571 10334 10334 D wpa_supplicant: random pool - hexdump(len=128): [REMOVED]
12-18 10:45:58.819  2852  2914 I SimCardMethod: isCardAbsent slot:0 slotState:5
12-18 17:30:12.469  5224  5283 I Step_ExtendStepDataManager: 20002302|after compensate: cache step_13617
12-17 20:32:15.516  2852  2852 D BarTransitions.HwNavigationBarView: applyModeBackground oldMode=Unknown mode -1 newMode=MODE_OPAQUE animate=false
12-18 09:30:00.742  1795  1795 D PowerManagerService: ready=true,policy=0,wakefulness=0,wksummary=0x0,uasummary=0x0,bootcompleted=true,boostinprogress=false,waitmodeenable=false,mode=true,manual=33,auto=-1,adj=0.0userId=0
12-18 15:32:56.690  7194  7208 I SendBroadcastPermission: action:com.huawei.android.push.intent.SOCKET_INFO, mPermissionType:0
12-17 23:06:52.958  1795 15988 D PowerManagerService: ready=true,policy=3,wakefulness=1,wksummary=0x1,uasummary=0x1,bootcompleted=true,boostinprogress=false,waitmodeenable=false,mode=true,manual=33,auto=-1,adj=0.0userId=0
12-17 19:35:50.563  1795  2750 D HW_DISPLAY_EFFECT: presently, hw_update_color_temp_for_rg_led interface not achieved.
12-18 15:33:30.295 10334 10334 D wpa_supplicant: wlan0: Starting radio work 'scan'@0x7f9a42f480 after 0.000051 second wait
12-18 18:32:40.995  2852  2852 W HwPhoneLayoutInflater: onCreateView : ClassNotFoundException, In this case we want to let the base class take a crack at it
12-17 22:37:36.724   633 31870 I SDK     : 
12-18 18:26:29.402  2852  2852 I HwNotificationIconAreaController: showNotificationAll
12-18 15:43:13.346 10334 10334 D wpa_supplicant: WPS: attr type=0x1023 len=6
12-17 21:58:41.297  1795  1795 I ActivityManager_broadcast: Enqueueing ordered broadcast[foreground] BroadcastRecord{2b3321c u-1 android.intent.action.SCREEN_OFF}: prev had 0
12-18 07:29:21.841  1795  1825 D FpDataCollector: DisplayPowerState :ON
12-17 22:05:42.507  1795  1795 D HwConnectivityService: CtrlSocket restoreScrOnStatus turnonDC
12-18 17:39:13.846  3626  3770 I LSC_903001010: process buffer and get message
12-18 07:51:05.425  1795 15988 D PowerManagerService: Releasing suspend blocker "PowerManagerService.WakeLocks".
12-17 23:35:01.472  2852  2852 I BitmapUtils: 	at com.android.internal.os.ZygoteInit.main(ZygoteInit.java:831)
12-18 17:35:21.159  2852  2852 I FingerprintController: currentUid = 0 userId=0
12-18 07:57:03.969  3218  3218 E QtiImsExtUtils: isCarrierConfigEnabled bundle is null
12-17 22:54:50.379  3782  7796 V AudioManager: isMusicActive...
12-18 17:31:41.176  5224  5224 I Step_LSC: 20002302|compensate received
12-17 21:51:21.675  2852  2852 I BadgedIconHelper: isCloneProcess = false
12-18 14:13:01.413  5157  5157 W cr_BindingManager: Cannot call determinedVisibility() - never saw a connection for the pid: 5157
12-18 09:12:00.736 29227 29240 E SQLiteDatabase: 	at com.baidu.location.g.a.b(Unknown)
12-17 19:58:56.705  5215  5215 D wpa_supplicant: CTRL_IFACE: SET_NETWORK id=0 name='bssid'
12-17 23:58:52.284   633 31870 I SDK     : <2016-12-17 23:58:52> [WARN] SDK: UE-SeC 2016-12-17 23:58:52:283 Level[WARN] magic[3362781472 684]:PubEvt_Close Getting a socket[224] from the Socket-table Failed!
12-17 23:18:09.049  3218  3517 I QImsService: ImsSenderRxr :  Tag -1 3 219 0[SUB0]
12-17 21:30:19.168   633 31870 I SDK     : 
12-18 07:29:35.709  2852  2852 V AudioManager: playSoundEffect   effectType: 0
12-18 19:50:00.099  1795  1825 E huawei_ProximitySensor_CPP_Test: write 200 failed
12-18 08:16:35.919  3218  3234 I PhoneInterfaceManager: shouldBlockLocation  ret:false
12-18 14:11:40.318  5994  5994 D wpa_supplicant: wlan0: Radio work 'scan'@0x7f87c2f420 done in 1.058537 seconds
12-18 07:29:38.669  7194 19997 I PushLog2824: [SocketRead_07:29:38-14100]create socket without proxy(android/null:-1)
12-18 17:56:09.597  2852  2852 I PhoneStatusBar: suspendAutohide
12-17 21:00:43.151 24266 24266 D VideoPlayerImpl: org.iqiyi.video.player.cv.ag()<-1> : current progress: progress= 207147
12-18 18:30:09.581  1795  2381 D libfingersense_wrapper: Calling fingersense_touch_up()
12-17 20:01:32.671 21790 21790 W Log     : HWLog = false
12-17 22:51:14.298  1795  2778 I Sensor  : updateLightsLocked --> level:80, status:4
12-18 08:33:34.422  3626  3626 E PTM.FileNodeInfo: getTempInfo error: null, 0
12-18 14:12:43.030  5157  5157 D test    : sending:{"handlerName":"getRegisteredJsHandler","callbackId":"java_cb_1","data":null}
12-18 15:27:45.340  5224  5283 I SendBroadcastPermission: action:android.com.huawei.bone.NOTIFY_SPORT_DATA, mPermissionType:0
12-18 19:33:52.813  1795  6986 D PowerManagerService: Acquiring suspend blocker "PowerManagerService.WakeLocks".
12-18 15:37:47.999 10334 10334 D wpa_supplicant: WPS: attr type=0x1047 len=16
12-17 21:32:39.804  3608  3608 D CallUtils: userSetupComplete = true
12-17 20:53:43.086  1795  1795 I MQoS    : received cell-signal:1
12-17 21:26:08.748  1795  1806 D ActivityManager: ActivityManagerService,attachApplication,callingPid = 30842
12-18 15:43:35.339 12256 12256 E FontFamily: Error mapping font file /system/fonts/slim.ttf
12-17 22:38:02.236  2852  2852 D DateTimeView: Change to single clock mode!
12-18 07:47:49.973   633 31870 I SDK     : <2016-12-18 07:47:49> [WARN] SDK: UE-SeC 2016-12-18 7:47:49:973 Level[WARN] magic[3362781472 684]:PubEvt_Close Getting a socket[187] from the Socket-table Failed!
12-18 10:52:09.670  1046  1131 D sound_trigger_platform: platform_stdev_check_and_update_concurrency: concurrency active 0, tx 0, rx 1, concurrency session_allowed 1
12-17 22:33:46.851  2852  2852 I HwSignalClusterView: getOrInflateState subId:0
12-18 14:11:33.733  1795  3247 D HwActivityManagerService: handleANRFilterFIFO,uid = 10113cmd = 0
12-17 23:50:14.119  1795  3249 D HwInputMethodManagerService: hideSecSoftInput = false
12-17 21:26:57.339  1795  2736 E hwintelligencewifi: isMonitorCellId mInfos.size() = 132
12-18 15:29:17.805  1795  1806 D PowerManagerService: Releasing suspend blocker "PowerManagerService.WakeLocks".
12-18 19:35:42.953  1795  1795 V NotificationService: disableEffects=null canInterrupt=false once update: false
12-18 08:14:12.745   835  2385 I fpc_tac : Store template db took 7 ms
12-17 19:31:41.012   835  2385 E libteec : receive data len = 128
12-17 21:27:05.048 31355 31355 I         : power log dlsym ok
12-17 21:25:22.691  1795  2665 D NetdConnector: RCV <- {613 IfaceClass idle 0 449659053367047}
12-18 07:56:55.306  1795 16501 D PowerManagerService: ready=true,policy=0,wakefulness=0,wksummary=0x0,uasummary=0x0,bootcompleted=true,boostinprogress=false,waitmodeenable=false,mode=true,manual=33,auto=-1,adj=0.0userId=0
12-18 19:49:26.600  1046  1046 D ACDB-LOADER: ACDB -> AUDIO_SET_VOCPROC_STREAM_CAL
12-17 22:33:11.022  1795 17832 D PowerManagerService: ready=true,policy=3,wakefulness=1,wksummary=0x1,uasummary=0x1,bootcompleted=true,boostinprogress=false,waitmodeenable=false,mode=true,manual=33,auto=-1,adj=0.0userId=0
12-18 19:02:18.313  1795  2323 E UsbDeviceManager: 	at java.io.FileInputStream.<init>(FileInputStream.java:146)
12-18 10:58:07.747  3382  3399 D QcrilMsgTunnelSocket: readRilMessage: Buffer = [B@204bb9f HexData = [010000000404000012000000514f454d484f4f4b1d04080002000000ffff]
12-17 21:58:22.395  2852  2852 I HwExpandableNotificationRowHelper: unclear notification ,notificationPkgName:com.android.incallui key:0|com.android.incallui|2|null|1001
12-17 22:07:58.102  2852  2852 I StatusBar: onNotificationRemoved: StatusBarNotification(pkg=com.android.incallui user=UserHandle{0} id=2 tag=null key=0|com.android.incallui|2|null|1001: Notification(pri=2 contentView=null vibrate=null sound=null defaults=0x0 flags=0x2 color=0x00000000 actions=3 vis=PRIVATE publicVersion=Notification(pri=0 contentView=null vibrate=null sound=null defaults=0x0 flags=0x0 color=0xff33b5e5 vis=PRIVATE)))
12-18 17:42:40.393  2852  3556 I NetworkController.MobileSignalController(0): onDataActivity: direction=0
12-18 11:01:19.053  7194  7208 W PushLog2824: 	at com.huawei.android.bastet.HwBastet.<init>(HwBastet.java:107)
12-18 09:18:35.385  2852  2852 I HwSignalClusterView: apply hwPhoneState.mSubId:0 anyMobileVisible:false mIsAirplaneMode:false, mobileGroupVisible=true
12-18 19:25:17.917 24589 24589 D HwIntelligent3_BitmapUtil: bmp is null : true
12-18 08:15:58.709  2852  3556 I NetworkController.MobileSignalController(0): onDataActivity: direction=0
12-17 20:53:07.258  2852  2852 I HwSignalClusterView: getOrInflateState subId:0
12-17 19:56:21.169  4492  4492 E HW-JPEG-DEC: [HME_JPEG_DEC_Delete](3298): HME_JPEG_DEC_Delete: decoder_ctx=null
12-17 20:59:10.246 24266 24266 D VideoPlayerImpl: org.iqiyi.video.player.cv.ag()<-1> : current progress: progress= 2614101
12-18 15:33:22.220 25067 10804 I BetaClub: [LogSendProgressReceiver.onReceive]Start!
12-18 00:05:05.411 15254 15254 I Adreno  : Remote Branch                    : 
12-18 08:08:02.190  1795  3139 I ActivityManager: cleanUpApplicationRecordLocked, pid: 23889, restart: false
12-17 21:58:25.977  7741  7758 D TmoMonitor: Cache monitor msg as screen_off
12-17 23:30:49.054  1795  2665 D NetdConnector: RCV <- {613 IfaceClass idle 0 457185414089575}
12-17 21:38:48.133   633 31875 I SDK     : 
12-18 17:48:01.622  1795  2323 E UsbDeviceManager: 	at android.os.UEventObserver$UEventThread.run(UEventObserver.java:187)
12-17 23:12:42.292  2852  2852 D HwCustMobileSignalControllerImpl: isCurrentBySim()=false
12-18 08:23:06.766  2852  2852 I ToggleSlider:  mSeekListener onProgressChanged progress:3554 fromUser:false
12-17 23:34:27.808   606  2379 E libteec : receive data len = 128
12-18 10:52:46.020  2852  2852 I BitmapUtils: 	at java.lang.reflect.Method.invoke(Native Method)
12-18 07:57:09.173  5224  5283 I Step_LSC: 20002302|MSG_RECORD_DATA_TO_FILE datas.size()=9118
12-18 07:41:32.858  2852  2852 D HwCustMobileSignalControllerImpl: sub =0,strMccMnc =null,hashMccMnc =[],strPlmn =hw_customized_networkType_entry
12-17 19:31:43.002  2852  2852 D DateTimeView: Change to single clock mode!
12-18 19:01:10.888   633 31875 I SDK     : <2016-12-18 19:01:10> [NOTICE] SDK: UE-SeC 2016-12-18 19:1:10:888 Level[NOTICE] magic[3359111456 6458]:FSM_Tool_TreatFolderEncEx => [START]: pcFileName [20161218_155601.log] 
12-17 21:33:14.672  5224  5224 I Step_LSC: 20002302|onStandStepChanged 69372
12-18 17:36:32.498  1795  1809 D NavigationBarPolicy: onFling::not valid gesture or touch plus on, false, return!
12-17 21:22:41.836 24266 24266 I DownloadEpisodeAdapter: [qiyi_LOG_INFO DownloadEpisodeAdapter] loadImage
12-18 17:44:10.371  1795 17958 I ActivityManager: cleanUpApplicationRecordLocked, pid: 18507, restart: false
12-18 07:00:04.257   828   898 E QC-time-services: Daemon: Time-services: Waiting to acceptconnection
12-18 15:57:09.190   633 14333 I SDK     : 
12-18 19:49:31.771  1795  3247 I NotificationManager: onNotificationExpansionChanged called
12-18 00:00:50.535   633 31870 I SDK     : <2016-12-18 00:00:50> [WARN] SDK: UE-SeC 2016-12-18 0:0:50:535 Level[WARN] magic[3362781472 684]:PubEvt_Close Getting a socket[15] from the Socket-table Failed!
12-17 23:18:42.217  2852  2852 I HwSignalClusterView: getOrInflateState subId:0
12-18 00:05:04.816   633 15299 I SDK     : 
12-18 16:01:18.314  1795  1795 I WifiProJNI: ######### GET RTT:3 ########
12-18 07:36:53.069  1795  2748 D HwAmbientLuxFilterAlgo: earliestValidTime + POWER_ON_DARKENING_LIGHT_DEBOUNCE
12-18 17:41:17.299 17137 17137 F DEBUG   :     #26 pc 00062c4b  /system/lib/libhwui.so
12-17 20:00:19.031  1795  2739 D HuaweiWifiWatchdogStateMachine:  loss[-82]=0%, volume=0
12-18 18:18:22.759  2852  2852 I HwSignalClusterView: getOrInflateState subId:0
12-17 20:03:32.680  2852  2852 I NotificationContentView: transferRemoteInputFocus: 0
12-17 23:02:16.994   633   692 I eSpaceService: Watch Thread{4481} WatchThread.onLoop(WatchThread.java:98) watch thread onLoop...--》 iWatched.doWatch() 
12-18 08:15:54.181 25329 25329 I wpa_supplicant: nl80211: deinit ifname=p2p0 disabled_11b_rates=0
12-18 17:40:08.996  3879  3892 I HwLauncher: ProviderCallUtils callBadge isCloned = false
12-18 05:26:30.510  1795  2323 E UsbDeviceManager: 	at android.os.UEventObserver$UEventThread.run(UEventObserver.java:187)
12-17 21:53:02.332  3608  3608 D InCall  : InCallActivity - onStart()... end
12-17 21:53:22.075  5224  5224 I Step_LSC: 20002302|compensate received
12-17 23:07:18.688  2852  2852 D HwCustMobileSignalControllerImpl: sub =0,strMccMnc =null,hashMccMnc =[],strPlmn =hw_show_lte
12-17 21:11:41.235  2852  3556 I HwMobileSignalController: mExtDataOld:ExtData [mMasterNetWorkType=3, mSlaveNetWorkType=0, mMasterNetWorkLevel=4, mSlaveNetWorkLevel=-1, mDataState=2, mDataActivity=4, mDataNetType=13] mExtData:ExtData [mMasterNetWorkType=3, mSlaveNetWorkType=0, mMasterNetWorkLevel=4, mSlaveNetWorkLevel=-1, mDataState=2, mDataActivity=0, mDataNetType=13]
12-17 22:42:47.730   633   692 I TCP     : tcp.recv{4488} TcpClientThread.onReceiverWork(TcpClientThread.java:300) recv error
12-17 22:52:52.558  1795 17831 I Sensor  : updateLightsLocked --> level:81, status:2
12-18 14:11:33.662   633 31870 I SDK     : 
12-17 21:57:58.362  1795  1821 I WindowManger_keyguard: Setting mDismissKeyguard true by win Window{e6a6b5e u0 com.android.incallui/com.android.incallui.InCallActivity}
12-18 14:12:47.207  5157  5157 I chromium: [INFO:CONSOLE(1)] "Uncaught SyntaxError: Unexpected token var", source:  (1)
12-18 14:13:05.908  1795  2671 V HwWifiServiceFactory: get AllImpl object = com.android.server.wifi.HwWifiServiceFactoryImpl@c332618
12-18 08:12:37.174  2852  3556 I NetworkController.MobileSignalController(0): onSignalStrengthsChanged signalStrength=SignalStrength: -1 0 -1 255 -1 255 -1 255 255 31 -83 -11 48 2147483647 2147483647 false gw|lte level=5 isSuspend=false levelOld=5,mSignalStrength level=5
12-18 08:22:59.018   802   802 E Thermal-daemon: [Thermal_Hw] temperature_filter: get invalid temperature, use old temp
12-17 20:40:52.338  1795  1795 I MQoS    : onSignal: mSubId=0,currDataSubID=0
12-18 17:41:51.769  2852  2852 I HwNotificationIconAreaController: showNotificationAll
12-18 08:17:28.021  1795  2396 D HwSecImmHelper: isPasswordInputType = false, inputType = 147457
12-17 19:57:06.428  2852  2852 W PanelView: set notification panel padding = 1914
12-18 15:32:56.563   633 31870 I SDK     : 
12-18 15:33:28.902 10334 10334 D wpa_supplicant: WPS: attr type=0x1044 len=1
12-18 17:31:04.511  2852  2852 I HwBrightnessController: onChange selfChange:false uri.toString():content://settings/system/screen_auto_brightness mIsObserveAutoBrightnessChange:true
12-17 21:48:23.908  1795  2376 I ActivityManager_broadcast: Enqueueing ordered broadcast[bgkeyapp] BroadcastRecord{c018943 u0 ALARM_ACTION(25103)}: prev had 6
12-17 20:49:06.452   633 31870 I SDK     : <2016-12-17 20:49:06> [WARN] SDK: UE-SeC 2016-12-17 20:49:6:452 Level[WARN] magic[3362781472 684]:PubEvt_Close Getting a socket[239] from the Socket-table Failed!
12-18 08:29:41.674  2852  2852 D NetWorkUtils: mVSimCurCardType is -1
12-18 11:24:03.417  1795  2323 E UsbDeviceManager: 	at android.os.FileUtils.readTextFile(FileUtils.java:267)
12-18 00:18:58.785  2852  2852 D HwCustMobileSignalControllerImpl: sub =0,strMccMnc =null,hashMccMnc =[],strPlmn =hw_show_4g
12-17 19:56:36.532  3626  3754 I LogDatabase: clearLog2 , eventidHead = 908000000eventidTail = 908999999
12-18 14:11:40.357  5994  5994 D wpa_supplicant: WPS: attr type=0x104a len=1
12-18 11:47:15.902  1795  1807 W NetworkManagement: setDataSaverMode(): already false
12-18 19:50:06.415  1795  1795 I SendBroadcastPermission: action:android.intent.action.SCREEN_ON, mPermissionType:0
12-18 07:53:49.003  1795  5350 I MQoS    : QOS_level:5(5),use RAT:4G;signalLvl:5
12-18 11:01:18.443  5224  5283 I Step_DataCache: 20002302|getTodayTotalSteps 5602
12-17 22:21:52.401  1795 15988 D PowerManagerService: release:lock=250029762, flg=0x0, tag="WakerLock:49171226", name=com.tencent.mm", ws=null, uid=10105, pid=25103
12-18 14:13:23.627  2883  2896 I HwSystemManager: HoldService:locationInfo switch is on . pid = 5157
12-17 22:25:39.621  7741  7758 D TmoMonitor: Cache monitor msg as screen_off
12-17 21:53:39.005  2852  2852 I HwBrightnessController: onChange selfChange:false uri.toString():content://settings/system/screen_auto_brightness mIsObserveAutoBrightnessChange:true
12-18 08:29:56.307  2852  2852 I HwPhoneStatusBarTransitions: setBackgroundAlpha:alpha=0.0
12-17 22:32:05.930  2852  3556 D NetworkController.MobileSignalController(0): mSimSubId:0 onDataActivity: direction=0
12-18 15:45:15.521  1795  2323 E UsbDeviceManager: 	at java.io.FileInputStream.open(Native Method)
12-17 21:18:14.852  2852  2852 D HwCustMobileSignalControllerImpl: isCurrentBySim()=false
12-18 14:15:01.409  5157  7378 W System.err: 	at java.net.PlainSocketImpl.socketConnect(Native Method)
12-18 08:20:58.890   802   802 E Thermal-daemon: [Thermal_Hw] temperature_filter: get invalid temperature, use old temp
12-17 22:42:41.129  3626  3626 E PTM.FileNodeInfo: getTempInfo error: null, 0
12-17 22:51:20.540  3218  3517 I QImsService: ImsSenderRxr : [UNSL]< UNSOL_SSAC_CHANGED org.codeaurora.ims.ImsQmiIF$SsacInfo@7e9d36d[SUB0]
12-18 09:19:39.910  1795  2748 D HwAmbientLuxFilterAlgo: t=138641874,BT=138642874,DT=138645874,BT1=138645874,DT1=138649874,Bn=false,Dn=false,lx=[359.0/138640370, 358.0/138640671, 346.0/138640971, 353.0/138641272, 362.0/138641573, 362.0/138641874],mLx=294.0,s=5.0,ss=0.6365411,AuIntervened=false,mProximityState=false,bLux=930.0,dLux=51.04001,bLux1=930.0,dLux1=51.04001
12-18 00:09:14.540  1795  1819 D NetworkManagement: notifyInterfaceClassActivity: client is android.net.INetworkManagementEventObserver$Stub$Proxy@af226
12-18 07:29:38.382 18657 18657 E GuideUserUseReceiver: action =android.net.conn.CONNECTIVITY_CHANGE
12-18 00:02:06.875   802   802 E Thermal-daemon: [Thermal_Hw] temperature_filter: get invalid temperature, use old temp
12-18 08:24:13.281  1795  1819 D NetworkManagement: notifyInterfaceClassActivity: client is com.android.server.connectivity.Tethering@ff4a50f
12-18 19:44:57.134  2852  2852 D HwCustMobileSignalControllerImpl: isCurrentBySim()=false
12-18 09:47:03.354  1795  2323 E UsbDeviceManager: 	at android.os.UEventObserver$UEventThread.sendEvent(UEventObserver.java:210)
12-18 09:47:33.497  1795  1795 I NotificationManager: enqueueNotificationInternal: n.getKey = 0|com.huawei.health|10010|null|10099
12-18 15:27:03.290  3626  3626 E PTM.FileNodeInfo: getTempInfo error: null, 0
12-17 19:58:43.201  3218  3218 D HuaweiTelephonyConfigs: fddn EVENT_GET_AD_DONE FDN_PS_CHECK:false ,FDN_PRELOAD_CACHE:true
12-18 00:19:05.119  2852  2852 D HwCustMobileSignalControllerImpl: isCurrentBySim()=false
12-18 19:28:08.093  1795 16499 D NetdConnector: SND -> {12726 firewall set_uid_rule standby 10029 deny}
12-18 08:08:05.443   633 23956 I SDK     : 
12-18 18:20:56.523  1795  2323 E UsbDeviceManager: Error reading charge file
12-18 08:28:13.822  1795  2778 D PowerManagerService: ready=true,policy=3,wakefulness=1,wksummary=0x0,uasummary=0x1,bootcompleted=true,boostinprogress=false,waitmodeenable=false,mode=true,manual=33,auto=-1,adj=0.0userId=0
12-18 14:11:40.322   633 31875 I SDK     : <2016-12-18 14:11:40> [NOTICE] SDK: UE-SeC 2016-12-18 14:11:40:322 Level[NOTICE] magic[3359111456 6458]:FSM_Tool_TreatFolderEncEx => [START]: pcFileName [20161218_141134.log] 
12-18 01:37:24.032  3626  3626 E PTM.FileNodeInfo: getTempInfo error: null, 0
12-18 00:03:50.804   633 31875 I SDK     : <2016-12-18 00:03:50> [NOTICE] SDK: UE-SeC 2016-12-18 0:3:50:804 Level[NOTICE] magic[3359111456 2326]:FSM_OpenFile => [START],Mode[r]
12-18 15:35:53.385  2852  2852 I HwSignalClusterView: apply hwPhoneState.mSubId:0 anyMobileVisible:false mIsAirplaneMode:false, mobileGroupVisible=true
12-18 08:14:44.068  1795  3139 D PowerManagerService: release:lock=104755983, flg=0x0, tag="RILJ_ACK_WL", name=com.android.phone", ws=null, uid=1001, pid=3218
12-17 21:26:00.005  2852  2852 I TimeManager: chinaDateTime:晚上9:26
12-17 22:33:22.745  1795  3110 D WindowManager: interceptKeyBeforeQueueing: key 4 , result : 1
12-18 07:57:02.966  2852  2852 D HwCust  : Create obj success use class android.app.HwCustNotificationImpl
12-18 14:46:02.403  1795  2685 D HwPFWLogger: AutoStartupDataMgr:isUnderControll third party not in whitelist: com.sina.weibo
12-18 08:27:07.971  2852  2852 I HwNotificationIconAreaController: showNotificationAll
12-18 00:12:56.824  1795  1795 I MQoS    : received cell-signal:5
12-18 14:22:42.973  1795  3111 I HwActivityManagerService: Split enqueueing broadcast [callerApp]:ProcessRecord{580cfb2 5224:com.huawei.health:DaemonService/u0a99}
12-18 18:27:28.623  1795  1795 I Sensor  : updateLight --> mIsNotificationExisting: false ledOnMS: 0 ledOffMS :0
12-17 23:05:22.871  2852  2914 I SimCardMethod: isCardAbsent slot:0 slotState:5
12-17 22:29:31.274  2852  2852 I HwBrightnessController: updateSlider1 seekBarProgress:0
12-17 21:52:36.282   835   835 V fingerprintd: authenticate(sid=0, gid=0)
12-18 07:41:01.901  2852  3556 I NetworkController.MobileSignalController(0): onSignalStrengthsChanged signalStrength=SignalStrength: -1 0 -1 255 -1 255 -1 255 255 19 -101 -8 108 2147483647 2147483647 false gw|lte level=4 isSuspend=false levelOld=4,mSignalStrength level=4
12-17 21:26:55.149  1795  1795 I qti_sensors_hal: 0x0, 0x0, 0x0, 0x0
12-18 14:12:11.193  5994  5994 D wpa_supplicant: CTRL-DEBUG: global_ctrl_sock-sendto: sock=16 sndbuf=229376 outq=0 send_len=48
12-18 08:16:37.111  3180  3578 I PacketsControl: not 3G net type. do nothing.
12-17 20:25:23.321  3382  3399 I SendBroadcastPermission: action:qualcomm.intent.action.ACTION_RAC_CHANGED, mPermissionType:0
12-17 19:34:58.750  2852  2852 I PhoneStatusBarPolicy: updateBluetooth:::setBluetoothBatteryEnable false.
12-18 14:14:12.097  1795  3110 I MediaProcessHandler: playingUids: 
12-17 23:22:00.010  2852  2852 I HwDateUtils:  formatChinaDateTime equals.
12-18 14:12:43.213  1795  2737 W WifiProJNI: poll before: g_monitor_fd =310
12-17 19:56:55.905  1795  1795 D HuaweiWifiWatchdogStateMachine: speed: rxpkt:0, rxSpd:0B/s, txpkt:0, txSpd:0
12-17 23:41:48.942  1795  2665 D NetdConnector: RCV <- {613 IfaceClass idle 0 457845303738178}
12-17 20:42:23.445  2852  2852 D NetWorkUtils: mVSimCurCardType is -1
12-17 20:53:00.048  2852  2852 I HwSignalClusterView: getOrInflateState subId:0
12-18 15:35:59.608 10228 11399 I HwSystemManager: HwAppPermissions:setSystemPermission grantRuntimePermissions fixed, to android.permission-group.LOCATION, filter size:0
12-18 15:39:22.281  1795  2739 D HuaweiWifiWatchdogStateMachine: detectNetworkAvailable: tcpRxPkts != 0, reset
12-18 18:11:22.824   633 31870 I SDK     : <2016-12-18 18:11:22> [WARN] SDK: UE-SeC 2016-12-18 18:11:22:824 Level[WARN] magic[3362781472 684]:PubEvt_Close Getting a socket[4] from the Socket-table Failed!
12-18 14:10:43.101  5157  5157 I chromium: [INFO:CONSOLE(1)] "Uncaught ReferenceError: WebViewJavascriptBridge is not defined", source:  (1)
12-18 14:11:39.261  1795  6038 E WifiMonitor: WifiMonitor:wlan0 cnt=31616 dispatchEvent: CTRL-EVENT-SCAN-STARTED 
12-18 09:41:22.982  2852  2852 I NotificationGroupManager: onEntryAdded:0|com.huawei.health|10010|null|10099, group=0|com.huawei.health|10010|null|10099
12-17 20:55:22.335  2852  2914 I SimCardMethod: isCardAbsent slot:0 slotState:5
12-18 14:12:37.721  5157  5157 I chromium: [INFO:CONSOLE(1)] "Uncaught SyntaxError: Unexpected token var", source:  (1)
12-17 21:20:49.273   633 31867 I SDK     : 
12-18 08:18:42.260 23480 23485 I art     : Increasing code cache capacity to 128KB
12-18 14:12:58.861  5157  5157 W cr_BindingManager: Cannot call determinedVisibility() - never saw a connection for the pid: 5157
12-18 15:35:32.343  1795  2671 D WifiStateMachine: handleScreenStateChanged: allow send scan results broadcast.
12-18 10:52:07.278   808   547 D QCameraParameters: int qcamera::QCameraParameters::getAETarget(void*, int*, int*) const lumaLowTarget=59, lumaHighTarget=59
12-18 10:55:14.889  1795  2750 D HW_DISPLAY_EFFECT: presently, hw_update_color_temp_for_rg_led interface not achieved.
12-18 08:07:24.922  2852  2852 I HwSignalClusterView: getOrInflateState subId:0
12-18 17:30:30.511  2852  2852 I NotificationGroupManager: onEntryUpdated:0|com.huawei.health|10010|null|10099
12-17 21:58:35.073   832  1840 E Parcel  : Reading a NULL string not supported here.
12-18 14:13:57.925  5157  5157 I chromium: [INFO:CONSOLE(1)] "Uncaught ReferenceError: WebViewJavascriptBridge is not defined", source:  (1)
12-18 07:35:43.825  1795 16498 I SendBroadcastPermission: action:android.intent.action.SIG_STR, mPermissionType:0
12-18 15:35:32.477  1795  2736 D hwintelligencewifi: getAuthType  networkId= 3 config.getAuthType() = 1
12-18 13:11:03.442  2852  2852 I StackScrollAlgorithm: updateDimmedActivatedHideSensitive overlap:false
12-17 23:29:59.536  1046  1125 V audio_hw_primary: out_get_latency: Latency 8
12-18 00:00:50.573   633 31870 I SDK     : <2016-12-18 00:00:50> [WARN] SDK: UE-SeC 2016-12-18 0:0:50:573 Level[WARN] magic[3362781472 684]:PubEvt_Close Getting a socket[226] from the Socket-table Failed!
12-17 21:58:02.432  1795  3249 D PowerManagerService: release:lock=184063844, flg=0x0, tag="NetworkStats", name=android", ws=null, uid=1000, pid=1795
12-17 19:35:15.932  1795  2376 I AlarmManager: Alarm triggering (type 0 or 2): [Alarm{1b9d568 type 2 when 443052295 android}]
12-18 14:10:51.272  5157  5157 W cr_BindingManager: Cannot call determinedVisibility() - never saw a connection for the pid: 5157
12-18 07:41:04.905  1795  1795 I MQoS    : onSignal: mSubId=0,currDataSubID=0
12-17 21:51:20.007  2852  2852 I StatusBar: onNotificationPosted: StatusBarNotification(pkg=com.huawei.health user=UserHandle{0} id=10010 tag=null key=0|com.huawei.health|10010|null|10099: Notification(pri=0 contentView=null vibrate=null sound=null defaults=0x0 flags=0x62 color=0x00000000 vis=PRIVATE)) important=2, post=1481982680003, when=1481531589202, vis=0, userid=0
12-18 14:15:19.999  7194  7208 I SendBroadcastPermission: action:com.huawei.android.push.intent.SOCKET_INFO, mPermissionType:0
12-18 17:33:04.927  5224  5283 I Step_ExtendStepDataManager: 20002302|before compensate: cache step_13897
12-18 15:35:57.623  1795  2709 I ActivityManager_service: retrieveServiceLocked, callerApp: ProcessRecord{34bf34f 0:system/1000}, flags: 10000400
12-17 22:24:52.392  1795  2668 D WifiP2pService: DefaultState{ when=0 what=143467 target=com.android.internal.util.StateMachine$SmHandler }
12-18 10:46:18.077  2852  2852 V KeyguardSecurityView: Container inflating id = 2130968798 : view Id 2132017669
12-18 15:34:50.524  2852  2852 I StatusBarIconView: updateTint: tint=1
12-18 14:08:22.004  2883  3107 I HwSystemManager: PermissionDbVisitor:insertHistoryRecord:HistoryRecord[packageName:com.sankuai.meituanhd,permissionType:8,action:11,dateStartTime:1481990400000,timestamp:1482041302003]
12-18 08:18:24.735  1795 15982 I ActivityManager: moveTaskToBack: TaskRecord{926b055 #383 A=com.tencent.mm U=0 StackId=1 sz=1}
12-18 19:49:14.676  1795  6988 I ActivityManager_service: retrieveServiceLocked, callerApp: ProcessRecord{bc1cd93 25067:com.huawei.betaclub/1000}, flags: 10000400
12-18 14:10:58.174  1795  3247 D PowerManagerService: Acquiring suspend blocker "PowerManagerService.WakeLocks".
12-18 16:01:05.468  1046  1125 I AudioTrackShared: server obtain null buf part1:0 rear:47231 front:47231 mFrameCount:12348
12-18 15:36:38.122 10334 10334 E wpa_supplicant: bssid=6c:59:40:40:56:3a;freq=2472;level=-53;flags=11;ssid=MERCURY_563A;
12-18 17:41:50.803  2852  2852 I StackScrollAlgorithm: updateClipping isOverlap:false
12-18 14:55:38.294  3218  3218 E QtiImsExtUtils: getConfigForPhoneId phoneId is invalid
12-17 21:26:00.790  2852  2852 D NetWorkUtils: mVSimCurCardType is -1
12-17 21:58:59.579  2852  2852 I PhoneStatusBar: addNotification key=0|com.android.incallui|2|null|1001
12-18 11:44:06.139  3218  3410 I  ctaifs <拨号>[拨号][com.android.phone]: [SmsProvider.delete]删除短信数据
12-18 08:06:02.177  2852  2852 I StackScrollAlgorithm: updateDimmedActivatedHideSensitive overlap:false
12-17 22:55:07.189   802   802 E Thermal-daemon: [Thermal_Hw] temperature_valid, battery : temperature is invalid, invalid temperatrue is 31
12-18 14:10:51.646  1795  2671 I ActivityManager_broadcast: Enqueueing ordered broadcast[background] BroadcastRecord{d56b311 u-1 android.net.wifi.WIFI_STATE_CHANGED}: prev had 1
12-18 14:37:08.005  3382  3399 D QcrilMsgTunnelSocket: readRilMessage: Buffer = [B@204bb9f HexData = [010000000404000012000000514f454d484f4f4b1d04080002000000ffff]
12-18 17:41:49.275  2852  2852 I HwMobileSignalController: notifyListenerHuawei::origin typeIcon:2130839195 icons.mName:4G isSuspend:false, showDataIcon=true, dataConnected=true, isRoaming=false
12-17 21:06:48.503  2852  3556 I NetworkController.MobileSignalController(0): 	to: connected=true,enabled=true,level=4,inetCondition=1,iconGroup=IconGroup(4G),activityIn=true,activityOut=true,rssi=0,lastModified=12-17 09:06:46,isRoaming=false,dataSim=true,networkName=中国移动,networkNameData=中国移动,dataConnected=true,isDefault=true,isEmergency=false,airplaneMode=false,carrierNetworkChangeMode=false,userSetup=true
12-18 14:36:03.100  5994  5994 D wpa_supplicant: CTRL_IFACE monitor sent successfully to /data/misc/wifi/sockets/wpa_ctrl_1795-202\x00
12-18 03:26:26.788  3168 19085 D HwRepairHelper: getRcvData() TimeLteLevelOther :  0
12-17 22:30:35.878   633 31870 I SDK     : <2016-12-17 22:30:35> [WARN] SDK: UE-SeC 2016-12-17 22:30:35:877 Level[WARN] magic[3362781472 684]:PubEvt_Close Getting a socket[115] from the Socket-table Failed!
12-18 15:42:48.240  1795  2377 I AwareLog: AwareMem_EventTracker: [POLLING_TIMEOUT_140968099] is abandoned for memory critical 801504 but policy can not execute
12-17 22:25:20.002   835  2385 E libteec : qsc_decode end
12-17 21:30:19.120  1795  2665 D NetdConnector: RCV <- {613 IfaceClass active 0 449955482793955 10105}
12-17 23:13:44.702  1795  2691 D HwConnectivityService: stopFilter m_filterIsStarted:false
12-17 20:11:41.600  5215  5215 D wpa_supplicant: WPS: attr type=0x1044 len=1
12-18 14:13:56.262  5157  5157 D test    : sending:{"handlerName":"getRegisteredJsHandler","callbackId":"java_cb_1","data":null}
12-17 23:21:36.276  7194  7208 W PushLog2824: 	at com.huawei.android.pushagent.utils.bastet.PushBastet.bR(Unknown Source)
12-18 18:35:43.151  2852  2852 D NetWorkUtils: mVSimCurCardType is -1
12-18 10:42:13.592  3180  3578 I PGServer: report state:6 event type:1 pid:0 uid:10102 pkg:com.huawei.espacev2 to pid: 1795
12-17 19:59:02.387  1795  2685 D HwPFWLogger: AutoStartupDataMgr:retrieveStartupSettings type 0 of com.huawei.remoteassistant is 0
12-18 00:12:37.419  1795 15901 I AwareLog: AwareMem_EventTracker: [POLLING_TIMEOUT_134245696] kill uid:10144, proc:com.huawei.bone
12-18 16:01:11.728 14448 14448 E HW-JPEG-DEC: [HME_JPEG_DEC_Delete](3298): HME_JPEG_DEC_Delete: decoder_ctx=null
12-17 19:40:23.423  2852  2852 V KeyguardUpdateMonitor: KGSvcFp onAuthenticationAcquired.0
12-18 08:23:46.132  2852  2852 I HwSignalClusterView: apply hwPhoneState.mSubId:0 anyMobileVisible:false mIsAirplaneMode:false, mobileGroupVisible=true
12-18 10:52:09.873   827   542 E mm-camera: ois_process: OIS_GET_VIBRATE_STATUS
12-18 18:25:02.759  1795 11745 V InputMethodManagerService: Client requesting input be hidden, pid=4492
12-17 23:50:39.662  1795  2750 D HW_DISPLAY_EFFECT: presently, hw_update_color_temp_for_rg_led interface not achieved.
12-17 21:03:29.026 28260 28260 D ActivityThread: ActivityThread,attachApplication
12-18 00:03:50.810   633 31868 I SDK     : 
12-17 20:49:06.453   633 31870 I SDK     : <2016-12-17 20:49:06> [WARN] SDK: UE-SeC 2016-12-17 20:49:6:453 Level[WARN] magic[3362781472 684]:PubEvt_Close Getting a socket[248] from the Socket-table Failed!
12-17 23:17:44.070  2852  2852 I HwSignalClusterView: getOrInflateState subId:0
12-18 10:54:49.717  2852  2852 W StatusBarWindowManager: Apply window without WALLPAPER
12-18 00:12:12.741  1795  2377 E ProcessInfoCollector: getProcessInfo: failed to find this proc 
12-17 20:11:44.874  2852  2852 I StatusBarIconView: updateTint: tint=0
12-18 09:24:55.747  5224  5283 I SendBroadcastPermission: action:android.com.huawei.bone.NOTIFY_SPORT_DATA, mPermissionType:0
12-17 21:05:21.403  2852  2852 I HwSignalClusterView: setMobileDataIndicatorsHuawei subId:0 visible:true strengthIcon:2130839311 typeIcon:2130839195 contentDescription:手机信号满格。 typeContentDescription:4G isTypeIconWide:true showActivity:true activityIn:true activityOut:true isRoaming:false
12-17 21:41:09.910   633 31870 I SDK     : 
12-17 23:19:26.854   633 31870 I SDK     : <2016-12-17 23:19:26> [WARN] SDK: UE-SeC 2016-12-17 23:19:26:854 Level[WARN] magic[3362781472 684]:PubEvt_Close Getting a socket[67] from the Socket-table Failed!
12-18 08:38:00.123  1795  1795 E qti_sensors_hal: read from oem info: x_offset=0.160831, y_offset=0.184366, z_offset=0.985027
12-17 22:05:44.342  1795  1825 I PowerManager_screenOn: PowerManagerNotifier onWakefulnessChangeStarted: wakefulness=0, reason=2, interactive=false, mInteractive=false, mInteractiveChanging=true
12-18 08:49:08.855  3180  3578 I ash     : Application com.baidu.input_huawei is depended by other app, delay to H!
12-18 13:11:03.371 18503 18503 I PlaceRecognitionService: onCreate
12-18 15:38:50.252 10334 10334 D wpa_supplicant: wlan0: Control interface command 'PKTCNT_POLL'
12-18 18:32:57.450  1046  1467 V APM_AudioPolicyManager: getOutput() device 2, stream 1, samplingRate 0, format 0, channelMask 3, flags 0
12-17 22:34:24.050   633   692 I ECS     : msg.recv{4490} XmlMsg.decodeBuf(XmlMsg.java:237) RECV 688 bytes [12]_00_03_02_01_08_05_88_9F_52_B7_5E_43 cmdCode(CC_QueryCorpContacts.0x0108)msgType(MT_ACK.2)msgClass(MC_PersonalInformation.1)sender(ST_Mobile.0)crypted(true)zipped(false)nobase64(true)length(684)version(3)sno(889F)
12-18 15:27:45.006  1795  1795 I qti_sensors_hal: enable,93:handle is 0, en is 1
12-18 17:56:04.392  1795 11747 I ActivityManager_activity: insertTaskAtTop, setTaskToReturnTo: fromHome=true,lastStackTop=TaskRecord{37babfb #297 A=com.huawei.android.launcher U=0 StackId=0 sz=1}, isHomeStack=false, topTask=TaskRecord{926b055 #383 A=com.tencent.mm U=0 StackId=1 sz=1}, task=TaskRecord{926b055 #383 A=com.tencent.mm U=0 StackId=1 sz=1}
12-18 08:34:48.615  3858  4126 I amsnl   : t:false, fl: false, p: 2147483647000, ce: true, we: false
12-17 23:55:59.664  2883  3847 I HwSystemManager: RemainingTimeSceneHelper:invalid condition, do not update time scene.
12-17 19:32:29.917  1795  2750 I QTI PowerHAL: Got set_interactive hint
12-18 11:44:07.130  1795  1805 D PowerManagerService: ready=true,policy=0,wakefulness=0,wksummary=0x1,uasummary=0x0,bootcompleted=true,boostinprogress=false,waitmodeenable=false,mode=true,manual=33,auto=-1,adj=0.0userId=0
12-17 20:31:04.188   633 31870 I SDK     : 
12-17 21:33:00.749  5224  5283 I Step_DataCache: 20002302|getTodayTotalSteps 7970
12-17 23:20:19.395   633 10886 I SDK     : <2016-12-17 23:20:19> [NOTICE] SDK: UE-SeC 2016-12-17 23:20:19:395 Level[NOTICE] magic[2333018400 7737]:CMTM_API_SendDNSRequestMsg , callback=CCAA8295, data=BC126B20,self =2333018400
12-17 23:14:55.438   633 31870 I SDK     : 
12-17 20:34:53.021 24266 24266 V chaunce : org.iqiyi.video.vote.b.aux.a()<-1> : checkVoteShowTime-->1156758
12-18 14:11:40.314  1795 16498 D PowerManagerService: Acquiring suspend blocker "PowerManagerService.WakeLocks".
12-18 15:27:47.647  9161  9161 I OUC_COTA: [main-1]RoamingParaCheckNewVersionHandler-- New version not available(/SilentDownloadService.java:104)
12-17 21:34:15.405  5224  5224 I Step_LSC: 20002302|compensate received
12-17 21:11:35.313 24802 24802 I nativeProcess: iqiyi message: ==== do something  executeCmd isProcessExist true =====
12-17 23:26:40.315  1795  1825 V KeyguardServiceDelegate: onScreenTurnedOn()
12-18 19:06:13.217  2852  2852 V KeyguardUpdateMonitor: RefreshBatteryInfo isBatteryLow: 84
12-17 20:29:09.507 31949 31967 I TCP     : tcp.recv{4790} TcpSocket.close(TcpSocket.java:158) shutdown output: java.net.SocketException: Socket is closed
12-18 15:34:56.712  1795  1795 I NotificationManager: enqueueNotificationInternal: n.getKey = 0|com.android.browser|1610612739|null|10029
12-17 21:52:16.378  1795  1795 D HwConnectivityService: pluggedStatus: 0
12-18 18:27:01.575 20973 20973 D ActivityThread: ActivityThread,attachApplication
12-18 18:27:57.020  2852  2852 D HwCustMobileSignalControllerImpl: isCurrentBySim()=false
12-18 17:30:10.919  1795 15155 I AwareLog: AwareMem_Kill: execute: killing count=2
12-17 20:29:07.075  3180  3578 I ash     : pkg null calling: com.huawei.espacev2, pid: 0 ,type: acquire_provider
12-18 07:36:23.568  1795  2748 D HwAmbientLuxFilterAlgo: earliestValidTime + POWER_ON_DARKENING_LIGHT_DEBOUNCE
12-18 16:01:11.304  2852  2852 I StackScrollAlgorithm: updateClipping isOverlap:true
12-17 23:14:55.420   633 31870 I SDK     : 
12-17 19:32:05.966  1795  2671 D WifiStateMachine:  L2ConnectedState !CMD_SET_SUSPEND_OPT_ENABLED  rt=123039138/442862329 0 0
12-17 22:25:16.816  1795  2748 D HwAmbientLuxFilterAlgo: earliestValidTime + POWER_ON_BRIGHTENING_LIGHT_DEBOUNCE
12-17 20:34:54.159  2852  2852 D HwCustMobileSignalControllerImpl: sub =0,strMccMnc =null,hashMccMnc =[],strPlmn =hw_customized_networkType_entry
12-18 18:32:02.927  1795  2737 W WifiProJNI: poll before: g_monitor_fd =310
12-18 14:13:31.418  2883  6116 I HwSystemManager: HoldService:locationInfo switch is on . pid = 5157
12-18 00:07:00.579  1795  2380 I PowerManager_screenOn: PowerManagerNotifier onUserActivity: event=2, uid=1000
12-17 23:07:13.033   802   802 E Thermal-daemon: [Thermal_Hw] temperature_filter: get invalid temperature, use old temp
12-17 21:59:19.668  2852  2852 D DateTimeView: Change to single clock mode!
12-17 21:26:53.786  2852  2852 W HwPhoneLayoutInflater: onCreateView : ClassNotFoundException, In this case we want to let the base class take a crack at it
12-18 14:12:27.288  5157  5157 D test    : sending:{"handlerName":"getRegisteredJsHandler","callbackId":"java_cb_1","data":null}
12-18 16:01:39.210   633 31870 I SDK     : <2016-12-18 16:01:39> [WARN] SDK: UE-SeC 2016-12-18 16:1:39:210 Level[WARN] magic[3362781472 684]:PubEvt_Close Getting a socket[213] from the Socket-table Failed!
12-18 18:41:02.158  3626  3626 E PTM.FileNodeInfo: getTempInfo error: null, 0
12-18 09:26:01.493   633   692 I TCP     : 	at com.huawei.ecs.mtk.util.SimpleThread.run(SimpleThread.java:42)
12-18 14:07:35.781  2883  2991 I HwSystemManager: PermissionDbVisitor:insertHistoryRecord:HistoryRecord[packageName:com.sankuai.meituanhd,permissionType:8,action:11,dateStartTime:1481990400000,timestamp:1482041255777]
12-18 18:30:32.664  2852  2852 I StackScrollAlgorithm: updateDimmedActivatedHideSensitive overlap:true
12-17 19:33:11.425  2852  2852 I QSContainer: updateQsState:false
12-18 14:14:14.270  1795  2381 D libfingersense_wrapper: Calling fingersense_touch_up()
12-17 21:11:05.988   633 31867 I SDK     : <2016-12-17 21:11:05> [NOTICE] SDK: UE-SeC 2016-12-17 21:11:5:988 Level[NOTICE] magic[3368294688 1955]:AnyOffice_ReconnectTunnel : L4VPN in use
12-18 18:32:57.622  3218  3439 I PhoneInterfaceManager: shouldBlockLocation  ret:false
12-18 00:16:00.848  2852  2852 D HwCustMobileSignalControllerImpl: sub =0,strMccMnc =null,hashMccMnc =[],strPlmn =hw_show_4g
12-18 14:07:41.608  1795  2381 D libfingersense_wrapper: Calling fingersense_classify_touch()
12-17 20:33:00.882 24266 24266 D VideoPlayerImpl: org.iqiyi.video.player.cv.ag()<-1> : current progress: progress= 1044586
12-17 21:26:56.369  1795  2371 E huawei_ProximitySensor_CPP_Test: ProximitySensor: 9 is far event,0 is close event,value = 9.000000
12-17 21:27:20.043  1795  2381 D WindowManager: interceptKeyTq keycode=26 interactive=true keyguardActive=false policyFlags=22000000 down true canceled false
12-18 17:30:08.718  1795  1805 I PowerManager_screenOn: PowerManagerNotifier onWakefulnessChangeStarted: wakefulness=1, reason=0, interactive=true, mInteractive=false, mInteractiveChanging=false
12-18 16:06:50.525  3218  3218 E HW-JPEG-DEC: [HME_JPEG_DEC_Delete](3298): HME_JPEG_DEC_Delete: decoder_ctx=null
12-17 23:12:08.521  2852  3556 I HwMobileSignalController: mExtDataOld:ExtData [mMasterNetWorkType=3, mSlaveNetWorkType=0, mMasterNetWorkLevel=4, mSlaveNetWorkLevel=-1, mDataState=2, mDataActivity=3, mDataNetType=13] mExtData:ExtData [mMasterNetWorkType=3, mSlaveNetWorkType=0, mMasterNetWorkLevel=4, mSlaveNetWorkLevel=-1, mDataState=2, mDataActivity=0, mDataNetType=13]
12-18 10:45:19.368  1795  2371 E LightSensor: read Events lux:667.0
12-17 20:34:33.248  1795  2748 D HwAmbientLuxFilterAlgo: t=124026946,BT=124027946,DT=124030946,BT1=124030946,DT1=124034946,Bn=false,Dn=false,lx=[8.0/124025442, 8.0/124025742, 8.0/124026043, 8.0/124026344, 8.0/124026645, 8.0/124026946],mLx=5.0,s=5.0,ss=0.0,AuIntervened=false,mProximityState=false,bLux=15.0,dLux=0.0,bLux1=15.0,dLux1=0.0
12-17 19:55:46.105  1795  1819 I SendBroadcastPermission: action:android.net.conn.DATA_ACTIVITY_CHANGE, mPermissionType:0
12-18 10:46:09.887  1795  2750 I HwLightsService: back light level before map = 3987
12-18 08:08:47.326   633 31867 I SDK     : 
12-18 14:11:29.548  5994  5994 D wpa_supplicant: CTRL-DEBUG: global_ctrl_sock-sendto: sock=16 sndbuf=229376 outq=0 send_len=3
12-18 09:11:55.223  2852  2852 I HwBrightnessController: onChange selfChange:false uri.toString():content://settings/system/screen_auto_brightness mIsObserveAutoBrightnessChange:true
12-17 20:13:17.150  2852  2852 I PhoneStatusBar: onStartedGoingToSleep
12-18 07:29:21.940  3858  4126 I amsnl   : m1: false
12-18 09:17:27.446  3879  4071 I HwLauncher: WeatherDynamicUpdater update before : mDrawingData[2] = num6:96, 192, 0
12-17 22:36:05.381  1795 16499 D HwPowerManagerService: wakeUpNoUpdateWithoutInteractiveLocked: eventTime=128453690, uid=10033
12-18 14:15:06.817  1795  1795 I WifiProJNI: ######### CMD_QUERY_PKTS ########
12-18 19:50:29.908   533  3739 E ANDR-PERF-MPCTL: Invalid profile no. 0, total profiles 0 only
12-17 23:16:05.618  1795  2323 E UsbDeviceManager: 	at java.io.FileInputStream.<init>(FileInputStream.java:146)
12-18 10:39:48.967 25067 25072 I art     : Increasing code cache capacity to 256KB
12-17 21:23:12.567 24266 24266 I PhoneMyMainPaoPaoGroupModel: [qiyi_LOG_INFO PhoneMyMainPaoPaoGroupModel]  paopaoUserAtoken= 45d84Xm2yW1vX4KASZGT6IaH2W2Icm1glBfwqzLF5DzVQ7hAaQm4
12-18 00:24:25.687  3168  3168 I CHR_TelStatusListenr1: writeSummaryFromParcelLocked, IRat:0, mWcdmaBandTimeLen:0
12-17 20:11:44.883  1795  1795 I NotificationManager: cancelNotification,index:-1
12-17 19:56:20.502  4492  4492 D CubicBezierInterpolator: CubicBezierInterpolator  mControlPoint1x = 0.23, mControlPoint1y = 0.06, mControlPoint2x = 0.09, mControlPoint2y = 0.97
12-18 16:01:03.703  3180  3578 I ash     : unproxy com.tencent.mm broadcast OK !
12-18 15:28:35.629  1795  6038 D HwWifiCHRStateManager: handleSupplicantStateChange updateAPMAC: 00:00:00:00:00:00
12-17 20:54:25.930  2852  2852 D HwCustMobileSignalControllerImpl: isCurrentBySim()=false
12-18 12:48:58.022  1795  1805 W ActivityManager: getRunningAppProcesses: caller 10102 does not hold REAL_GET_TASKS; limiting output
12-18 17:35:21.374  1795 20747 I ActivityManager_service: New app record ProcessRecord{5ce847b 16153:com.huawei.betaclub:loguploadservice/1000} thread=android.os.BinderProxy@76e1298 pid=16153 procname=com.huawei.betaclub:loguploadservice
12-17 22:42:27.075  3858  4126 I amsnl   : c: true, w: false, t: false, l: false
12-17 19:56:05.647   802   802 E Thermal-daemon: [ap] temp_new :30  temp_old :29
12-18 19:44:03.310  1795  2323 E UsbDeviceManager: 	at java.io.FileInputStream.<init>(FileInputStream.java:146)
12-17 21:03:17.356 24266 24266 D seekbar : org.iqiyi.video.ui.ci.onProgressChanged()<-1> : 当前进度：361317 缓冲大小:2322689 缓冲进度：2684006
12-18 08:20:45.464  2852  2852 I HwSignalClusterView: getOrInflateState subId:0
12-18 18:33:47.934  1795  2323 E UsbDeviceManager: 	at java.io.FileInputStream.open(Native Method)
12-18 14:13:15.451  5157  5157 D test    : sending:{"handlerName":"getRegisteredJsHandler","callbackId":"java_cb_1","data":null}
12-18 08:16:14.939  1795  2381 D libfingersense_wrapper: Calling fingersense_touch_up()
12-18 14:14:29.868  2852  2852 I TintImageView: sendEvent:action=1, flag=0
12-17 21:33:29.738  2852  2852 D HwCustMobileSignalControllerImpl: sub =0,strMccMnc =null,hashMccMnc =[],strPlmn =hw_mcc_mnc
12-17 19:59:38.372  1795  2671 D WifiStateMachine:  ConnectModeState SUPPLICANT_STATE_CHANGE_EVENT  rt=123348476/444514736 31410 0 SSID: Huawei-Employee BSSID: 80:38:bc:0b:28:e1 nid: 0 state: COMPLETED
12-18 15:36:03.776 10334 10334 D wpa_supplicant: wlan0: Event SCAN_RESULTS (3) received
12-18 18:31:58.143  2852  2852 I StackScrollAlgorithm: updateDimmedActivatedHideSensitive overlap:true
12-17 22:29:44.099  1795  2778 D PowerManagerService: ready=false,policy=3,wakefulness=1,wksummary=0x11,uasummary=0x1,bootcompleted=true,boostinprogress=false,waitmodeenable=false,mode=true,manual=33,auto=-1,adj=0.0userId=0
12-18 14:21:29.747  1795  2323 E UsbDeviceManager: 	at android.os.FileUtils.readTextFile(FileUtils.java:267)
12-18 19:50:05.164  2852  3344 D KeyguardViewMediator: notifyStartedGoingToSleep
12-18 08:44:15.161  2852  2852 D NetWorkUtils: mVSimCurCardType is -1
12-18 10:52:06.186   827   556 I mm-camera: <IFACE >< INFO> 553: iface_dump_axi_plane_config:     AXI DUMP Axi_src: RDI_0 hw_stream width 4656, height 2
12-17 19:56:22.402  1795  1825 I PowerManager_screenOn: DisplayPowerController updatePowerState mPendingRequestLocked=policy=BRIGHT, useProximitySensor=false, useProximitySensorbyPhone=true, screenBrightness=33, screenAutoBrightnessAdjustment=0.0, brightnessSetByUser=true, useAutoBrightness=true, blockScreenOn=false, lowPowerMode=false, boostScreenBrightness=false, dozeScreenBrightness=-1, dozeScreenState=UNKNOWN, useTwilight=false, useSmartBacklight=true, brightnessWaitMode=false, brightnessWaitRet=true, screenAutoBrightness=-1, userId=0
12-18 10:52:08.711   808   547 D [HWCamera] IppAlgoSmartAE: void android::IppAlgoSmartAE::debugHdrAndSmartHdr() debugFlag = -1
12-18 14:11:19.550  5994  5994 D wpa_supplicant: random_mix_pool - hexdump(len=16): [REMOVED]
12-18 15:36:11.934  2883  3756 I HwSystemManager: PermissionDbVisitor:insertHistoryRecord:HistoryRecord[packageName:com.sankuai.meituan,permissionType:8,action:11,dateStartTime:1481990400000,timestamp:1482046571921]
12-17 21:47:50.076  2852  2852 I HwNotificationIconAreaController: showNotificationAll
12-17 19:31:57.171  1795  1795 I TrafficMonitor: start expired. level:-1
12-18 10:56:54.871  4492  4492 V ActivityThread: ActivityThread,callActivityOnCreate
12-17 23:13:38.493  1795  6988 I AlarmManager: remove(PendingIntent{5abdb8c: PendingIntentRecord{47b3a9c com.tencent.mm broadcastIntent}}) changed bounds; rebatching
12-18 00:18:04.013  1795  1795 I MQoS    : received cell-signal:5
12-18 09:18:38.958  5224  5283 I SendBroadcastPermission: action:android.com.huawei.bone.NOTIFY_SPORT_DATA, mPermissionType:0
12-17 23:57:41.859   633 31870 I SDK     : 
12-18 07:34:18.988  1795  1819 D NetworkManagement: notifyInterfaceClassActivity: client is android.net.INetworkManagementEventObserver$Stub$Proxy@c0acf8b
12-17 21:59:18.866  2852  2852 I NotificationGroupManager: summary = null
12-18 15:28:36.212  5994  5994 D wpa_supplicant: random pool - hexdump(len=128): [REMOVED]
12-17 21:58:34.676  1795  1795 D WifiProStatisticsManager: sendScreenOnEvent enter.
12-18 15:38:28.631 10334 10334 D wpa_supplicant: WPS: attr type=0x1049 len=6
12-17 21:52:24.088  1795  2750 I HwLightsService: back light level before map = 0
12-18 07:30:37.732  2852  2852 I HwSignalClusterView: getOrInflateState subId:0
12-18 18:23:55.470  2852  2852 I HwBrightnessController: updateSlider2 seekBarProgress:1135
12-18 17:33:26.913  1795  1819 D NetworkManagement: notifyInterfaceClassActivity: client is com.android.server.net.NetworkStatsService$6@5d6efc
12-18 07:57:54.274  1795  3247 D HwPFWLogger: AutoStartupDataMgr:retrieveStartupSettings type 0 of cn.wps.moffice_eng is 0
12-18 10:59:51.954  2852  2852 E DateLunarView: mDateString is: 12月18日星期日
12-18 10:46:18.010  1795  1795 D HwConnectivityService: CtrlSocket Receiver,disable: false locked: false action: android.intent.action.SCREEN_OFF mSmartKeyguardLevel: normal_level mStartPowerSaving: false
12-18 15:36:07.687 12127 12127 E HW-JPEG-DEC: [HME_JPEG_DEC_Delete](3298): HME_JPEG_DEC_Delete: decoder_ctx=null
12-17 21:54:59.507  1795  1795 V NotificationService: disableEffects=null canInterrupt=false once update: false
12-17 23:19:08.636  2852  2852 I KeyguardUpdateMonitor: authenticate by 0 mode!
12-18 08:10:13.770  2852  2852 D HwCustMobileSignalControllerImpl: sub =0,strMccMnc =null,hashMccMnc =[],strPlmn =hw_customized_networkType_entry
12-17 21:54:59.983  3180  3332 I BatteryMonitor: screen off: 0s, awake: 0s wakeups: 0, battery changed: 0
12-17 21:50:50.648  1795  3364 D Telecom : Ringer: mStopRingNeeded is false: ICA.aC->CAMSM.pM_2004@FD0_0
12-17 21:26:57.514 28233 28233 D MagicLink: MagicLink2-BroadcastReceiver:====>ACTION_SCREEN_ON
12-17 22:37:58.549  3382  3399 D QcrilMsgTunnelSocket: Rcvd UNSOL response with 28 bytes data for SUB0
12-18 12:39:36.149  3951  3969 E SQLiteDatabase: Failed to open database '/storage/emulated/0/baidu/tempdata/ls.db'.
12-18 18:25:46.170  1795  1809 I WindowManager: onProposedRotationChanged, rotation=0
12-18 07:34:57.448  1795  2748 D HwAmbientLuxFilterAlgo: earliestValidTime + POWER_ON_DARKENING_LIGHT_DEBOUNCE
12-18 19:49:31.961  1795  6988 I AlarmManager: remove(PendingIntent{6b900eb: PendingIntentRecord{a0dcf42 com.android.phone broadcastIntent}}) changed bounds; rebatching
12-17 20:15:42.782   633 31870 I SDK     : <2016-12-17 20:15:42> [WARN] SDK: UE-SeC 2016-12-17 20:15:42:782 Level[WARN] magic[3362781472 684]:PubEvt_Close Getting a socket[178] from the Socket-table Failed!
12-17 23:24:03.220  2852  2852 W HwBackDropView: setDrawBehindAsSrc skipped. null
12-17 19:32:33.767  7741  7758 D TmoMonitor: Cache monitor msg as screen_off
12-18 14:11:30.501  1795  2671 D HwPFWLogger: AutoStartupDataMgr:isUnderControll third party not in whitelist: com.huawei.gamebox
12-18 11:31:00.469  3118 23600 I ctaifs<HwIndexSearchService>[HwIndexSearchService][com.huawei.indexsearch]: [queryLocal] Query Contacts
12-18 15:39:33.535  1795  2671 V HwWifiServiceFactory: get AllImpl object = com.android.server.wifi.HwWifiServiceFactoryImpl@c332618
12-18 19:49:56.492 26052 26052 E HwOUC   : [main-1]isAllFirmwareInSameStatus cacheContents is null, return false(/HwOucUtility.java:4781)
12-17 23:11:29.807  2852  2925 V AudioManager: isStreamMute   streamType: 2
12-18 13:11:03.554  2852  3556 D HwNetworkControllerImpl: updateWifiState: intent=act:android.net.conn.CONNECTIVITY_CHANGE  flag:67108880 *=* networkType=0 reason=specificDisabled inetCondition=0 extraInfo=cmnet noConnectivity=true 
12-17 20:19:34.448  1795  1795 D DeviceIdleController: Moved from LIGHT_STATE_ACTIVE to LIGHT_STATE_INACTIVE
12-18 14:12:52.400  5157  5157 W cr_BindingManager: Cannot call determinedVisibility() - never saw a connection for the pid: 5157
12-17 21:51:02.117  2852  2852 I HwPhoneStatusBar: updateNotificationShade
12-18 15:27:50.017   633 31869 I SDK     : 
12-18 08:20:02.858  1795  2381 D libfingersense_wrapper: Calling fingersense_touch_up()
12-17 23:01:05.934  2852  2852 W StatusBarWindowManager: Apply window Height 72
12-18 14:12:13.131  5157  5157 W cr_BindingManager: Cannot call determinedVisibility() - never saw a connection for the pid: 5157
12-18 11:01:14.528  5224  5283 I Step_DataCache: 20002302|getTodayTotalSteps 5596
12-17 21:27:05.097  3168  3330 I SendBroadcastPermission: action:com.android.huawei.broadcast.HwRepairHelper, mPermissionType:0
12-17 19:50:30.883  3180  3578 I ash     : Application com.baidu.input_huawei is depended by other app, delay to H!
12-17 21:27:13.653  5224  5224 I Step_LSC: 20002302|onStandStepChanged 68457
12-18 18:21:45.213  5224  5283 I Step_SharedPerferenceUtils: 20002302|setTodayTotalDetailSteps to Prefence todaySendorSteps=1482056400000##14353##185354##0##0##525043939
12-17 23:17:32.142  1795  2376 I AlarmManager: set again repeat alarm: next ,nextElapsed = 457274776,repeatInterval = 900000
12-18 18:29:45.641  1795  1808 I ActivityManager_broadcast: dispatch ordered broadcast [foreground] BroadcastRecord{f86b96c u0 com.android.internal.telephony.data-stall}, has 2 receivers
12-18 14:10:54.060   533  3739 E ANDR-PERF-MPCTL: Invalid profile no. 0, total profiles 0 only
12-18 07:38:04.372  1795  1819 D NetworkManagement: notifyInterfaceClassActivity: client is com.android.server.net.NetworkStatsService$6@5d6efc
12-17 21:53:18.895  2852  2852 I HwBrightnessController: onChange selfChange:false uri.toString():content://settings/system/screen_auto_brightness mIsObserveAutoBrightnessChange:true
12-18 18:25:32.397  1795  2381 D libfingersense_wrapper: Calling fingersense_touch_up()
12-17 21:18:02.470 24266 24266 V chaunce : org.iqiyi.video.vote.b.aux.a()<-1> : checkVoteShowTime-->1246467
12-17 23:11:29.812  1795 17832 D PowerManagerService: acquire lock=125952336, flags=0x1, tag="AudioMix", name=audioserver, ws=null, uid=1041, pid=0
12-18 09:12:00.609  2852  2852 I RecentsTaskLoadPlan: to show tasks size is 20
12-17 19:59:35.292  1795  2323 D HwBatteryService: onUEvent fcpStatus = 0,scpStatus =0,ovpStatus=0
12-18 19:49:26.304  1046  2703 V APM_AudioPolicyManager: setStreamMute() stream 1, mute 0, mMuteCount 1 device 0001
12-18 07:36:19.351  1795  2748 D HwAmbientLuxFilterAlgo: earliestValidTime + POWER_ON_DARKENING_LIGHT_DEBOUNCE
12-18 07:15:51.783   606  2379 E libteec : send data return = 128
12-18 07:46:40.195   633 31870 I SDK     : 
12-18 08:09:20.085  2852  2914 I SimCardMethod: isCardAbsent slot:0 slotState:5
12-18 15:21:56.969  5224  5283 I Step_ExtendStepDataManager: 20002302|after compensate: cache step_12773
12-18 01:26:22.227  3218  3517 I QImsService: ImsSenderRxr :  networkMode = 14 status = 2 restrictCause = 0 registered = 1[SUB0]
12-18 15:29:50.652   633  9941 I SDK     : 
12-17 23:06:33.468  2852  2914 I HwMobileSignalController: subId:0 phoneType:1 networktype:13 targetClass:3 masterLevel:4 slaveLevel:-1
12-18 06:56:32.080  3168  3307 E CHR_ProtocolLogManager: Unable to get wifi info  or wifi is not open!!!
12-18 10:52:52.032  2852  2852 I NotificationGroupManager: collapseAllGroups:
12-17 22:30:32.878  3218  3422 D PhoneInterfaceManager: [PhoneIntfMgr] getDataEnabled: subId=0 phoneId=0
12-18 07:30:14.967 17357 17357 E HW-JPEG-DEC: [HME_JPEG_DEC_Delete](3298): HME_JPEG_DEC_Delete: decoder_ctx=null
12-18 14:11:29.255  1795  2671 D WifiStateMachine:  DisconnectedState !CMD_TARGET_BSSID  rt=139808380/510027981 31590 0 Target=any roam=false
12-17 19:58:56.721  5215  5215 D wpa_supplicant: CTRL-DEBUG: global_ctrl_sock-sendto: sock=16 sndbuf=229376 outq=0 send_len=14
12-17 20:15:46.060   633   692 I eSpaceService: LoginThread{6171} LoginC.doLoginByStep(LoginC.java:203) Login_By_Step-> at KeyExchangeOK
12-18 19:25:31.091  2852  2852 I HwBrightnessUtils:  getSeekBarProgress isAutoMode:true current brightness:9 percentage:0.11354411
12-17 22:30:35.853   633 31870 I SDK     : <2016-12-17 22:30:35> [WARN] SDK: UE-SeC 2016-12-17 22:30:35:853 Level[WARN] magic[3362781472 684]:PubEvt_Close Getting a socket[15] from the Socket-table Failed!
12-17 20:35:00.025  2852  2852 I EventCenter: EventCenter Get :android.intent.action.TIME_TICK
12-17 23:18:24.111  2852  2852 D HwCustMobileSignalControllerImpl: isCurrentBySim()=false
12-17 21:32:23.183  2852  2852 I StatusBarIconView: updateTint: tint=1
12-18 13:27:18.234  1795  3225 I NotificationManager: enqueueNotificationInternal: pkg=com.huawei.health id=10010 notification=Notification(pri=0 contentView=null vibrate=null sound=null defaults=0x0 flags=0x2 color=0x00000000 vis=PRIVATE)
12-18 08:21:37.722  2852  2852 I HwSignalClusterView: getOrInflateState subId:0
12-18 17:35:22.756  1795  3238 I HwActivityManagerService: Split enqueueing broadcast [callerApp]:ProcessRecord{83674d7 12096:com.huawei.android.totemweather/u0a28}
12-18 14:14:21.172  1795  1795 D HuaweiWifiWatchdogStateMachine: 88:25:93:48:47:0c current RTT[-65]=740, volume=138
12-18 18:28:52.202  3858  4126 I amsnl   : t:false, fl: false, p: 2147483647000, ce: true, we: false
12-17 20:07:07.566  2852  2852 I KgBattery: BatteryInfo updated:  3lpc-1
12-17 23:10:20.397  1795  2326 W HwFingerprintService: checkNeedLivenessList:start
12-18 07:44:19.754  3858  4126 I amsnl   : t:false, fl: false, p: 2147483647000, ce: true, we: false
12-18 08:44:06.348   633 31870 I SDK     : 
12-17 20:31:06.773  2852  2852 I HwSignalClusterView: apply hwPhoneState.mSubId:0 anyMobileVisible:false mIsAirplaneMode:false, mobileGroupVisible=true
12-17 20:37:25.371  2852  2852 D HwCustMobileSignalControllerImpl: isCurrentBySim()=false
12-18 00:17:03.104  2852  2852 D NetWorkUtils: is3GCalling is false,mCdmaSlot is -1
12-17 20:56:08.760 24266 24266 I qiyippsplay: org.iqiyi.video.ui.bf.h()<-1> : 当前时间2432613
12-18 14:10:57.131  5157  5201 D TelephonyManager: getNeighboringCellInfo calling app is com.sankuai.meituanhd
12-18 00:24:21.548 18503 18503 E HW-JPEG-DEC: [HME_JPEG_DEC_Delete](3298): HME_JPEG_DEC_Delete: decoder_ctx=null
12-18 09:12:03.159  2852  2852 W WallpaperPagerAdapter: loadPagerImageView loadType:1 mCurrentPosition:1073741823
12-18 15:28:49.975  3218  8966 W PhoneInterfaceManager: shouldBlockLocation running ...
12-18 18:08:13.316  1795  3247 D PowerManagerService: ready=true,policy=0,wakefulness=0,wksummary=0x1,uasummary=0x0,bootcompleted=true,boostinprogress=false,waitmodeenable=false,mode=true,manual=33,auto=-1,adj=0.0userId=0
12-17 19:56:38.712  5224  5283 I Step_HSNH: 20002302|rebuild notification
12-17 23:15:19.583  2852  2852 D NetWorkUtils: mVSimCurCardType is -1
12-18 09:11:43.024  5224  5283 I Step_LSC: 20002302|calculateCaloriesWithCache datas.size=9192
12-17 21:14:31.208 24266 24266 D VideoPlayerImpl: org.iqiyi.video.player.cv.ag()<-1> : current progress: progress= 1035151
12-18 15:33:19.243 10334 10334 D wpa_supplicant: WPA: set AP WPA IE - hexdump(len=24): dd 16 00 50 f2 01 01 00 00 50 f2 04 01 00 00 50 f2 04 01 00 00 50 f2 02
12-17 20:14:31.735  1795  2323 E UsbDeviceManager: 	at android.os.UEventObserver$UEventThread.sendEvent(UEventObserver.java:210)
12-18 09:12:03.622  2852  2852 I BarTransitions.HwPhoneStatusBarView: transitionTo: mode=MODE_TRANSLUCENT, animate=false
12-18 09:40:19.056  1795  1805 I AlarmManager: set(PendingIntent{b31e098: PendingIntentRecord{3c38496 android broadcastIntent}}) : type=0 triggerAtTime=1482025819055 win=0 tElapsed=494357782 maxElapsed=494357782 interval=0 flags=0x9
12-18 08:23:39.579  2852  2852 I NotificationContentView: transferRemoteInputFocus: 0
12-17 20:56:03.707 24266 24266 D seekbar : org.iqiyi.video.ui.ci.onProgressChanged()<-1> : 当前进度：2427435 缓冲大小:340837 缓冲进度：2768272
12-18 18:23:54.252  2852  2852 D HwPhoneStatusBar: No peeking: not allowed notification: 0|com.sankuai.meituan|2147483647|null|10146
12-18 16:36:09.831  2883  2996 I HwSystemManager: NormalTrafficAnalysis:alert byte = 0 last alert byte = 1080299453
12-17 20:55:49.562 24266 24266 V chaunce : org.iqiyi.video.vote.b.aux.a()<-1> : checkVoteShowTime--hideVoteView
12-18 00:04:57.735  2852  2852 I StackScrollAlgorithm: updateClipping isOverlap:false
12-18 08:18:04.364  2852  2852 I HwSignalClusterView: apply hwPhoneState.mSubId:0 anyMobileVisible:false mIsAirplaneMode:false, mobileGroupVisible=true
12-18 08:45:42.037  3382  3399 D QcrilMsgTunnelSocket: readRilMessage: Buffer = [B@204bb9f HexData = [010000000404000011000000514f454d484f4f4bfa0308000100000000]
12-17 20:12:45.197  1795  1805 D PowerManagerService: ready=true,policy=3,wakefulness=1,wksummary=0x0,uasummary=0x1,bootcompleted=true,boostinprogress=false,waitmodeenable=false,mode=true,manual=33,auto=-1,adj=0.0userId=0
12-18 18:31:48.495  1795  1809 I MultiTaskManagerService: onProcessDied pid = 22478, uid = 10146
12-17 20:45:07.239  3218  3218 E HW-JPEG-DEC: [HME_JPEG_DEC_Delete](3298): HME_JPEG_DEC_Delete: decoder_ctx=null
12-17 23:13:44.978   633 31870 I SDK     : 
12-18 15:36:58.530  3180  3578 I ash     : perform running actions!
12-18 18:16:03.495  3168 19692 D HwRepairHelper: update()   updated:  02
12-17 19:31:45.156  2852  2852 W HwLockScreenReporter: report result = falsereport type:162 msg:{picture: Deepwater-05-2.3.001-bigpicture_05_8.jpg, channelId: 05}
12-18 09:09:56.375  3626  3626 E PTM.FileNodeInfo: getTempInfo error: null, 0
12-18 00:14:02.432  2852  2852 D NetWorkUtils: mVSimCurCardType is -1
12-17 21:07:37.930  2852  2852 D HwCustMobileSignalControllerImpl: isCurrentBySim()=false
12-18 14:20:55.960  3382  3399 D QcrilMsgTunnelSocket: Rcvd UNSOL response with 28 bytes data for SUB0
12-18 15:42:48.949  2852  2914 I HwMobileSignalController: subId:0 phoneType:1 networktype:13 targetClass:3 masterLevel:5 slaveLevel:-1
12-17 20:57:20.166  1795  1795 I MQoS    : onSignal: mSubId=0,currDataSubID=0
12-17 22:29:31.526  1795  1795 I qti_sensors_hal: 0x0, 0x0, 0x0, 0x0
12-17 21:32:22.996  1795 16500 I HwActivityManagerService: Split enqueueing broadcast [callerApp]:ProcessRecord{580cfb2 5224:com.huawei.health:DaemonService/u0a99}
12-17 20:18:52.802  2852  2852 I HwPhoneStatusBar: updateNotificationShade
12-18 08:26:58.647  1795  2736 E hwintelligencewifi: getCurrentCellid PHONE_TYPE_GSM cellidString = 46000205846913
12-17 22:53:03.425   633 31870 I SDK     : <2016-12-17 22:53:03> [WARN] SDK: UE-SeC 2016-12-17 22:53:3:425 Level[WARN] magic[3362781472 684]:PubEvt_Close Getting a socket[89] from the Socket-table Failed!
12-17 22:30:35.535   633 31870 I SDK     : <2016-12-17 22:30:35> [WARN] SDK: UE-SeC 2016-12-17 22:30:35:535 Level[WARN] magic[3362781472 684]:PubEvt_Close Getting a socket[36] from the Socket-table Failed!
12-17 22:54:12.253  3858  4126 I amsnl   : t:false, fl: false, p: 2147483647000, ce: true, we: false
12-18 00:15:36.755  1795 15982 D PowerManagerService: ready=true,policy=3,wakefulness=1,wksummary=0x0,uasummary=0x1,bootcompleted=true,boostinprogress=false,waitmodeenable=false,mode=true,manual=33,auto=-1,adj=0.0userId=0
12-18 15:33:30.235  1795  3253 I PowerManager_screenOn: HwPhoneWindowManager has intercept Key : 4, isdown : true, flags : 72
12-18 07:57:02.467  2852  2852 I Tile.RotationLockTile: refreshState=rotation, BooleanState[,icon=ResourceIcon[resId=0x7f0202ed],label=自动旋转,labelTint=1,textChangedDelay=400,contentDescription=自动旋转屏幕,dualLabelContentDescription=null,minimalContentDescription=null,minimalAccessibilityClassName=android.widget.Switch,expandedAccessibilityClassName=android.widget.Switch,autoMirrorDrawable=false,disabledByPolicy=false,enforcedAdmin=null,value=true]
12-18 18:26:45.168  2852  2852 D HwCustMobileSignalControllerImpl: isCurrentBySim()=false
12-17 23:29:49.246  1795  2326 D PowerManagerService: userActivityNoUpdateLocked: eventTime=131677556, event=2, flags=0x0, uid=1000
12-18 08:44:06.345   633 31870 I SDK     : 
12-17 19:35:00.157  1795 11745 I ActivityManager_activity: insertTaskAtTop, setTaskToReturnTo: fromHome=true,lastStackTop=TaskRecord{37babfb #297 A=com.huawei.android.launcher U=0 StackId=0 sz=1}, isHomeStack=false, topTask=TaskRecord{926b055 #383 A=com.tencent.mm U=0 StackId=1 sz=1}, task=TaskRecord{926b055 #383 A=com.tencent.mm U=0 StackId=1 sz=1}
12-17 20:11:46.731   633 31870 I SDK     : <2016-12-17 20:11:46> [WARN] SDK: UE-SeC 2016-12-17 20:11:46:731 Level[WARN] magic[3362781472 684]:PubEvt_Close Getting a socket[135] from the Socket-table Failed!
12-17 19:33:11.100  1795 11747 E qti_sensors_hal: Final value: x_offset=0.160831, y_offset=0.184366, z_offset=0.985027
12-17 23:17:30.661  1795  6988 D FingerprintService:  Remaining Num Attempts = 5
12-17 22:33:36.419  2852  2852 D TintTextView: #B3FFFFFF com.android.systemui.tint.TintTextView{f83e2df V.ED..... ......ID 0,1-66,43 #7f1401be app:id/battery_outside_percent}
12-18 10:44:42.038   802   802 E Thermal-daemon: [charger_ic] temp_new :27  temp_old :28
12-17 21:58:41.969   606  2379 E libteec : qsc_send_cmd finish
12-18 18:51:32.729  3218  3375 I SendBroadcastPermission: action:com.huawei.android.intent.action.RAC_CHANGED, mPermissionType:0
12-17 21:02:51.324 24266 24266 I qiyippsplay: org.iqiyi.video.ui.bf.h()<-1> : 当前时间335201
12-18 11:27:10.573   633 31870 I SDK     : 
12-18 07:29:23.262  1795  3121 I ActivityManager_broadcast: Enqueueing ordered broadcast[background] BroadcastRecord{8bccd95 u-1 com.android.systemui.statusbar.visible.change}: prev had 0
12-18 18:31:35.053  5224  5283 I Step_ExtendStepDataManager: 20002302|after compensate: cache step_14424
12-18 10:50:46.023  1795  1819 D NetworkManagement: notifyInterfaceClassActivity: client is android.net.INetworkManagementEventObserver$Stub$Proxy@c0acf8b
12-18 19:01:10.873   633 31868 I SDK     : 
12-18 18:26:26.412  2852  2852 D StatusBar: No peeking: unimportant notification: 0|com.huawei.health|10010|null|10099
12-18 08:17:39.367  1795 16501 D PowerManagerService: Acquiring suspend blocker "PowerManagerService.WakeLocks".
12-18 19:50:14.522  2852  2852 I ToggleSlider:  mSeekListener onProgressChanged progress:2167 fromUser:false
12-17 21:26:56.197  1795  1808 I ActivityManager_broadcast: dispatch ordered broadcast [foreground] BroadcastRecord{dddac06 u-1 android.intent.action.SCREEN_ON}, has 58 receivers
12-17 23:11:30.064  1795 17831 D PowerManagerService: release:lock=41417908, flg=0x0, tag="eventloop", name=android", ws=null, uid=1000, pid=7194
12-18 07:29:37.841  1795 19871 I GnssLocationProvider: WakeLock acquired by sendMessage(10, 0, null)
12-17 23:15:57.827 30820 30820 I HwSystemManager: AutoCleanService:checkAutoCleanTime failed, diffTime:2467346
12-18 18:25:04.858  1795  3121 V SecInputMethodManagerService: Client requesting input be hidden, pid=4492
12-18 17:35:46.252  2852  2852 D HwCustMobileSignalControllerImpl: sub =0,strMccMnc =null,hashMccMnc =[],strPlmn =hw_show_4g
12-18 14:12:14.615  5157  5157 W cr_BindingManager: Cannot call determinedVisibility() - never saw a connection for the pid: 5157
12-17 21:27:04.889  7741  7741 E Mms_TXM_SVC: removeCallbacksAndMessages start 
12-17 23:24:08.585  1795  2396 D SmartHeartBeat: setAlarmsPending ...
12-18 18:57:56.972  1795  2323 E UsbDeviceManager: 	at com.android.server.usb.UsbDeviceManager$2.onUEvent(UsbDeviceManager.java:328)
12-17 23:10:14.523  2852  2852 D HwCustMobileSignalControllerImpl: isCurrentBySim()=false
12-18 10:40:11.588  2852  2914 I SendBroadcastPermission: action:com.android.systemui.statusbar.visible.change, mPermissionType:0
12-17 21:18:39.513 24266 24266 D VideoPlayerImpl: org.iqiyi.video.player.cv.ag()<-1> : current progress: progress= 1283434
12-18 15:29:47.188   633   692 I TCP     : tcp.recv{4488} TcpClientThread.onReceiverWork(TcpClientThread.java:307) get tcp message 28
12-18 07:15:22.947   606  2379 E libteec : qsc_send_cmd finish
12-18 12:48:48.932  7194  7208 I PushLog2824: [ReceiverDispatcher-336]resetBastet(android/null:-1)
12-18 17:42:13.432  2852  2852 D HwCustMobileSignalControllerImpl: sub =0,strMccMnc =null,hashMccMnc =[],strPlmn =hw_mcc_mnc
12-18 19:50:09.900   835  2385 E libteec : begin
12-18 18:30:52.884  1795  2737 D WifiProJNI: Received kernel message payload: event 0
12-18 14:12:50.201  5157  5157 D test    : sending:{"handlerName":"getRegisteredJsHandler","callbackId":"java_cb_1","data":null}
12-18 14:21:04.422  2852  2852 I EventCenter: EventCenter Get :android.com.huawei.bone.NOTIFY_SPORT_DATA
12-17 19:58:56.978  5215  5215 D wpa_supplicant: wlan0: WPA: clearing AP WPA IE
12-18 17:35:21.654   606  2379 E libteec : QSEECom_send_cmd return!
12-18 01:37:23.466  1795  2675 D hwGnssLog_gnsschrlog: the user type is :  3
12-17 20:33:00.043  2852  2852 D KeyguardUpdateMonitor: handleTimeUpdate
12-17 20:38:03.280   816  1562 W SocketListener: sending broadcast to Pid = 1795, Uid = 1000 
12-18 08:20:58.603  1795  2381 D libfingersense_wrapper: Calling fingersense_classify_touch()
12-17 22:35:34.499   633   692 I eSpaceService: Watch Thread{4481} WatchThread.onLoop(WatchThread.java:98) watch thread onLoop...--》 iWatched.doWatch() 
12-17 22:27:39.747  1795  2750 D HW_DISPLAY_EFFECT: presently, hw_update_color_temp_for_rg_led interface not achieved.
12-18 08:00:42.023  5224  5283 I Step_DataCache: 20002302|getTodayTotalSteps 85
12-18 00:22:58.764  2852  2852 I HwSignalClusterView: getOrInflateState subId:0
12-17 19:42:23.126  7194  7208 I PushLog2824: [ReceiverDispatcher-336]dispkgName is com.sina.weibo(android/null:-1)
12-18 15:32:58.298 10334 10334 D wpa_supplicant: WPS: attr type=0x1049 len=6
12-17 21:59:03.100  1795  1805 W ActivityManager: getRunningAppProcesses: caller 10102 does not hold REAL_GET_TASKS; limiting output
12-17 21:00:09.689  1795 16232 W ActivityManager: getTasks: caller 10140 does not hold REAL_GET_TASKS; limiting output
12-18 15:33:18.626  1795  1795 D HwArpVerifier: from DONT_CHECK transmit to state:DONT_CHECK
12-17 22:27:35.983   835  2385 E libteec : receive data len = 192
12-18 08:09:31.896   802   802 E Thermal-daemon: [Thermal_Hw] temperature_filter: get invalid temperature, use old temp
12-18 15:33:24.427 10357 10357 E HwVPlayer: 	at android.app.ActivityThread.main(ActivityThread.java:6524)
12-18 11:20:45.483  3168  3330 W System.err: 	at android.os.Handler.dispatchMessage(Handler.java:102)
12-18 15:32:56.969   633   692 I ECS     : main{1} TcpClient.clearAll(TcpClient.java:240) ==================== TCP CLIENT CLEAR ALL ====================
12-17 20:18:54.850   606  2379 E libteec : receive data len = 192
12-17 22:31:02.768  1795  6988 D PowerManagerService: release:lock=149350270, flg=0x0, tag="RILJ_ACK_WL", name=com.android.phone", ws=null, uid=1001, pid=3218
12-17 19:55:54.677   633 31875 I SDK     : 
12-17 20:03:32.949  2852  2852 I PhoneStatusBar: updateNotificationShade
12-18 14:36:54.802  2852  2852 I TrafficPanelManager: hideTraffic
12-18 19:33:18.698  1795  2323 D HwBatteryService: onUEvent fcpStatus = 0,scpStatus =0,ovpStatus=0
12-18 14:07:29.501  3218 13125 D PhoneInterfaceManager: [PhoneIntfMgr] getDataEnabled: subId=0 phoneId=0
12-18 15:35:52.760 10334 10334 D wpa_supplicant: WPS: attr type=0x103b len=1
12-18 10:52:10.273   827   542 E mm-camera: <SENSOR><ERROR> 1094: ois_process: 
12-17 22:08:05.648   633   692 I ECS     : Thread-1787{6452} LoginC.connectToServerThread(LoginC.java:451) Connect to MAA , ip = uc.huawei.com
12-17 20:26:05.181  3382  3399 D QcrilMsgTunnelSocket: Rac Change (PDC) data: [-1, -1]
12-17 22:51:19.199   814  7759 V MediaExtractor: MediaExtractor::Create (null)
12-18 17:43:44.322  1795 17958 D ActivityManager: cleanUpApplicationRecord -- 18160
12-18 11:20:52.869  7741  2168 V Mms_TXM_SVC: stopSelfIfIdle: STOP!
12-18 14:15:20.768   633 31870 I SDK     : <2016-12-18 14:15:20> [WARN] SDK: UE-SeC 2016-12-18 14:15:20:768 Level[WARN] magic[3362781472 684]:PubEvt_Close Getting a socket[33] from the Socket-table Failed!
12-18 08:38:00.146  2852  2852 I PanelView: closeQs
12-17 23:25:03.406  2852  2914 I SimCardMethod: isCardAbsent slot:0 slotState:5
12-17 23:22:00.141  3879  3879 E HW-JPEG-DEC: [HME_JPEG_DEC_Delete](3298): HME_JPEG_DEC_Delete: decoder_ctx=null
12-17 21:50:28.510  2852  2852 I PhoneStatusBar: onStartedWakingUp
12-18 00:20:26.659  2852  2852 D HwCustMobileSignalControllerImpl: isCurrentBySim()=false
12-17 20:46:50.362  1795  6985 W ActivityManager: getTasks: caller 10140 does not hold REAL_GET_TASKS; limiting output
12-17 21:58:46.189  1795  2668 D WifiP2pService: DefaultState{ when=0 what=143466 target=com.android.internal.util.StateMachine$SmHandler }
12-17 22:26:26.214   606  2379 E libteec : send data return = 128
12-17 19:55:48.579   633 21107 I SDK     : 
12-18 10:45:15.885   816  1562 W SocketListener: sending broadcast to Pid = 1795, Uid = 1000 
12-17 23:01:51.755  2852  2852 I HwSignalClusterView: apply hwPhoneState.mSubId:0 anyMobileVisible:false mIsAirplaneMode:false, mobileGroupVisible=true
12-18 18:41:02.368   633 31870 I SDK     : <2016-12-18 18:41:02> [WARN] SDK: UE-SeC 2016-12-18 18:41:2:368 Level[WARN] magic[3362781472 684]:PubEvt_Close Getting a socket[100] from the Socket-table Failed!
12-18 14:09:39.046  2883  3033 I HwSystemManager: PermissionDbVisitor:insertHistoryRecord:HistoryRecord[packageName:com.sankuai.meituanhd,permissionType:8,action:11,dateStartTime:1481990400000,timestamp:1482041379046]
12-17 20:14:33.446  2852  2852 D StepCounterView: onStepCounterChange stepsNum:5947
12-18 07:58:59.421   633 31870 I SDK     : 
12-17 21:48:21.563 31949 31967 I TCP     : tcp.recv{4790} TcpClientThread.onReceiverWork(TcpClientThread.java:307) get tcp message 659
12-18 10:54:49.093  1795  1795 D WindowManager: ACTIVITY check resid: android, size=7
12-17 19:31:36.341 31949 31967 I TCP     : WatchThread{4786} TcpClientThread.connect(TcpClientThread.java:52) will connect to uc.huawei.com:7801
12-18 14:11:29.513  1795 17832 D         : Read DB 'content://telephony/carriers/subId/0
12-18 10:39:38.018   835  2385 E libteec : qsc_decode end
12-18 19:53:48.004  2852  2852 I HwBrightnessUtils:  getSeekBarProgress isAutoMode:true current brightness:30 percentage:0.28375545
12-17 23:21:03.688 30820 30820 E HwSystemManager: MemCPUMonitor:startTimerMonitor isCompleted = true
12-17 20:44:03.005   802   802 E Thermal-daemon: [Thermal_Hw] temperature_filter: get invalid temperature, use old temp
12-18 15:36:09.197  2852  2852 I NotificationGroupManager: summary = null
12-17 19:56:55.646  2852  2852 I HwNavigationBarTransitions: transitionTo:mode=4, isEmuiStyle=false
12-17 21:34:24.345  2852  2914 I HwMobileSignalController: subId:0 phoneType:1 networktype:13 targetClass:3 masterLevel:5 slaveLevel:-1
12-18 19:25:16.116  1795 24491 I ActivityManager: cleanUpApplicationRecordLocked, reset pid: 22092, euid: 0
12-17 19:55:48.578   633 21107 I SDK     : 
12-18 15:32:47.917  3858  4126 I amsnl   : t:false, fl: false, p: 2147483647000, ce: true, we: false
12-18 00:09:13.017  1795  2665 D NetdConnector: RCV <- {613 IfaceClass idle 0 459489374122030}
12-17 23:57:42.196   633 31868 I SDK     : 
12-18 14:07:37.112  1795  3304 D GnssLocationProvider: svid: 4 cn0: 0.0 elev: 16.0 azimuth: 296.0   A
12-18 15:36:38.152  3858  4126 I amsnl   : m1: false
12-17 20:53:07.868  3879  4071 W CfgFilePolicy: CFG_DIRS length : 9
12-18 14:16:02.160  3180  3578 I ash     : com.android.browser goes to hibernation overtime: 14094
12-17 19:56:54.150  1795  2671 D WifiStateMachine:  ConnectedState !SUPPLICANT_STATE_CHANGE_EVENT  rt=123268596/444350513 31197 0 SSID: Huawei-Employee BSSID: 80:38:bc:0b:30:21 nid: 0 state: GROUP_HANDSHAKE
12-18 15:38:41.473  1795  2376 I ActivityManager_broadcast: Enqueueing ordered broadcast[background] BroadcastRecord{77d7f2d u0 null}: prev had 1
12-17 21:25:54.115  1795  2665 D NetdConnector: RCV <- {613 IfaceClass idle 0 449672201326733}
12-17 23:34:28.322 31949 31967 I ECS     : WatchThread{4786} TcpClient.connect(TcpClient.java:162) ==================== TCP CLIENT CONNECT [2] ====================
12-18 15:36:34.630  1795 11746 D PowerManagerService: ready=true,policy=3,wakefulness=1,wksummary=0x0,uasummary=0x1,bootcompleted=true,boostinprogress=false,waitmodeenable=false,mode=true,manual=33,auto=-1,adj=0.0userId=0
12-17 20:27:42.820  3626  3626 E PTM.FileNodeInfo: getTempInfo error: null, 0
12-17 20:36:47.619  2852  2852 D HwCustMobileSignalControllerImpl: isCurrentBySim()=false
12-18 09:12:17.925  3218  3218 D HwCust  : Create obj success use class com.android.settings.deviceinfo.HwCustStatusImpl
12-18 07:29:39.900  2852  2852 I BarTransitions.HwPhoneStatusBarView: transitionTo: mode=MODE_TRANSPARENT, animate=false
12-18 08:45:42.264  3180  3578 I ash     : proxy com.huawei.espacev2 broadcast OK !
12-18 07:41:49.114  3626  4889 E PTM.FileNodeInfo: getTempInfo error: null, 0
12-17 21:33:55.596  1795 17831 I NotificationManager: enqueueNotificationInternal: pkg=com.huawei.health id=10010 notification=Notification(pri=0 contentView=null vibrate=null sound=null defaults=0x0 flags=0x2 color=0x00000000 vis=PRIVATE)
12-18 08:24:13.276  1795  1819 D NetworkManagement: notifyInterfaceClassActivity: client is com.android.server.net.NetworkStatsService$6@5d6efc
12-18 14:12:43.286  5157  5157 I chromium: [INFO:CONSOLE(1)] "Uncaught SyntaxError: Unexpected token var", source:  (1)
12-17 21:06:55.623 24266 24266 V chaunce : org.iqiyi.video.vote.b.aux.a()<-1> : checkVoteShowTime--hideVoteView
12-18 08:49:14.442   633 31870 I SDK     : <2016-12-18 08:49:14> [WARN] SDK: UE-SeC 2016-12-18 8:49:14:442 Level[WARN] magic[3362781472 684]:PubEvt_Close Getting a socket[163] from the Socket-table Failed!
12-18 17:44:11.629  2852  2852 D StatusBar: reusing notification for key: 0|com.sankuai.meituan|2147483647|null|10146
12-17 21:01:45.605  2852  2852 I HwSignalClusterView: apply hwPhoneState.mSubId:0 anyMobileVisible:false mIsAirplaneMode:false, mobileGroupVisible=true
12-18 12:38:55.929  2883  2949 I HwSystemManager: HarassmentInterceptionDBProvider:URL= content://com.huawei.systemmanager.HarassmentInterceptionDBProvider/interception_messages
12-17 21:58:25.934  1795  3121 I PGManagerService: proxyWakeLockByPidUid, pid: 31558, uid: 10029, proxy: true
12-18 19:50:00.390  2852  2852 W HwLockScreenReporter: report result = falsereport type:162 msg:{picture: magazine-unlock-05-2.3.438-bigpicture_05_21.jpg, channelId: 05}
12-17 21:47:50.048  5224  5283 I Step_HSNH: 20002302|rebuild notification
12-18 17:31:25.199  1795  2381 D libfingersense_wrapper: Calling fingersense_touch_up()
12-17 21:03:38.556  2852  2852 D HwCustMobileSignalControllerImpl: sub =0,strMccMnc =null,hashMccMnc =[],strPlmn =hw_show_4g
12-18 07:53:03.450  1795  1819 D NetworkManagement: notifyInterfaceClassActivity: client is android.net.INetworkManagementEventObserver$Stub$Proxy@af226
12-18 07:36:25.541  1795  2380 D PowerManagerService: userActivityNoUpdateLocked: eventTime=135566839, event=2, flags=0x0, uid=1000
12-17 22:58:43.359  3626  3626 E PTM.FileNodeInfo: getTempInfo error: null, 0
12-17 21:26:09.972  2883  4316 I HwSystemManager: StrategyManager:getStrategy = DualcardcardSet[PW,BB,BI:har-50 est-50 adv-50 scam-50 ],    DualcardcardSet[PW,BB,BI:],
12-18 08:46:01.260  2852  2852 D HwCustMobileSignalControllerImpl: isCurrentBySim()=false
12-18 17:56:12.256  2852  2914 I SimCardMethod: isCardAbsent slot:0 slotState:5
12-17 20:36:08.422  2852  2852 D HwCustMobileSignalControllerImpl: isCurrentBySim()=false
12-17 20:05:15.608  3626  3626 E PTM.FileNodeInfo: getTempInfo error: null, 0
12-18 14:38:30.636  3626  3626 E PTM.FileNodeInfo: getTempInfo error: null, 0
12-18 11:21:04.348 31949 31967 I TCP     : 	at com.huawei.ecs.mip.proxy.TcpSocket.connect_i(TcpSocket.java:87)
12-17 21:27:04.526  1795  2377 I AwareLog: AwareMem_DMEServer: start
12-17 19:35:12.190  2852  2852 I ToggleSlider:  mSeekListener onProgressChanged progress:1003 fromUser:false
12-18 14:12:53.170  3626  3626 E PTM.FileNodeInfo: getTempInfo error: null, 0
12-18 09:46:15.138  5224  5283 I SendBroadcastPermission: action:android.com.huawei.bone.NOTIFY_SPORT_DATA, mPermissionType:0
12-18 14:21:52.947  2852  2852 I HwNotificationIconAreaController: showNotificationAll
12-18 14:44:36.115  2852  2852 I TrafficPanelManager: hideTraffic
12-18 00:02:41.375   633 31870 I SDK     : 
12-17 21:53:32.619  1795  3957 E IzatSvc_OSObserver: I/LocTech-Label :: OSOBSERVER :: Data Items In
12-18 18:32:19.217  3218  3218 D HwCust  : Create obj success use class com.android.settings.deviceinfo.HwCustStatusImpl
12-18 10:39:40.298  1795 15982 D HW_DISPLAY_EFFECT: presently, hw_update_color_temp_for_rg_led interface not achieved.
12-18 15:33:22.869   633 31875 I SDK     : 
12-18 19:49:56.783   835  2385 E libteec : receive data len = 192
12-17 22:37:36.749   633 31868 E SDK     : <2016-12-17 22:37:36> [ERR] SDK: UE-SeC 2016-12-17 22:37:36:749 Level[ERR] magic[3365677344 223]:L4VPN notify callback :Status[2], ErrorCode[0]!
12-18 00:12:26.963  2852  3556 I HwMobileSignalController: mExtDataOld:ExtData [mMasterNetWorkType=3, mSlaveNetWorkType=0, mMasterNetWorkLevel=4, mSlaveNetWorkLevel=-1, mDataState=2, mDataActivity=0, mDataNetType=13] mExtData:ExtData [mMasterNetWorkType=3, mSlaveNetWorkType=0, mMasterNetWorkLevel=4, mSlaveNetWorkLevel=-1, mDataState=2, mDataActivity=4, mDataNetType=13]
12-17 21:08:14.719 24266 24266 D seekbar : org.iqiyi.video.ui.ci.onProgressChanged()<-1> : 当前进度：658656 缓冲大小:2025350 缓冲进度：2684006
12-18 19:31:05.065 23480 23480 I SendBroadcastPermission: action:null, mPermissionType:0
12-18 07:33:53.787  1795  2778 W ActivityManager: getRunningAppProcesses: caller 10102 does not hold REAL_GET_TASKS; limiting output
12-18 18:27:10.124  5224  5283 I Step_ExtendStepDataManager: 20002302|compensate 24700947 3
12-18 09:18:56.926  5224  5283 I Step_ExtendStepDataManager: 20002302|compensate 24700398 33
12-18 00:18:29.785  2852  2852 I HwSignalClusterView: getOrInflateState subId:0
12-18 10:41:16.027  1795  1819 D NetworkManagement: notifyInterfaceClassActivity: client is android.net.INetworkManagementEventObserver$Stub$Proxy@af226
12-18 14:12:53.960  1795  2380 D KeyEvent: obtain, mHwFlags=1874117200
12-18 18:30:22.871  2852  2852 I HwSignalClusterView: setMobileDataIndicatorsHuawei subId:0 visible:true strengthIcon:2130839311 typeIcon:2130839197 contentDescription:手机信号满格。 typeContentDescription:LTE isTypeIconWide:true showActivity:true activityIn:true activityOut:false isRoaming:false
12-18 15:36:57.697  3180  3578 I PGServer: report state:6 event type:1 pid:0 uid:10014 pkg:com.huawei.appmarket to pid: 1795
12-17 20:29:06.441  1795  2323 E UsbDeviceManager: java.io.FileNotFoundException: sys/class/hw_power/charger/charge_data/water_intrused (No such file or directory)
12-18 07:29:23.585  3626  3626 E PTM.FileNodeInfo: getTempInfo error: null, 0
12-18 09:17:29.475 31949 31967 I ECS     : WatchThread{4786} TcpClient.connect(TcpClient.java:162) ==================== TCP CLIENT CONNECT [2] ====================
12-17 21:52:16.696  2852  2852 D DateTimeView: Change to single clock mode!
12-18 14:15:20.462   633 31870 I SDK     : <2016-12-18 14:15:20> [WARN] SDK: UE-SeC 2016-12-18 14:15:20:462 Level[WARN] magic[3362781472 684]:PubEvt_Close Getting a socket[146] from the Socket-table Failed!
12-17 22:38:51.313   633   692 I eSpaceService: pool-1-thread-1{4483} BaseBroadcast.sendBroadcast(BaseBroadcast.java:131) no receiver for action#com.huawei.espace.service.setstatus
12-18 00:00:44.994  1795  2376 W AlarmManager: mIsScreenOn is: false, WAKEUP alarm trigger action = null package name is: com.huawei.intelligent
12-17 19:32:01.256  2852  2852 W HwPhoneLayoutInflater: onCreateView : ClassNotFoundException, In this case we want to let the base class take a crack at it
12-17 20:45:57.086 24266 24266 I qiyippsplay: org.iqiyi.video.ui.bf.h()<-1> : 当前时间1820920
12-17 21:23:07.495  2852  2852 D NetWorkUtils: mVSimCurCardType is -1
12-18 13:22:05.527  1795  4830 D PFW.HwPFWAppRestartPolicy: proc: com.tencent.mm:tools launch 1times, lastTimes = 1
12-18 18:30:49.641  2852  2852 I StackScroller: generateAddAnimation:null, false
12-18 07:56:29.891   633 31868 I SDK     : <2016-12-18 07:56:29> [NOTICE] SDK: UE-SeC 2016-12-18 7:56:29:890 Level[NOTICE] magic[3365677344 7509]:Currently udp detect response ok,detect id is [13],ack id is [13]!
12-17 20:11:40.742  3180  3332 I SensorState: sensor:20 enable:true uid:10033
12-18 10:56:27.334   606  2379 E libteec : receive data len = 128
12-17 21:48:20.872  2883  2883 W ContextImpl: Calling a method in the system process without a qualified user: android.app.ContextImpl.startService:1527 android.content.ContextWrapper.startService:613 com.huawei.systemmanager.rainbow.client.background.service.CloudBroadcastHandlerService$1.onReceive:55 android.app.LoadedApk$ReceiverDispatcher$Args.run:1218 android.os.Handler.handleCallback:755 
12-17 21:23:27.721  2883  3125 I HwSystemManager: StartupResidentService:InnerHandler Message:2
12-17 21:53:40.407  1795  2332 I qti_sensors_hal: [ACC]processReportInd: X: 4.546369 Y: 7.692328 Z: 4.366234  x_offset:0.160831 y_offset:0.184366 z_offset:0.985027
12-18 12:39:04.664  2852  2852 D HwCustMobileSignalControllerImpl: isCurrentBySim()=false
12-17 20:17:57.938   633 31870 I SDK     : 
12-18 17:41:35.931  1795 16499 D HwActivityManagerService: handleANRFilterFIFO,uid = 10146cmd = 0
12-18 19:25:35.888  3382  3399 D QcrilMsgTunnelSocket: readRilMessage: Buffer = [B@204bb9f HexData = [010000000404000011000000514f454d484f4f4bfa0308000100000000]
12-18 00:22:43.685  2852  3556 I NetworkController.MobileSignalController(0): 	to: connected=true,enabled=true,level=4,inetCondition=1,iconGroup=IconGroup(4G),activityIn=true,activityOut=true,rssi=0,lastModified=12-18 12:22:42,isRoaming=false,dataSim=true,networkName=中国移动,networkNameData=中国移动,dataConnected=true,isDefault=true,isEmergency=false,airplaneMode=false,carrierNetworkChangeMode=false,userSetup=true
12-17 21:50:49.235  2018  2018 W ContextImpl: Failed to ensure /data/user/0/com.mobike.mobikeapp/shared_prefs: mkdir failed: EACCES (Permission denied)
12-17 23:29:58.433  1046  1125 D audio_hw_primary: start_output_stream: exit
12-18 09:05:47.336  5224  5224 I Step_LSC: 20002302|compensate received
12-17 21:48:07.041  2852  2852 I NotificationContentView: transferRemoteInputFocus: 0
12-18 10:56:28.999  1795  3238 D PowerManagerService: Acquiring suspend blocker "PowerManagerService.Broadcasts".
12-18 18:51:01.792  3180  3578 D PgedBinderAdapter: unfrz ok, pid: [4492, 23480, 19907]
12-17 21:23:19.044 30234 30234 I Feed    : [qiyi_LOG_INFO Feed] updateEmotionImagePath:/data/user/0/com.qiyi.video/app_feed/feedemotion/pp_icon_expression_28.png
12-18 14:11:29.914  5157  5157 W cr_BindingManager: Cannot call determinedVisibility() - never saw a connection for the pid: 5157
12-18 10:52:09.208   827   542 I mm-camera: <MCT   >< INFO> 1012: mct_controller_handle_SOF_proc: mct_stream_send_ctrl_sof frameid=90 end
12-18 10:41:04.802  2852  2852 D KeyguardViewMediator: send keyguard locked intent
12-18 15:32:52.505  2852 10175 I WeatherUtils: getCurrentWeatherInfo currentTemperature is :22.0 mWeatherIcon Id is: 1
12-18 18:34:15.192  1795  3110 D PowerManagerService: acquire lock=213739095, flags=0x1, tag="RILJ_ACK_WL", name=com.android.phone, ws=null, uid=1001, pid=3218
12-18 00:03:50.456   633 31870 I SDK     : <2016-12-18 00:03:50> [WARN] SDK: UE-SeC 2016-12-18 0:3:50:456 Level[WARN] magic[3362781472 684]:PubEvt_Close Getting a socket[14] from the Socket-table Failed!
12-18 10:40:22.399  2852  2852 W KG_Policy: RetryPolicy unregisterObserver invalide observer
12-18 15:35:30.301   606  2379 E libteec : send data return = 128
12-17 21:34:29.179  1795  1819 D NetworkManagement: notifyInterfaceClassActivity: client is com.android.server.net.NetworkStatsService$6@5d6efc
12-18 17:39:13.513  2852  2852 D KeyguardUpdateMonitor: onKeyguardVisibilityChanged(false)
12-17 20:22:44.113  1795  1809 I WindowManager: rotationForOrientationLw(orient=1, last=0); user=0 
12-18 14:12:32.508  5157  5157 I chromium: [INFO:CONSOLE(1)] "Uncaught SyntaxError: Unexpected token var", source:  (1)
12-18 17:47:31.920  1795  2737 W WifiProJNI: poll before: g_monitor_fd =310
12-18 19:51:18.562  5224  5224 I Step_LSC: 20002302|compensate received
12-17 21:48:19.871  3608  3608 I InCall  : VideoCallFragment - inflateVideoUi false
12-18 18:32:57.541  1795  2671 D WifiStateMachine:  InitialState CMD_SCREEN_STATE_CHANGED  rt=142572131/525716267 1 0
12-18 00:05:02.865   633 15239 I SDK     : 
12-17 23:46:27.873  1795  2737 I QosMonitor: postEventFromNative: msg=100,arg1=0,arg2=9
12-17 20:55:12.735  3879  4071 W CfgFilePolicy: CFG_DIRS length : 9
12-17 21:27:04.031  2852  2852 I PanelBar: collapsePanel2
12-18 08:22:20.992  2852  2852 D HwCustMobileSignalControllerImpl: sub =0,strMccMnc =null,hashMccMnc =[],strPlmn =hw_hspap_show_4g
12-18 15:33:34.134  1795  6986 D ActivityManager: getRecentTasks: topActivity=ComponentInfo{com.android.browser/com.UCMobile.main.UCMobile}
12-18 00:18:39.293  1795  2380 D PowerManagerService: userActivityNoUpdateLocked: eventTime=134607597, event=2, flags=0x0, uid=1000
12-17 23:41:23.083   633 31868 I SDK     : 
12-18 15:38:08.539 10334 10334 D wpa_supplicant: WPS: attr type=0x103c len=1
12-18 14:11:19.556  5994  5994 D wpa_supplicant: WPS: attr type=0x1011 len=24
12-17 19:57:26.965  5224  5283 I Step_ExtendStepDataManager: 20002302|compensate 24699597 21
12-17 23:34:27.837  2852  2852 I HwBackDropView: checkVisibility : false; false
12-18 18:25:41.158  1795  3884 V InputMethodManagerService: Client requesting input be hidden, pid=4492
12-17 19:35:36.440  1795  2728 D WifiHW  : wifi_send_command: cmd:'IFNAME=wlan0 PKTCNT_POLL'
12-18 12:55:54.360  1795 11747 I HwActivityManagerService: Split enqueueing broadcast [callerApp]:ProcessRecord{4ff57fc 3382:com.qualcomm.qcrilmsgtunnel/1001}
12-18 14:12:31.597  5157  5157 W cr_BindingManager: Cannot call determinedVisibility() - never saw a connection for the pid: 5157
12-18 08:21:00.134  3626  3626 E PTM.FileNodeInfo: getTempInfo error: null, 0
12-18 09:18:36.986  1795  1795 V NotificationService: disableEffects=null canInterrupt=false once update: false
12-18 15:34:06.916  1795  2380 I ActivityManager_activity: insertTaskAtTop, setTaskToReturnTo: fromHome=false,lastStackTop=TaskRecord{229cf9d #389 A=com.android.browser U=0 StackId=1 sz=1}, isHomeStack=true, topTask=TaskRecord{37babfb #297 A=com.huawei.android.launcher U=0 StackId=0 sz=1}, task=TaskRecord{37babfb #297 A=com.huawei.android.launcher U=0 StackId=0 sz=1}
12-18 10:40:14.976  3858  4126 I amsnl   : c: true, w: false, t: false, l: false
12-18 19:27:22.451   633   692 I eSpaceService: Watch Thread{4481} WatchThread.onLoop(WatchThread.java:98) watch thread onLoop...--》 iWatched.doWatch() 
12-18 19:33:09.247   633 31870 I SDK     : 
12-17 21:47:18.117  3382  3399 D QcrilMsgTunnelSocket: Broadcasting intent ACTION_RAC_CHANGED
12-18 10:59:51.902  1795  1808 I ActivityManager_broadcast: dispatch ordered broadcast [foreground] BroadcastRecord{85dfc62 u-1 android.intent.action.TIME_TICK}, has 11 receivers
12-17 21:59:50.679  1795  1825 I PowerManager_screenOn: DisplayPowerController updatePowerState mPendingRequestLocked=policy=OFF, useProximitySensor=true, useProximitySensorbyPhone=true, screenBrightness=33, screenAutoBrightnessAdjustment=0.0, brightnessSetByUser=true, useAutoBrightness=true, blockScreenOn=false, lowPowerMode=false, boostScreenBrightness=false, dozeScreenBrightness=-1, dozeScreenState=UNKNOWN, useTwilight=false, useSmartBacklight=true, brightnessWaitMode=false, brightnessWaitRet=true, screenAutoBrightness=-1, userId=0
12-18 14:09:31.842 31949 31967 I ECS     : msg.recv{4791} XmlMsg.decodeBuf(XmlMsg.java:237) RECV 663 bytes [12]_00_03_02_05_01_04_82_AC_BE_A1_3B_AA cmdCode(CC_PCheckVersion.0x0501)msgType(MT_ACK.2)msgClass(MC_Push.5)sender(ST_Mobile.0)crypted(false)zipped(false)nobase64(true)length(659)version(3)sno(82AC)
12-18 08:06:18.480  3180  3578 I ash     : pkg null calling: com.huawei.espacev2, pid: 0 ,type: acquire_provider
12-17 21:52:36.011  3608  3608 I InCall  : VideoCallFragment - onStop:
12-17 21:48:21.336  3218  3218 I QImsService: ImsServiceSubHandler : Message received: what = 9
12-17 21:30:19.455   633 31868 E SDK     : <2016-12-17 21:30:19> [ERR] SDK: UE-SeC 2016-12-17 21:30:19:454 Level[ERR] magic[3365677344 692]:Decoder message type is invalidation;invalidation MMTP_MSG_ENABLE_EXTEND is [36]
12-18 19:51:24.525  5224  5224 I Step_LSC: 20002302|onStandStepChanged 88617
12-18 00:18:36.835  1795  3247 D PowerManagerService: ready=true,policy=3,wakefulness=1,wksummary=0x1,uasummary=0x1,bootcompleted=true,boostinprogress=false,waitmodeenable=false,mode=true,manual=33,auto=-1,adj=0.0userId=0
12-18 08:26:54.167  2852  2852 D NetWorkUtils: mVSimCurCardType is -1
12-18 10:45:27.168  3218  4070 I PhoneInterfaceManager: shouldBlockLocation  ret:false
12-17 22:36:13.709  2852  2852 I PhoneStatusBar: setSystemUiVisibility vis=c0000700 mask=ffffffff oldVal=c0000600 newVal=c0000700 diff=100
12-18 14:36:04.184  1795  2671 I HwActivityManagerService: Split enqueueing broadcast [callerApp]:ProcessRecord{34bf34f 0:system/1000}
12-18 08:19:38.053  2852  2852 D NetWorkUtils: mVSimCurCardType is -1
12-17 20:34:05.212  3626  3626 E PTM.FileNodeInfo: getTempInfo error: null, 0
12-17 19:32:30.743  1046  1046 D audio_hw_primary: adev_set_parameters: enter: screen_state=off
12-18 15:32:40.468  2852  2852 I StatusBarIconView: updateTint: tint=0
12-17 20:38:12.636  2852  3556 I NetworkController.MobileSignalController(0): onDataActivity: direction=4
12-17 21:27:09.779  5224  5283 I SendBroadcastPermission: action:android.com.huawei.bone.NOTIFY_SPORT_DATA, mPermissionType:0
12-17 21:26:58.360  1795  1795 I NotificationManager: cancelNotification,index:0
12-17 21:20:44.182   633   692 I TCP     : msg.recv{4490} TcpClientThread.onRecv(TcpClientThread.java:515) TCP Msg 79TCP_OK
12-17 21:39:52.454   633 31870 I SDK     : 
12-18 11:24:22.629  1795  2323 E UsbDeviceManager: 	at android.os.UEventObserver$UEventThread.sendEvent(UEventObserver.java:210)
12-17 19:35:38.270  3879  3879 I HwLauncher: Launcher.Folder childCount: 3
12-18 10:46:00.009  2852  2852 I HwDateUtils: begin of formatChinaDateRange chinaDate:上午10:46
12-18 14:38:12.010  1795 17832 D PowerManagerService: ready=true,policy=0,wakefulness=0,wksummary=0x1,uasummary=0x0,bootcompleted=true,boostinprogress=false,waitmodeenable=false,mode=true,manual=33,auto=-1,adj=0.0userId=0
12-17 23:08:32.525  2852  2852 D HwCustMobileSignalControllerImpl: isCurrentBySim()=false
12-18 17:42:05.696  1795  2381 D libfingersense_wrapper: Calling fingersense_classify_touch()
12-18 16:01:10.136 10334 10334 D wpa_supplicant: IEs - hexdump(len=239): 00 07 73 68 75 69 6c 69 6e 01 08 82 84 8b 96 0c 12 18 24 03 01 06 07 06 43 4e 20 01 0d 20 2a 01 ...
12-17 21:36:43.676   633 31870 I SDK     : <2016-12-17 21:36:43> [WARN] SDK: UE-SeC 2016-12-17 21:36:43:676 Level[WARN] magic[3362781472 684]:PubEvt_Close Getting a socket[211] from the Socket-table Failed!
12-18 07:30:07.612 16628 20207 D HwCust  : Create obj success use class com.huawei.android.totemweather.parser.accu.HwCustJAccuCityParserImpl
12-17 23:07:16.907 31949 31967 I TCP     : WatchThread{4786} TcpSocket.close(TcpSocket.java:170) shutdown input: java.net.SocketException: Socket is closed
12-17 23:08:41.978  4492  4492 V AudioManager: getRingerMode...
12-18 15:33:22.970   633 31875 I SDK     : <2016-12-18 15:33:22> [NOTICE] SDK: UE-SeC 2016-12-18 15:33:22:970 Level[NOTICE] magic[3359111456 2326]:FSM_OpenFile => [START],Mode[r]
12-18 18:28:01.255  3858  4126 I amsnl   : m1: false
12-17 19:57:44.509  5215  5215 D wpa_supplicant: CTRL_IFACE: Failed to get network variable 'wep_key2'
12-18 00:00:54.683   633 14835 E imssdk_CloudRecord: CallObjectMethod strat 
12-17 21:59:50.684  1795 16501 D HwInputMethodManagerService: hideSecSoftInput = false
12-17 22:25:18.444  1795  2708 D HwPFWLogger: PFW.HwPFWAppRestartPolicy:receive action = android.intent.action.SCREEN_OFF
12-17 23:55:54.692   633 31868 I SDK     : 
12-18 19:50:15.708 25067 25067 I UX      : CollectorManager--isCollectorEnabled--getBoolean: false
12-18 15:35:00.854 11632 11632 W art     : JIT profile information will not be recorded: profile file does not exits.
12-18 07:46:40.223   633 31870 I SDK     : <2016-12-18 07:46:40> [WARN] SDK: UE-SeC 2016-12-18 7:46:40:223 Level[WARN] magic[3362781472 684]:PubEvt_Close Getting a socket[232] from the Socket-table Failed!
12-18 14:36:03.192  2852  2852 W AppHandler: sendMessage 4
12-17 23:36:40.189  2852  2914 I HwMobileSignalController: subId:0 phoneType:1 networktype:13 targetClass:3 masterLevel:4 slaveLevel:-1
12-17 21:32:22.952  3608  3608 I InCall  : GlowPadAnswerFragment - showVideoAnswerButtonfalsefalse
12-18 19:41:12.856  1795  1807 I HwActivityManagerService: Split enqueueing broadcast [callerApp]:ProcessRecord{34bf34f 0:system/1000}
12-18 08:11:00.466  2852  2852 D TintTextView: #B3000000 com.android.systemui.tint.TintTextView{f83e2df V.ED..... ......ID 0,1-86,43 #7f1401be app:id/battery_outside_percent}
12-18 12:38:44.612   633   692 I ECS     : Thread-2354{7084} LoginC.connectToServerThread(LoginC.java:451) Connect to MAA , ip = uc.huawei.com
12-18 10:41:05.089  1795  3247 D PowerManagerService: Releasing suspend blocker "PowerManagerService.WakeLocks".
12-18 18:27:47.115  2852  2852 I HwNotificationIconAreaController: showNotificationAll
12-18 14:08:10.937  2852  2852 D NetWorkUtils: is3GCalling is false,mCdmaSlot is -1
12-18 19:51:52.888  1795  2380 D PowerManagerService: ready=true,policy=3,wakefulness=1,wksummary=0x0,uasummary=0x1,bootcompleted=true,boostinprogress=false,waitmodeenable=false,mode=true,manual=33,auto=-1,adj=0.0userId=0
12-18 14:11:31.448  6335  6335 I HwSystemManager: SystemManagerApplication:onCreate
12-17 21:44:45.636  1795  2323 E UsbDeviceManager: 	at android.os.UEventObserver$UEventThread.run(UEventObserver.java:187)
12-17 21:30:30.546  1795 11747 D PowerManagerService: ready=true,policy=0,wakefulness=0,wksummary=0x1,uasummary=0x0,bootcompleted=true,boostinprogress=false,waitmodeenable=false,mode=true,manual=33,auto=-1,adj=0.0userId=0
12-18 09:50:26.718  2852  2852 W PanelView: set notification panel padding = 1675
12-18 14:14:10.423  3626  4877 I NCCHR_NcLogCollectServiceImpl: getUserType = 3
12-18 11:20:33.472  2852  2852 I StackScrollAlgorithm: updateDimmedActivatedHideSensitive overlap:false
12-17 23:37:38.595   633 31868 I SDK     : <2016-12-17 23:37:38> [NOTICE] SDK: UE-SeC 2016-12-17 23:37:38:595 Level[NOTICE] magic[3365677344 5474]:Change the status to [2]!
12-17 21:04:09.800   633   692 I eSpaceService: Watch Thread{4481} WatchThread.onLoop(WatchThread.java:98) watch thread onLoop...--》 iWatched.doWatch() 
12-17 20:01:35.192  2852  2852 D StatusBar: reusing notification for key: 0|com.huawei.health|10010|null|10099
12-18 14:10:52.051  5994  5994 D wpa_supplicant: wlan0: BSS: Add new id 8 BSSID f4:83:cd:66:c8:16 SSID 'CSDJ' freq 2412
12-18 14:11:33.527   633 31870 I SDK     : 
12-18 15:33:10.449   835  2385 E libteec : qsc_decode end
12-18 14:08:33.731  1795  6986 D HwActivityManagerService: handleANRFilterFIFO,uid = 10113cmd = 0
12-18 18:43:13.026  1795  2323 E UsbDeviceManager: Error reading charge file
12-18 15:42:43.194 10334 10334 E wpa_supplicant: RSSI=-44;LINKSPEED=72;NOISE=9999;FREQUENCY=2462;
12-18 19:49:28.180  1795  1825 I PowerManager_screenOn: PowerManagerService goToSleepNoUpdateLocked: eventTime=142845602, reason=7, flags=0, uid=1000
12-17 20:39:31.355  2852  2852 I HwSignalClusterView: apply hwPhoneState.mSubId:0 anyMobileVisible:false mIsAirplaneMode:false, mobileGroupVisible=true
12-18 10:59:20.624  2852  2852 W PanelView: set notification panel padding = 1675
12-17 22:29:46.242  3608  3608 D InCall  : ProximitySensor - Turning on proximity sensor
12-18 00:14:16.010   533  3739 E ANDR-PERF-MPCTL: Invalid profile no. 0, total profiles 0 only
12-18 14:08:52.131  2852  2852 D HwCustMobileSignalControllerImpl: isCurrentBySim()=false
12-18 15:33:21.960   633 31875 I SDK     : 
12-18 17:42:31.369  1795  3884 D HwCustPhoneWindowManager: answer call by keyCode = 4, down = false, isSupVolumnkeyAnswerCall = false
12-17 20:43:40.435 24266 24266 I qiyippsplay: org.iqiyi.video.ui.bf.h()<-1> : 当前时间1684241
12-18 10:46:10.151  1795  2750 D HW_DISPLAY_EFFECT: presently, hw_update_color_temp_for_rg_led interface not achieved.
12-17 19:34:56.294  3608  3608 I CallUtils: cause :4
12-18 18:30:29.424  1795  1795 I NotificationManager: enqueueNotificationInternal: n.getKey = 0|com.huawei.health|10010|null|10099
12-17 19:58:57.707  1795  2739 D HuaweiWifiWatchdogStateMachine:  loss[-66]=0%, volume=0
12-17 21:58:47.045  1795  1825 D PowerManagerService: Releasing suspend blocker "PowerManagerService.Display".
12-17 20:13:14.984  1795 16498 I HwActivityManagerService: keyAppBroadcastQueueForIntent intent Intent { act=com.tencent.mm.ui.ACTION_DEACTIVE flg=0x10 (has extras) } on bgkeyapp queue
12-18 15:27:56.392  3858  4126 I amsnl   : csr
12-18 14:08:23.575  1795 15987 D HwActivityManagerService: handleANRFilterFIFO,uid = 10113cmd = 0
12-18 19:49:13.228  2852  2852 D KeyguardUpdateMonitor: onKeyguardVisibilityChanged(false)
12-17 23:45:02.169  1795  2376 I ActivityManager_broadcast: Enqueueing ordered broadcast[bgkeyapp] BroadcastRecord{66c9c73 u0 ALARM_ACTION(25103)}: prev had 3
12-17 21:32:21.391  2852  2852 I NotificationContentView: transferRemoteInputFocus: 0
12-17 22:48:52.109  2852  2852 D HwCustMobileSignalControllerImpl: sub =0,strMccMnc =null,hashMccMnc =[],strPlmn =hw_show_lte
12-18 14:10:52.710  5994  5994 D wpa_supplicant: Beacon IEs - hexdump(len=264): 00 03 7a 7a 6d 01 08 82 84 8b 96 0c 12 18 24 03 01 06 05 04 00 01 00 00 2a 01 04 32 04 30 48 60 ...
12-17 22:53:03.416   633 31870 I SDK     : <2016-12-17 22:53:03> [WARN] SDK: UE-SeC 2016-12-17 22:53:3:416 Level[WARN] magic[3362781472 684]:PubEvt_Close Getting a socket[46] from the Socket-table Failed!
12-17 20:32:17.556   814  3358 E OMX-VDEC-1080P: Extension: OMX.img.index.scalingdown not implemented
12-17 19:35:04.993  1795  3238 I NotificationManager: enqueueNotificationInternal: pkg=com.huawei.health id=10010 notification=Notification(pri=0 contentView=null vibrate=null sound=null defaults=0x0 flags=0x2 color=0x00000000 vis=PRIVATE)
12-18 10:39:40.403 28113 31335 E ServerRequestHelper: checkServerResponseCode: Unexpected result code: 100001 of response
12-18 14:56:25.062  2852  2852 I StackScrollAlgorithm: updateClipping isOverlap:false
12-18 17:40:34.069  3382  3399 D QcrilMsgTunnelSocket: Response ID 525306 is not served in this process.
12-18 18:48:25.095  1795  2396 D PowerManagerService: ready=true,policy=0,wakefulness=0,wksummary=0x1,uasummary=0x0,bootcompleted=true,boostinprogress=false,waitmodeenable=false,mode=true,manual=33,auto=-1,adj=0.0userId=0
12-17 22:02:01.242  1795  3139 D PowerManagerService: ready=false,policy=3,wakefulness=1,wksummary=0x11,uasummary=0x1,bootcompleted=true,boostinprogress=false,waitmodeenable=false,mode=true,manual=33,auto=-1,adj=0.0userId=0
12-18 19:50:52.809  5224  5283 I Step_LSC: 20002302|REPORT : 17016 362293 12083 0
12-18 08:09:19.411  1795  2748 D HwAmbientLuxFilterAlgo: t=136975055,BT=136976055,DT=136979055,BT1=136979055,DT1=136983055,Bn=false,Dn=false,lx=[6143.0/136973551, 6153.0/136973853, 5675.0/136974153, 5514.0/136974454, 5785.0/136974755, 5785.0/136975055],mLx=5741.0,s=5.0,ss=0.60037994,AuIntervened=false,mProximityState=false,bLux=6730.0,dLux=1200.0,bLux1=6730.0,dLux1=1200.0
12-18 14:07:34.396  5157  5157 E HW-JPEG-DEC: [HME_JPEG_DEC_Delete](3298): HME_JPEG_DEC_Delete: decoder_ctx=null
12-17 22:31:02.619  4690  4690 V InputMethodService: showSoftInput()
12-18 15:27:46.084 25067  9097 D BetaClub: [OtherUtils.checkNetworkConnected]Network:0 is CONNECTED
12-17 23:30:22.228  2852  2852 I HwSignalClusterView: setMobileDataIndicatorsHuawei subId:0 visible:true strengthIcon:2130839311 typeIcon:2130839195 contentDescription:手机信号满格。 typeContentDescription:4G isTypeIconWide:true showActivity:true activityIn:true activityOut:false isRoaming:false
12-18 14:12:59.830  5224  5283 I Step_DataCache: 20002302|getTodayTotalSteps 8090
12-18 15:32:51.468  2852  2914 I SimCardMethod: isCardAbsent slot:0 slotState:5
12-18 18:31:28.176  5224  5283 I Step_HSNH: 20002302|rebuild notification
12-17 19:33:14.384  1795  2739 I HuaweiWifiWatchdogStateMachine:  pkt chk not bad, reset sc to 0.
12-18 14:10:52.732  5994  5994 D wpa_supplicant: WPS: attr type=0x1044 len=1
12-18 13:06:03.914  3858  4126 I amsnl   : csr
12-17 22:54:58.651   633 31870 I SDK     : <2016-12-17 22:54:58> [WARN] SDK: UE-SeC 2016-12-17 22:54:58:651 Level[WARN] magic[3362781472 684]:PubEvt_Close Getting a socket[13] from the Socket-table Failed!
12-18 18:32:46.710  3858  4126 I amsnl   : m1: false
12-17 19:56:42.634  2852  2925 I EventCenter: ContentChange for slot: 1
12-17 20:11:46.434 22206 22228 I HwOUC   : [CheckNewVersionThread-5737]getBackColorOfPhoe is (hwouc/HwOucUtility.java:2193)
12-17 19:58:45.418  1795  2671 D HwPFWLogger: AutoStartupDataMgr:retrieveStartupSettings type 0 of com.huawei.gamebox is 0
12-17 21:38:48.875  3218  3218 D QC_RIL_OEM_HOOK: Received Broadcast Intent ACTION_UNSOL_RESPONSE_OEM_HOOK_RAW
12-17 23:47:38.977   633 31870 I SDK     : <2016-12-17 23:47:38> [WARN] SDK: UE-SeC 2016-12-17 23:47:38:977 Level[WARN] magic[3362781472 684]:PubEvt_Close Getting a socket[234] from the Socket-table Failed!
12-18 15:32:56.575   633 31870 I SDK     : <2016-12-18 15:32:56> [WARN] SDK: UE-SeC 2016-12-18 15:32:56:575 Level[WARN] magic[3362781472 684]:PubEvt_Close Getting a socket[236] from the Socket-table Failed!
12-17 22:26:27.352   802   802 E Thermal-daemon: [Thermal_Hw] temperature_filter: get invalid temperature, use old temp
12-18 08:14:31.698  1795  1795 D WifiProJNI: send_cmd_kernel: cmd=1
12-18 17:44:23.952  2852  2852 I HwSignalClusterView: getOrInflateState subId:0
12-18 19:53:16.050  2852  2852 I StatusBarIconView: updateTint: tint=0
12-18 07:29:34.272  2852  2852 I HwStatusBarIconController: applyIconTint
12-17 22:26:52.026  1795 16498 I qti_sensors_hal: batch: current sample rate, report rate & buffering are equal to requested (14.999925,0.000000,0)
12-17 23:11:55.435  2852  2852 D HwCustMobileSignalControllerImpl: isCurrentBySim()=false
12-18 15:37:18.118  1795 11747 D KeyEvent: obtain, mHwFlags=0
12-18 07:57:05.987   606  2379 E libteec : receive data len = 192
12-18 19:51:30.237  1795  2750 D HW_DISPLAY_EFFECT: presently, hw_update_color_temp_for_rg_led interface not achieved.
12-18 14:07:29.169  3218  3422 D PhoneInterfaceManager: [PhoneIntfMgr] getDataEnabled: subId=0 retVal=true
12-17 21:50:14.283   633 31868 E SDK     : <2016-12-17 21:50:14> [ERR] SDK: UE-SeC 2016-12-17 21:50:14:283 Level[ERR] magic[3365677344 436]:libcSeekFile => fseek[22]:[-64][0][EA60465C]
12-18 18:31:32.370  2852  2852 W CfgFilePolicy: CFG_DIRS length : 9
12-18 08:15:58.762  2852  2852 D NetWorkUtils: is3GCalling is false,mCdmaSlot is -1
12-18 00:01:16.093  3858  4126 I amsnl   : t:false, fl: false, p: 2147483647000, ce: true, we: false
12-17 20:11:43.296  2852  2852 I StackScrollAlgorithm: updateClipping isOverlap:true
12-18 19:53:06.927  5224  5224 I Step_LSC: 20002302|compensate received
12-17 19:31:36.437  1795  1825 I PowerManager_screenOn: PowerManagerServiceonProximityPositivebyPhone -> updatePowerStateLocked
12-17 23:15:57.838  2883  2996 I HwSystemManager: NormalTrafficAnalysis:alert byte = 1052586048 last alert byte = 1052514308
12-17 23:29:19.163  1795  3975 E LocSvc_libulp: I/===> int ulp_brain_turn_onoff_dr_provider() line 848 
12-17 23:37:49.720  3858  4126 I amsnl   : m1: false
12-17 21:27:22.684  5224  5283 I Step_DataCache: 20002302|getTodayTotalSteps 7096
12-18 09:14:33.407  1795  2323 E UsbDeviceManager: 	at android.os.FileUtils.readTextFile(FileUtils.java:267)
12-18 18:32:19.211  2852  2852 I HwSystemIcons: onLayout:left=704, top=0, right=1056, bottom=72, offset=0
12-17 19:34:57.319  3608  3608 I InCall  : CallList - no active call on sub 1
12-18 17:43:38.726  2852  2852 I HwSignalClusterView: setMobileDataIndicatorsHuawei subId:0 visible:true strengthIcon:2130839311 typeIcon:2130839197 contentDescription:手机信号满格。 typeContentDescription:LTE isTypeIconWide:true showActivity:true activityIn:true activityOut:true isRoaming:false
12-17 20:40:44.660  2852  3556 I NetworkController.MobileSignalController(0): onSignalStrengthsChanged signalStrength=SignalStrength: -1 0 -1 255 -1 255 -1 255 255 24 -92 -8 134 2147483647 2147483647 false gw|lte level=5 isSuspend=false levelOld=5,mSignalStrength level=5
12-17 20:11:56.044  1795  2750 D HW_DISPLAY_EFFECT: presently, hw_update_color_temp_for_rg_led interface not achieved.
12-17 22:28:01.022  3626  3626 I iMonitor: send: 903001010
12-18 15:33:20.854  1795  2739 D HuaweiWifiWatchdogStateMachine:  loss[-59]=0%, volume=0
12-17 20:10:19.568  1795  2670 D WifiController: DefaultState what=155652
12-18 13:41:20.368   817  1099 D QC-time-services: Lib:time_genoff_operation: Send to server  passed!!
12-17 22:29:46.582   835  2385 E libteec : qsc_decode end
12-18 14:12:21.352  5157  5157 I chromium: [INFO:CONSOLE(1)] "Uncaught SyntaxError: Unexpected token var", source:  (1)
12-18 09:23:32.394  5224  5283 I Step_SharedPerferenceUtils: 20002302| getTodayTotalDetailSteps from Prefence success and todaySendorSteps= 1482024060000##1780##179628##0##0##492674310
12-18 15:29:12.875  2852  3556 I HwMobileSignalController: mExtDataOld:ExtData [mMasterNetWorkType=3, mSlaveNetWorkType=0, mMasterNetWorkLevel=5, mSlaveNetWorkLevel=-1, mDataState=2, mDataActivity=0, mDataNetType=13] mExtData:ExtData [mMasterNetWorkType=3, mSlaveNetWorkType=0, mMasterNetWorkLevel=5, mSlaveNetWorkLevel=-1, mDataState=2, mDataActivity=3, mDataNetType=13]
12-17 22:34:00.014  2852  2852 I HwDateUtils: formatChinaDateTime, change to China normalTime:晚上10:34
12-18 07:30:31.334  1795  2748 D HwAmbientLuxFilterAlgo: earliestValidTime + POWER_ON_BRIGHTENING_LIGHT_DEBOUNCE
12-18 19:50:00.333  2852  2852 D TintTextView: #B3000000 com.android.systemui.time.HwStatusBarClock{dbc7fa6 V.ED..... ......ID 205,0-352,72 #7f1401c9 app:id/clock}
12-18 14:12:59.563  2852  2852 I HwBrightnessController: updateSlider2 seekBarProgress:4761
12-18 14:11:17.517  1795  2380 I PowerManager_screenOn: PowerManagerNotifier onUserActivity: event=2, uid=1000
12-18 19:25:32.600  1795  2380 D KeyEvent: obtain, mHwFlags=1874117200
12-17 19:40:25.819  1795  2778 I HwActivityManagerService: keyAppBroadcastQueueForIntent intent Intent { act=com.tencent.mm.ui.ACTION_ACTIVE flg=0x10 (has extras) } on bgkeyapp queue
12-18 14:13:23.693  1795  3304 E LocSvc_eng: I/<=== status_cb line 2243 GPS_STATUS_ENGINE_ON
12-18 19:52:32.803  3858  4126 I amsnl   : c: true, w: false, t: false, l: false
12-18 09:04:46.229  1795  3247 D PowerManagerService: release:lock=245741506, flg=0x0, tag="eventloop", name=android", ws=null, uid=1000, pid=7194
12-18 12:41:50.550  5224  5224 I Step_LSC: 20002302|onStandStepChanged 78467
12-18 14:24:38.892   633 31870 I SDK     : 
12-18 18:13:06.740  1795  2323 E UsbDeviceManager: Error reading charge file
12-18 15:36:38.115 10334 10334 D wpa_supplicant: WPS: attr type=0x103c len=1
12-17 21:26:56.252  1795  6986 D PowerManagerService: ready=false,policy=3,wakefulness=3,wksummary=0x11,uasummary=0x1,bootcompleted=true,boostinprogress=false,waitmodeenable=false,mode=true,manual=33,auto=-1,adj=0.0userId=0
12-17 20:11:41.595  5215  5215 D wpa_supplicant: WPS: attr type=0x104a len=1
12-17 23:12:35.798   633 31868 I SDK     : <2016-12-17 23:12:35> [NOTICE] SDK: UE-SeC 2016-12-17 23:12:35:798 Level[NOTICE] magic[3365677344 3087]:begin display engine list
12-17 21:27:08.104  3879  4071 I HwLauncher: AllIdleAppsList  updatePackage : package[com.huawei.espacev2] matched activity's size is 1 and data List size is 69
12-18 09:20:00.370  2852  2852 I HwWallpaperMask: tryUpdateKeyguardWallpaperWithMask::useMask=3, avgColorType=1
12-17 21:58:33.845  3608  3608 D HwCust  : Create obj success use class android.app.HwCustNotificationImpl
12-18 14:12:59.622  5157  5157 D test    : sending:{"handlerName":"getRegisteredJsHandler","callbackId":"java_cb_1","data":null}
12-18 00:06:24.294  1795  2381 D libfingersense_wrapper: Calling fingersense_classify_touch()
12-18 17:31:28.497  3858  4126 I amsnl   : csr
12-17 23:09:28.919  2852  2852 D HwCustMobileSignalControllerImpl: isCurrentBySim()=false
12-17 21:32:33.868  5224  5283 I Step_ExtendStepDataManager: 20002302|compensate 24699692 180
12-18 08:08:24.958  3858  4126 I amsnl   : csr
12-17 21:27:14.659  5224  5283 I Step_DataCache: 20002302|getTodayTotalSteps 7082
12-18 10:52:09.309   808   549 D [HWCamera] HwAlgorithmicInformation: setAlgoInfoFromDrv E  iso:64  exp_time:100  mean_y:44, gain:1.134021 settled:1
12-17 21:51:01.817  2852  2852 I ToggleSlider:  mSeekListener onProgressChanged progress:1135 fromUser:false
12-18 09:14:49.383  2852  2852 W AppHandler: sendMessage 4
12-18 11:20:52.866  3218  3218 I QImsService: ImsServiceSubHandler : After detect, ims register state is 3
12-18 14:09:45.442  2852  2852 D HwCustMobileSignalControllerImpl: isCurrentBySim()=false
12-18 17:56:35.686 25067 19375 D BetaClub_Http: [HttpClient.getDataWithRetry] success 
12-18 15:33:25.863 10699 10862 I ChinaUploader: value: 8ee110d7c4c3f42a328f6090d6665b6f
12-18 15:38:08.559 10334 10334 D wpa_supplicant: WPS: attr type=0x1042 len=8
12-18 15:43:36.625  4690  4690 E HW-JPEG-DEC: [HME_JPEG_DEC_Delete](3298): HME_JPEG_DEC_Delete: decoder_ctx=null
12-17 20:19:04.255  2852  2852 I StackScrollAlgorithm: updateClipping isOverlap:true
12-18 14:09:32.016  1795 17831 I WindowManger_windowChange: oldFocusWindow: Window{d0dc4f9 u0 com.sankuai.meituanhd/com.sankuai.meituan.activity.MainActivity}, currentFocusWindow: null, currentFocusApp: AppWindowToken{dbe0cfd token=Token{7340554 ActivityRecord{695dca7 u0 com.sankuai.meituanhd/com.sankuai.meituan.search.SearchActivity t393}}}
12-18 14:12:45.662  5157  5157 W cr_BindingManager: Cannot call determinedVisibility() - never saw a connection for the pid: 5157
12-17 20:11:41.163  1795  2670 D WifiController: DeviceActiveState{ when=0 what=155660 target=com.android.internal.util.StateMachine$SmHandler }
12-17 21:26:06.148   814 30795 E MP3Extractor: Unable to resync. Signalling end of stream.
12-18 17:43:28.660  2852  3556 I NetworkController.MobileSignalController(0): onDataActivity: direction=0
12-17 21:47:32.110  2852  2852 I StatusBarIconView: updateTint: tint=0
12-17 21:28:17.397  1795  1795 D PowerManagerService: Releasing suspend blocker "PowerManagerService.Broadcasts".
12-18 09:36:18.816  7194 30399 W PushLog2824: [SocketRead_09:34:56-14648]read -1 from inputstream(android/null:-1)
12-17 21:14:40.560   633   692 I TCP     : tcp.recv{4488} TcpClientThread.onRecv(TcpClientThread.java:522) tcp connection event TCP_CLOSED
12-18 15:35:34.079  2852  2852 I StackScroller: generateAddAnimation:null, false
12-18 18:30:27.908  2852  2852 I HwSignalClusterView: getOrInflateState subId:0
12-17 19:56:53.857  1795  5219 D HwWifiCHRStateManager: handleSupplicantStateChange updateAPMAC: 80:38:bc:08:42:c1
12-17 22:30:36.932   633  5324 I SDK     : <2016-12-17 22:30:36> [NOTICE] SDK: UE-SeC 2016-12-17 22:30:36:931 Level[NOTICE] magic[2370939168 1221]:GetCurrentHostAndPort: network access type is 2
12-18 14:13:11.955  1795 17832 D HwActivityManagerService: handleANRFilterFIFO,uid = 10113cmd = 1
12-18 19:33:48.266  2852  2852 V KeyguardUpdateMonitor: RefreshBatteryInfo isBatteryLow: 84
12-17 21:15:01.249  2852  2852 D HwCustMobileSignalControllerImpl: sub =0,strMccMnc =null,hashMccMnc =[],strPlmn =hw_hspap_show_4g
12-17 22:21:07.954  1795  2323 E UsbDeviceManager: 	at android.os.UEventObserver$UEventThread.sendEvent(UEventObserver.java:210)
12-18 08:38:00.309  3626  4889 E PTM.FileNodeInfo: getTempInfo error: null, 0
12-18 09:45:37.193  1795  2323 E UsbDeviceManager: java.io.FileNotFoundException: sys/class/hw_power/charger/charge_data/water_intrused (No such file or directory)
12-17 21:27:05.538  2852  2852 D BarTransitions.HwPhoneStatusBarView: applyModeBackground oldMode=MODE_TRANSPARENT newMode=MODE_TRANSLUCENT animate=false
12-17 22:31:18.347  1795  2381 D libfingersense_wrapper: Calling fingersense_touch_up()
12-18 00:05:38.193  1795  1809 D NavigationBarPolicy: onFling::not valid gesture or touch plus on, false, return!
12-17 21:41:10.629   633 31868 I SDK     : 
12-17 21:05:01.099 28412 28412 D HwIntelligent3_BitmapUtil: bmp is null : false
12-17 21:51:21.517  1795  2750 I HwLightsService: back light level before map = 0
12-18 07:46:40.182  2852  2852 I HwSignalClusterView: setMobileDataIndicatorsHuawei subId:0 visible:true strengthIcon:2130839311 typeIcon:2130839195 contentDescription:手机信号满格。 typeContentDescription:4G isTypeIconWide:true showActivity:true activityIn:false activityOut:false isRoaming:false
12-18 17:30:12.563  2852  2852 I EventCenter: EventCenter Get :android.com.huawei.bone.NOTIFY_SPORT_DATA
12-17 19:33:02.035  2852  2852 I StackScroller: setScrollingEnabled: true
12-18 15:27:56.247  5994  5994 D wpa_supplicant: random_mix_pool - hexdump(len=16): [REMOVED]
12-18 14:12:35.905  5157  5157 W cr_BindingManager: Cannot call determinedVisibility() - never saw a connection for the pid: 5157
12-18 15:21:56.148  2852  2852 W HwLockScreenPanel: Handle message: 4
12-17 23:28:59.351  1795  2381 D libfingersense_wrapper: fingersense_classify_touch() finished
12-17 23:48:37.341  1795 16501 D FpDataCollector: receive finger press down
12-17 23:11:26.787   633 31870 I SDK     : <2016-12-17 23:11:26> [WARN] SDK: UE-SeC 2016-12-17 23:11:26:786 Level[WARN] magic[3362781472 684]:PubEvt_Close Getting a socket[6] from the Socket-table Failed!
12-17 19:57:44.510  5215  5215 D wpa_supplicant: CTRL_IFACE: GET_NETWORK id=0 name='proto'
12-18 14:12:40.689  5157  5157 D test    : sending:{"handlerName":"getRegisteredJsHandler","callbackId":"java_cb_1","data":null}
12-17 19:56:53.879  1795  2739 D HuaweiWifiWatchdogStateMachine:  RTT[-73]=352, volume=5
12-17 20:31:04.233   633 31870 I SDK     : 
12-17 20:01:32.288  5215  5215 D wpa_supplicant: wlan0: Control interface command 'DRIVER BTCOEXMODE 2'
12-17 21:44:40.692  2852  2852 W PanelView: set notification panel padding = 1675
12-18 09:13:02.424   633 31870 I SDK     : 
12-18 15:36:05.291  3218  7071 I PhoneInterfaceManager: shouldBlockLocation  ret:false
12-18 19:50:54.451  3858  4126 I amsnl   : c: true, w: false, t: false, l: false
12-18 15:29:29.394  2852  2852 I HwNavigationBarTransitions: transitionTo:mode=0, isEmuiStyle=false
12-17 22:41:38.687   633 31868 I SDK     : <2016-12-17 22:41:38> [NOTICE] SDK: UE-SeC 2016-12-17 22:41:38:687 Level[NOTICE] magic[3365677344 10364]:Clear bypass session table: [0], bitsmask [0x00000000]
12-18 17:41:15.162  2852  2852 I HwSignalClusterView: getOrInflateState subId:0
12-18 08:10:00.934  1795  2748 D lux trace:: [5646.0/137012624, 5557.0/137013000, 5541.0/137013376, 5889.0/137013751, 6266.0/137014127, 6166.0/137014501, 5974.0/137014877, 5739.0/137015252, 5402.0/137015604, 5444.0/137015958, 5465.0/137016312]
12-17 19:55:54.670   633 21123 I SDK     : <2016-12-17 19:55:54> [NOTICE] SDK: UE-SeC 2016-12-17 19:55:54:670 Level[NOTICE] magic[2517518624 412]:svn_curl_GethostByNameThread: ip1 <617937197>45.249.212.36
12-18 08:15:08.681   820   820 I cnss-daemon: wlan_service_rps_enable /sys/class/net/p2p0/queues/rx-2/rps_cpus queue 2 map 0xf0
12-18 12:00:31.173  1795  2778 I AlarmManager: remove(PendingIntent{c91ddee: PendingIntentRecord{b198b0d com.android.calendar broadcastIntent}}) changed bounds; rebatching
12-17 23:17:30.807  1795  1795 I qti_sensors_hal: 0xcd, 0xb0, 0x24, 0x3e
12-17 22:30:32.433  3218  3218 D Telephony: TelephonyConferenceController: Is there a match for all connections in connection service true
12-18 08:12:37.025  2852  2852 D HwCustMobileSignalControllerImpl: sub =0,strMccMnc =null,hashMccMnc =[],strPlmn =hw_show_4g
12-17 21:48:34.795  2852  2852 I HwPowerUI: processLowerBatteryLevel plugged:false batteryLevel:70 intent:act:android.intent.action.BATTERY_CHANGED  flag:1610612752 technology=Li-ion icon-small=17303220 max_charging_voltage=0 health=2 max_charging_current=0 status=3 plugged=0 present=true charge_counter=0 level=70 scale=100 temperature=235 voltage=3963 invalid_charger=0 
12-18 19:52:06.430  2852  2852 I HwNotificationIconAreaController: showNotificationAll
12-17 23:24:03.756  8665  9120 I memcheck: needTrimMemory: trimFrom = 0, avail = 911024, vmSize = 2198692, vssLimit = 4190896, totalPss = 83760, pssLimit = 2876772, agressiveGrowthLimit = 1150708, gentleGrowthLimit = 2013740, availablePmThreshold = 221184, availableVmThreshold = 153600
12-18 15:37:33.060  1795  3238 I ActivityManager_activity: Task removed: TaskRecord{229cf9d #389 A=com.android.browser U=0 StackId=1 sz=0}, reason: appDied
12-18 17:39:14.851  1795 17832 I AlarmManager: remove(PendingIntent{71e2e94: PendingIntentRecord{115e2e7 com.tencent.mm broadcastIntent}}) changed bounds; rebatching
12-18 09:50:33.787  2852  2852 W HwLockScreenPanel: refreshBatteryInfo: null
12-18 10:52:10.514   808   547 D [HWCamera] IppAlgoSmartAE: void android::IppAlgoSmartAE::setHdrAndExifInfo(AE_OutputData *), isHDR=0, frameNumber=0
12-18 09:13:02.435   633 31870 I SDK     : 
12-17 22:30:35.582   633 31870 I SDK     : 
12-18 11:07:06.037  2852  2852 I HwDateUtils:  formatChinaDateTime equals.
12-18 14:12:40.225  5994  5994 D wpa_supplicant: nl80211: Associated on 2462 MHz
12-18 14:24:08.644  1795  1795 V NotificationService: disableEffects=null canInterrupt=false once update: false
12-18 15:33:02.973  2852  3556 I NetworkController.MobileSignalController(0): onSignalStrengthsChanged signalStrength=SignalStrength: -1 0 -1 255 -1 255 -1 255 255 31 -81 -10 84 2147483647 2147483647 false gw|lte level=5 isSuspend=false levelOld=5,mSignalStrength level=5
12-18 14:12:20.945  5157  5157 I chromium: [INFO:CONSOLE(1)] "Uncaught SyntaxError: Unexpected token var", source:  (1)
12-18 07:40:24.232  2852  3556 I NetworkController.MobileSignalController(0): onSignalStrengthsChanged signalStrength=SignalStrength: -1 0 -1 255 -1 255 -1 255 255 19 -101 -8 100 2147483647 2147483647 false gw|lte level=4 isSuspend=false levelOld=4,mSignalStrength level=4
12-18 15:27:46.005  1795  1795 D HwWifiP2pService: onReceive, action:android.net.wifi.STATE_CHANGE
12-17 19:55:46.679  2852  2866 D KeyguardViewMediator: notifyScreenOn
12-18 19:49:55.583 25775 26044 I SendBroadcastPermission: action:com.example.logupload.progress, mPermissionType:0
12-18 10:46:11.874  4492  4492 D JNI     : writeFile,  path = /data/user/0/com.tencent.mm/cert/9B16049696DEFFAA86FDEC601D908A6F/auth/id
12-17 20:29:06.505   633 31870 I SDK     : <2016-12-17 20:29:06> [WARN] SDK: UE-SeC 2016-12-17 20:29:6:505 Level[WARN] magic[3362781472 684]:PubEvt_Close Getting a socket[197] from the Socket-table Failed!
12-17 21:27:06.664   633 31870 I SDK     : 
12-17 19:56:14.840  1795 15987 D PowerManagerService: Acquiring suspend blocker "PowerManagerService.WakeLocks".
12-18 14:12:53.344  5157  5157 D test    : sending:{"handlerName":"getRegisteredJsHandler","callbackId":"java_cb_1","data":null}
12-18 15:42:25.131 10334 10334 D wpa_supplicant: wlan0: Control interface command 'SIGNAL_POLL'
12-18 17:50:35.874  1795  2323 E UsbDeviceManager: 	at android.os.UEventObserver$UEventThread.run(UEventObserver.java:187)
12-18 08:18:40.595  2852  2852 D HwCustMobileSignalControllerImpl: sub =0,strMccMnc =null,hashMccMnc =[],strPlmn =hw_mcc_mnc
12-18 07:40:04.832  1795  2748 D HwAmbientLuxFilterAlgo: earliestValidTime + POWER_ON_DARKENING_LIGHT_DEBOUNCE
12-17 22:47:07.474  2852  2852 I HwSignalClusterView: apply hwPhoneState.mSubId:0 anyMobileVisible:false mIsAirplaneMode:false, mobileGroupVisible=true
12-17 21:27:04.385  1046  1125 D audio_hw_primary: enable_snd_device: snd_device(1: handset)
12-18 12:38:52.426  1795  3884 I HwNetworkPolicy: onTransact, code = 203
12-18 17:41:48.782  1795  2380 D PowerManagerService: ready=true,policy=3,wakefulness=1,wksummary=0x0,uasummary=0x1,bootcompleted=true,boostinprogress=false,waitmodeenable=false,mode=true,manual=33,auto=-1,adj=0.0userId=0
12-17 23:47:28.112  1795  1795 I MQoS    : received cell-signal:4
12-18 15:34:34.792  1795  2728 D WifiHW  : wifi_send_command: cmd:'IFNAME=wlan0 PKTCNT_POLL'
12-18 07:39:06.915  3858  4126 I amsnl   : t:false, fl: false, p: 2147483647000, ce: true, we: false
12-18 14:11:25.973  5157  5157 I chromium: [INFO:CONSOLE(1)] "Uncaught SyntaxError: Unexpected token var", source:  (1)
12-17 23:29:38.383  2852  2852 I TrafficPanelManager: hideTraffic
12-17 21:58:07.675   835  2385 E libteec : qsc_decode end
12-17 22:01:42.546  1795  1825 D HwNormalizedAutomaticBrightnessController: sensor doesn't report lux in 200ms
12-18 17:47:31.785   597   779 I rmt_storage: rmt_storage_client_thread: /boot/modem_fs1: clnt_h=0x1: req_h=0x173 msg_id=3: Send response: res=0 err=0
12-18 15:30:30.051  5224  5283 I Step_DataCache: 20002302|getTodayTotalSteps 13185
12-17 21:32:45.514  1795  3110 W ActivityManager: getRunningAppProcesses: caller 10102 does not hold REAL_GET_TASKS; limiting output
12-18 15:36:58.536   803   905 W Pged-CGroup: Classify cgroup warning: No such process
12-17 20:05:57.847  2852  2852 D StatusBar: reusing notification for key: 0|com.huawei.health|10010|null|10099
12-18 13:19:16.149  1795  2323 D HwBatteryService: onUEvent fcpStatus = 0,scpStatus =0,ovpStatus=0
12-17 19:56:09.110   533  3739 E ANDR-PERF-MPCTL: Invalid profile no. 0, total profiles 0 only
12-17 20:31:05.957  1795  2748 D HwAmbientLuxFilterAlgo: earliestValidTime + POWER_ON_DARKENING_LIGHT_DEBOUNCE
12-17 21:48:20.046  2852  2852 I HwNavigationBarTransitions: transitionTo:mode=2, isEmuiStyle=true
12-18 10:56:22.482  2852  2852 D NetWorkUtils: mVSimCurCardType is -1
12-18 07:53:03.513   633 31870 I SDK     : <2016-12-18 07:53:03> [WARN] SDK: UE-SeC 2016-12-18 7:53:3:513 Level[WARN] magic[3362781472 684]:PubEvt_Close Getting a socket[171] from the Socket-table Failed!
12-18 14:12:30.753  5157  5157 I chromium: [INFO:CONSOLE(1)] "Uncaught ReferenceError: WebViewJavascriptBridge is not defined", source:  (1)
12-17 23:30:57.025  1795  2671 D PowerManagerService: ready=true,policy=0,wakefulness=0,wksummary=0x1,uasummary=0x0,bootcompleted=true,boostinprogress=false,waitmodeenable=false,mode=true,manual=33,auto=-1,adj=0.0userId=0
12-18 14:11:30.026  5157  5157 I chromium: [INFO:CONSOLE(1)] "Uncaught SyntaxError: Unexpected token var", source:  (1)
12-18 19:50:15.545  2852  2852 D KG_Policy_FP: FingerPrint state is already reset
12-17 19:32:30.721  1795  2671 D PowerManagerService: acquire lock=244575063, flags=0x1, tag="WifiSuspend", name=android, ws=null, uid=1000, pid=1795
12-18 18:48:59.039  2852  2852 I SignalClusterView: applyIconTint ignore
12-18 14:12:58.794  3180  3578 I AppManager: check dependency pid: 4690 is depended by pid: 1795
12-17 23:24:14.542  1795  2381 D libfingersense_wrapper: fingersense_touch_up() finished
12-18 07:56:29.579   633 31870 I SDK     : <2016-12-18 07:56:29> [WARN] SDK: UE-SeC 2016-12-18 7:56:29:579 Level[WARN] magic[3362781472 684]:PubEvt_Close Getting a socket[48] from the Socket-table Failed!
12-18 18:24:41.115  1795  2381 D libfingersense_wrapper: fingersense_touch_up() finished
12-17 23:37:38.807   633 31868 E SDK     : <2016-12-17 23:37:38> [ERR] SDK: UE-SeC 2016-12-17 23:37:38:807 Level[ERR] magic[3365677344 2893]:engine 0, id = "gmt", name = "GMT engine support"
12-18 09:15:53.950  1795 16500 D PowerManagerService: ready=true,policy=0,wakefulness=0,wksummary=0x1,uasummary=0x0,bootcompleted=true,boostinprogress=false,waitmodeenable=false,mode=true,manual=33,auto=-1,adj=0.0userId=0
12-18 16:01:18.332  2852  2852 I HwSignalClusterView: getOrInflateState subId:0
12-18 15:34:21.454 10228 10228 W System.err: 	at org.json.JSONTokener.nextValue(JSONTokener.java:97)
12-17 21:52:16.378  1795  1795 D HwKeyguardManagerImpl: isLockScreenDisabled HwKeyguardManagerImpl result = false
12-17 23:38:49.065   633 31870 I SDK     : 
12-18 09:12:03.094   835  2385 D fingerprintd: onAcquired(2001)
12-17 20:53:07.286   633 31870 I SDK     : 
12-17 23:07:55.278  2852  2852 D HwCustMobileSignalControllerImpl: isCurrentBySim()=false
12-18 17:35:21.357  1795  2691 D HwConnectivityService: stopFilter m_filterIsStarted:false
12-18 00:13:25.398  1795 15901 I ActivityManager: cleanUpApplicationRecordLocked, pid: 16664, restart: false
12-18 14:14:31.472  2852  2852 I KeyguardUpdateMonitor: Ignore update FP: 1 true
12-18 18:23:26.120  2852  2852 I KeyguardUpdateMonitor: hasFingerprintUnlockTimedOut = true
12-17 19:58:57.375  5215  5215 D wpa_supplicant: BSSID any
12-18 08:18:35.528  2852  2852 D HwCustMobileSignalControllerImpl: sub =0,strMccMnc =null,hashMccMnc =[],strPlmn =hw_show_lte
12-18 00:21:36.987  3858  4126 I amsnl   : c: true, w: false, t: false, l: false
12-17 21:58:54.387  5224  5283 I Step_HSNH: 20002302|rebuild notification
12-18 14:12:55.031  5157  5157 I chromium: [INFO:CONSOLE(1)] "Uncaught ReferenceError: WebViewJavascriptBridge is not defined", source:  (1)
12-18 19:25:30.294  2852  3556 I NetworkController.MobileSignalController(0): 	to: connected=true,enabled=true,level=5,inetCondition=1,iconGroup=IconGroup(4GPLUS),activityIn=false,activityOut=false,rssi=0,lastModified=12-18 07:25:25,isRoaming=false,dataSim=true,networkName=中国移动,networkNameData=中国移动,dataConnected=true,isDefault=true,isEmergency=false,airplaneMode=false,carrierNetworkChangeMode=false,userSetup=true
12-18 19:25:34.995  2852  2852 V KeyguardUpdateMonitor: KGSvcFp onAuthenticationAcquired.2001
12-18 19:33:09.239  2852  2852 I StackScrollAlgorithm: updateClipping isOverlap:false
12-17 22:26:00.036  2852  2852 I StackScrollAlgorithm: updateDimmedActivatedHideSensitive overlap:false
12-17 23:16:21.797   633 31870 I SDK     : 
12-18 08:46:08.964  1795  2323 E UsbDeviceManager: java.io.FileNotFoundException: sys/class/hw_power/charger/charge_data/water_intrused (No such file or directory)
12-17 23:17:39.003  1795  2381 D libfingersense_wrapper: fingersense_touch_up() finished
12-18 14:10:52.734  5994  5994 D wpa_supplicant: WPS: attr type=0x1042 len=4
12-17 21:51:17.908  5224  5283 I Step_DataCache: 20002302|getTodayTotalSteps 10139
12-17 21:09:10.318  1795  1819 D NetdConnector: RCV unsolicited event from native daemon, event = 613 IfaceClass active 0 448686671421434 10102
12-18 15:32:56.577   633 31870 I SDK     : <2016-12-18 15:32:56> [WARN] SDK: UE-SeC 2016-12-18 15:32:56:577 Level[WARN] magic[3362781472 684]:PubEvt_Close Getting a socket[254] from the Socket-table Failed!
12-17 23:32:50.703   633 31870 I SDK     : 
12-17 23:10:25.496  1795  6988 D Telecom : TelecomServiceImpl: isInCall callState is 0: TSI.iIC@FJE
12-17 21:37:47.036   633 31870 I SDK     : 
12-18 13:22:05.408  1795  2376 I ActivityManager_broadcast: Enqueueing ordered broadcast[foreground] BroadcastRecord{abb4cdb u-1 android.intent.action.TIME_TICK}: prev had 0
12-18 11:20:33.635  1795 16501 I HwActivityManagerService: Split enqueueing broadcast [callerApp]:ProcessRecord{24cdca7 3218:com.android.phone/1001}
12-17 19:55:52.008  1795  2739 D HuaweiWifiWatchdogStateMachine: updateQoeLevel current level equal to mLastDetectLevel, return
12-17 21:20:47.471  3879  4071 I HwLauncher: Workspace  The same unread count.
12-18 17:51:35.388  3180  3578 D ApplicationPackageManager: queryIntentActivitiesAsUser size results:1, for package:com.tencent.mm
12-18 15:27:35.964  1795  2323 E UsbDeviceManager: Error reading charge file
12-17 22:25:20.046  2852  3361 I vol.VolumeDialogControl: C onScreenOff 
12-18 18:40:38.577  1795 17831 D PowerManagerService: ready=true,policy=0,wakefulness=0,wksummary=0x1,uasummary=0x0,bootcompleted=true,boostinprogress=false,waitmodeenable=false,mode=true,manual=33,auto=-1,adj=0.0userId=0
12-17 21:04:07.796  1795  3139 W ActivityManager: getTasks: caller 10140 does not hold REAL_GET_TASKS; limiting output
12-18 16:01:08.772  2852  3344 D KeyguardService: Caller checkPermission fail
12-17 20:38:06.481  2852  2852 D HwCustMobileSignalControllerImpl: sub =0,strMccMnc =null,hashMccMnc =[],strPlmn =hw_customized_networkType_entry
12-17 20:24:14.133  1795  2750 D HW_DISPLAY_EFFECT: presently, hw_update_color_temp_for_rg_led interface not achieved.
12-18 00:02:41.406   633 31870 I SDK     : <2016-12-18 00:02:41> [WARN] SDK: UE-SeC 2016-12-18 0:2:41:406 Level[WARN] magic[3362781472 684]:PubEvt_Close Getting a socket[184] from the Socket-table Failed!
12-18 09:46:19.214  3858  4126 I amsnl   : csr
12-17 21:14:52.130  2852  2852 I HwSignalClusterView: apply hwPhoneState.mSubId:0 anyMobileVisible:false mIsAirplaneMode:false, mobileGroupVisible=true
12-18 14:12:12.149  1795  2380 I ActivityManager_activity: insertTaskAtTop, setTaskToReturnTo: fromHome=false,lastStackTop=TaskRecord{17d2ad5 #393 A=com.sankuai.meituanhd U=0 StackId=1 sz=5}, isHomeStack=true, topTask=TaskRecord{37babfb #297 A=com.huawei.android.launcher U=0 StackId=0 sz=1}, task=TaskRecord{37babfb #297 A=com.huawei.android.launcher U=0 StackId=0 sz=1}
12-18 15:33:21.086 10334 10334 D wpa_supplicant: wlan0: nl80211: scan request
12-18 07:37:11.734  1795  2748 D HwAmbientLuxFilterAlgo: earliestValidTime + POWER_ON_BRIGHTENING_LIGHT_DEBOUNCE
12-17 20:35:47.453  2852  2852 I HwSignalClusterView: setMobileDataIndicatorsHuawei subId:0 visible:true strengthIcon:2130839311 typeIcon:2130839197 contentDescription:手机信号满格。 typeContentDescription:LTE isTypeIconWide:true showActivity:true activityIn:false activityOut:false isRoaming:false
12-18 14:13:36.424  3218  3422 I PhoneInterfaceManager: shouldBlockLocation  ret:false
12-18 18:27:01.592  2852  2852 D HwCust  : Create obj success use class android.app.HwCustNotificationImpl
12-18 14:21:59.895  1795  2670 D WifiController: wifiSleepPolicy:1
12-17 23:24:20.421  2852  2852 I HwMobileSignalController: notifyListenerHuawei::origin typeIcon:2130839195 icons.mName:4G isSuspend:false, showDataIcon=true, dataConnected=true, isRoaming=false
12-17 21:53:29.507  1795  2671 D PowerManagerService: Acquiring suspend blocker "PowerManagerService.WakeLocks".
12-18 08:15:09.525 25329 25329 D wpa_supplicant: CTRL-DEBUG: global_ctrl_sock-sendto: sock=16 sndbuf=229376 outq=0 send_len=12
12-17 23:13:45.335   633 10174 I SDK     : <2016-12-17 23:13:45> [NOTICE] SDK: UE-SeC 2016-12-17 23:13:45:334 Level[NOTICE] magic[2341447968 6458]:FSM_Tool_TreatFolderEncEx => [START]: pcFileName [anyofficeuserorgcode] 
12-18 08:45:41.064  1795  1819 D NetworkManagement: notifyInterfaceClassActivity: client is com.android.server.connectivity.Tethering@ff4a50f
12-18 04:26:29.230  1795 15987 D PowerManagerService: release:lock=247936737, flg=0x0, tag="ServiceStateTracker", name=com.android.phone", ws=null, uid=1001, pid=3218
12-17 20:25:11.768  1795  1819 D NetdConnector: RCV unsolicited event from native daemon, event = 613 IfaceClass idle 0 446058114951105
12-17 21:28:23.542  1795  2380 I TransactionProcessor: HwDPMS received transaction_isHwFrameworkAdminAllowed, the ret: false
12-17 22:53:52.262  1795  1795 I AlarmManager: scheduleTimeTickEvent triggerAtTime = 454976364
12-18 07:30:37.349  3180  3578 I ash     : doze package: com.tencent.mm, visible: false
12-17 21:02:24.027  2852  2852 I HwSignalClusterView: apply hwPhoneState.mSubId:0 anyMobileVisible:false mIsAirplaneMode:false, mobileGroupVisible=true
12-17 19:31:41.710 31949 31967 I PushService: tcp.conn{4787} ServiceC.connectedNotify(ServiceC.java:289) 172.30.70.63
12-17 20:22:10.637  1795 17831 W ActivityManager: getRunningAppProcesses: caller 10105 does not hold REAL_GET_TASKS; limiting output
12-18 17:36:11.015  4492  4544 D 2DSDR   : APS: 2DSDR: CanvasContext::setSDRZoomout(), the SDR ratio from ViewRootImpl is 1.000000, native window width = 1080, height = 1920
12-18 18:32:40.584  2852  2852 I vol.VolumeDialogControl: C onDismissRequested reason = 2
12-17 23:01:51.740  2852  3556 D NetworkController.MobileSignalController(0): mSimSubId:0 onDataActivity: direction=4
12-18 15:35:52.761 10334 10334 D wpa_supplicant: WPS: attr type=0x1011 len=24
12-17 20:11:46.437   633 31870 I SDK     : 
12-18 13:53:07.541  3626  3626 E PTM.FileNodeInfo: getTempInfo error: null, 0
12-18 09:39:02.270  2852  2852 D HwCust  : Create obj success use class android.app.HwCustNotificationImpl
12-17 23:38:58.513  3626  3626 E PTM.FileNodeInfo: getTempInfo error: null, 0
12-18 14:12:43.215  1795  2737 D WifiProJNI: Received kernel message payload: event 4
12-18 18:47:12.466   633   692 I eSpaceService: tcp.recv{4488} LoginC.resultNotify(LoginC.java:508) Login_By_Step->CONNECT_ERROR
12-17 21:50:13.921  1795  1819 D NetworkManagement: notifyInterfaceClassActivity: client is android.net.INetworkManagementEventObserver$Stub$Proxy@c0acf8b
12-18 19:49:48.412  1795  1825 D HwPowerManagerService: setColorTemperatureAccordingToSetting new.
12-18 06:26:32.630  3626  3626 E PTM.FileNodeInfo: getTempInfo error: null, 0
12-18 07:29:39.081   633 31870 I SDK     : <2016-12-18 07:29:39> [WARN] SDK: UE-SeC 2016-12-18 7:29:39:81 Level[WARN] magic[3362781472 684]:PubEvt_Close Getting a socket[248] from the Socket-table Failed!
12-18 19:25:33.492  1795  2380 D PowerManagerService: userActivityNoUpdateLocked: eventTime=142739499, event=2, flags=0x0, uid=1000
12-18 08:20:40.422  2852  2852 D HwCustMobileSignalControllerImpl: isCurrentBySim()=false
12-17 19:35:26.345  1795  2671 V HwWifiServiceFactory: get AllImpl object = com.android.server.wifi.HwWifiServiceFactoryImpl@c332618
12-18 19:25:31.482  1795  2750 D HW_DISPLAY_EFFECT: presently, hw_update_color_temp_for_rg_led interface not achieved.
12-17 20:22:55.536  1795  2750 D HW_DISPLAY_EFFECT: presently, hw_update_color_temp_for_rg_led interface not achieved.
12-18 07:26:33.330 19696 19716 I HwDeskClock: AlarmInitReceiver info:check exit !!
12-18 19:50:10.118  2852  2852 W DisabledFeatureUtils: Dis-Feature : 0
12-18 19:52:18.338  2852  2852 I StatusBar: onNotificationPosted: StatusBarNotification(pkg=com.huawei.health user=UserHandle{0} id=10010 tag=null key=0|com.huawei.health|10010|null|10099: Notification(pri=0 contentView=null vibrate=null sound=null defaults=0x0 flags=0x62 color=0x00000000 vis=PRIVATE)) important=2, post=1482061938332, when=1481531589202, vis=0, userid=0
12-18 17:39:13.247  2852  2852 D KeyguardViewMediator: handleNotifyScreenTurningOn
12-18 15:33:26.367  9017 10504 V SQLiteDatabase: triggerBuildingIndex(): invalid id, return.
12-18 12:40:26.844  3218  3218 D QC_RIL_OEM_HOOK: Received Broadcast Intent ACTION_UNSOL_RESPONSE_OEM_HOOK_RAW
12-18 19:50:54.270  1795  1795 D HuaweiWifiWatchdogStateMachine:  not in link monitoring mode, ignore TCP result .
12-18 08:25:10.644  1795  2748 D lux trace:: [472.0/137875739, 469.0/137876114, 471.0/137876483, 469.0/137876857, 473.0/137877233, 469.0/137877606, 459.0/137877959, 462.0/137878322, 463.0/137878674, 464.0/137879029, 463.0/137879383, 453.0/137879757]
12-18 16:11:49.232  1795  6986 I AlarmManager: set(PendingIntent{9ab5023: PendingIntentRecord{e6df920 com.tencent.mm broadcastIntent}}) : type=2 triggerAtTime=522647947 win=4049997 tElapsed=522647947 maxElapsed=526697944 interval=0 flags=0x8
12-17 20:32:15.662 24266 24266 D qiyippsplay: org.iqiyi.video.player.cv.c()<-1> : 步骤： 初始化数据逻辑对象 isFromResume = true
12-18 07:57:12.297   606  2379 E libteec : send data return = 192
12-17 21:54:59.266  1795  2326 V FingerprintService: ClientMonitor destroy
12-18 09:06:02.063  1795 28880 D PFW.HwPFWAppRestartPolicy: proc: com.tencent.mm:push launch 1times, lastTimes = 1
12-17 21:26:09.789  1046 26554 D audio_hw_primary: adev_set_parameters: enter: vsid=297816064;call_state=1
12-17 21:52:48.166  1046  1046 I Huawei_audio_cust: get_spk_pa_type: pa is max98925
12-17 23:21:38.465  1795  1809 I InputManager_fingersense: Multiple rapid taps detecting, aborting Knuckle Gestures.
12-18 00:00:13.950  1795  1795 I MQoS    : received cell-signal:5
12-18 00:00:50.558   633 31870 I SDK     : 
12-18 08:36:02.700   633 31870 I SDK     : <2016-12-18 08:36:02> [WARN] SDK: UE-SeC 2016-12-18 8:36:2:700 Level[WARN] magic[3362781472 684]:PubEvt_Close Getting a socket[79] from the Socket-table Failed!
12-18 00:12:31.648  2852  2852 I HwSignalClusterView: getOrInflateState subId:0
12-18 14:11:31.602  5994  5994 D wpa_supplicant: WPS: attr type=0x1044 len=1
12-17 21:41:10.181   633 31868 I SDK     : <2016-12-17 21:41:10> [NOTICE] SDK: UE-SeC 2016-12-17 21:41:10:181 Level[NOTICE] magic[3365677344 2734]:ReHandShake to SVN was done.
12-18 17:38:24.434  3782 16627 V AudioManager: isWiredHeadsetOn...
12-17 19:58:38.820  5215  5215 D wpa_supplicant: OpenSSL: Message - hexdump(len=16): [REMOVED]
12-18 07:57:04.082  1795  2323 E UsbDeviceManager: 	at java.io.FileInputStream.open(Native Method)
12-17 23:55:54.398   633 31870 I SDK     : 
12-18 00:15:35.853  2852  3556 I NetworkController.MobileSignalController(0): onDataActivity: direction=0
12-18 12:38:43.693  2852  2852 I Tile.FlashlightTile: refreshState=flashlight, BooleanState[,icon=ResourceIcon[resId=0x7f020212],label=手电筒,labelTint=0,textChangedDelay=83,contentDescription=手电筒,dualLabelContentDescription=null,minimalContentDescription=null,minimalAccessibilityClassName=android.widget.Switch,expandedAccessibilityClassName=android.widget.Switch,autoMirrorDrawable=false,disabledByPolicy=false,enforcedAdmin=null,value=false]
12-17 21:32:38.849  5224  5224 I Step_LSC: 20002302|onStandStepChanged 69290
12-17 23:13:49.706   633   692 I TCP     : tcp.recv{4488} TcpClientThread.onReceiverWork(TcpClientThread.java:307) get tcp message 2956
12-18 19:52:33.268  2852  2852 I HwNotificationIconAreaController: showNotificationAll
12-18 17:37:13.005  2852  2852 D HwCustMobileSignalControllerImpl: isCurrentBySim()=false
12-17 20:12:02.741  5224  5283 I Step_HSNH: 20002302|upDateHealthNotification()|121|4.05|5678
12-18 08:14:13.285  1795  2748 D HwAmbientLuxFilterAlgo: earliestValidTime + POWER_ON_BRIGHTENING_LIGHT_DEBOUNCE
12-18 09:11:47.894  5224  5283 I Step_ExtendStepDataManager: 20002302|compensate 24700391 9
12-17 22:45:37.566  1795  1819 D NetworkManagement: notifyInterfaceClassActivity: client is com.android.server.net.NetworkPolicyManagerService$13@4df0feb
12-17 21:28:31.669  2852  2852 D StepCounterView: onStepCounterChange stepsNum:7242
12-17 22:30:19.898  1795  3139 I HwActivityManagerService: Split enqueueing broadcast [callerApp]:ProcessRecord{34bf34f 0:system/1000}
12-18 10:52:07.841   827   542 E LC898123_OIS: x_ois_off=0, y_ois_off=0, x_srv_off=0, y_srv_off=0
12-18 10:59:52.310  2852  2852 I StackScrollAlgorithm: updateDimmedActivatedHideSensitive overlap:false
12-17 23:52:31.187   802   802 E Thermal-daemon: [Thermal_Hw] temperature_filter: get invalid temperature, use old temp
12-18 17:33:26.883  1795  2323 E UsbDeviceManager: 	at com.android.server.usb.UsbDeviceManager$2.onUEvent(UsbDeviceManager.java:328)
12-18 15:27:45.947  2852  2852 D HwCustMobileSignalControllerImpl: isCurrentBySim()=false
12-17 21:27:06.999   633 31868 I SDK     : <2016-12-17 21:27:06> [NOTICE] SDK: UE-SeC 2016-12-17 21:27:6:999 Level[NOTICE] magic[3365677344 1070]:Tunnel is online!
12-17 21:52:47.927  1795  2748 D HwAmbientLuxFilterAlgo: earliestValidTime + POWER_ON_DARKENING_LIGHT_DEBOUNCE
12-17 20:11:46.668   633 31868 I SDK     : <2016-12-17 20:11:46> [NOTICE] SDK: UE-SeC 2016-12-17 20:11:46:668 Level[NOTICE] magic[3365677344 2734]:ReHandShake to SVN was done.
12-18 07:40:30.697  2852  3556 D NetworkController.MobileSignalController(0): mSimSubId:0 onDataActivity: direction=3
12-18 17:30:11.353  2852  2852 I StackScrollAlgorithm: updateDimmedActivatedHideSensitive overlap:false
12-18 15:37:08.065 10334 10334 D wpa_supplicant: WPS: attr type=0x1023 len=9
12-17 19:57:15.175  1795  2739 D HuaweiWifiWatchdogStateMachine:  RTT[-50]=0, volume=0
12-18 11:27:13.145  1795  2323 D HwBatteryService: onUEvent fcpStatus = 0,scpStatus =0,ovpStatus=0
12-18 17:30:19.437  5224  5283 I Step_DataCache: 20002302|getTodayTotalSteps 13627
12-18 10:52:05.934   808   455 D [HWCamera] NiceFoodIppAlgo: NiceFoodIppAlgo(): enter
12-18 18:23:29.752  1046 26554 V APM_AudioPolicyManager: selectOutput() commonFlags for output 13, 0000
12-17 20:13:15.025  1795  2380 I InputDispatcher: touch process [0], send to pg
12-18 19:49:40.947  2852  2852 I StackScrollAlgorithm: updateClipping isOverlap:true
12-17 23:28:42.916  1795  2381 D libfingersense_wrapper: fingersense_touch_up() finished
12-18 19:49:53.575   835  2385 E libteec : begin
12-17 21:32:22.470  3608  3608 D InCall  : AnswerPresenter - Showing incoming for call id: Call_12 com.android.incallui.AnswerPresenter@e20a331
12-18 17:56:31.432  3180  3578 I ash     : com.android.browser { running duration=30005 } transition to: doze reason:
12-18 15:38:42.416 13124 13124 D /ProviderInternalFactory.java:81: main aa instance created!
12-17 19:36:56.093  1795  1819 I SendBroadcastPermission: action:android.net.conn.DATA_ACTIVITY_CHANGE, mPermissionType:0
12-18 15:16:42.936  1795  2323 E UsbDeviceManager: 	at java.io.FileInputStream.<init>(FileInputStream.java:146)
12-17 20:22:30.364  1795  1819 D NetworkManagement: notifyInterfaceClassActivity: client is com.android.server.net.NetworkPolicyManagerService$13@4df0feb
12-18 19:49:15.398   633 31870 I SDK     : <2016-12-18 19:49:15> [WARN] SDK: UE-SeC 2016-12-18 19:49:15:398 Level[WARN] magic[3362781472 684]:PubEvt_Close Getting a socket[70] from the Socket-table Failed!
12-18 11:11:28.437  5224  5283 I SendBroadcastPermission: action:android.com.huawei.bone.NOTIFY_SPORT_DATA, mPermissionType:0
12-17 21:44:41.885  3382  3399 D QcrilMsgTunnelSocket: Broadcasting intent ACTION_RAC_CHANGED
12-18 09:11:00.303  2852  2925 I EventCenter: ContentChange for slot: 1
12-17 20:11:42.267  5215  5215 D wpa_supplicant: WPS: attr type=0x1042 len=7
12-17 21:14:26.380  1795  5350 I MQoS    : QOS_level:4(4),use RTTLvl:4;RATLvl:5
12-17 23:23:12.598   633   692 I ECS     : proxy.timers{4486} TimerObject.call(TimerObject.java:88) stop timer waitack@ExtendRequest#-30355.30000ms(0)
12-18 15:37:07.533 12127 12127 D HwRTBlurUtils: check blur style for HwPhoneWindow-, themeResId : 0x010302d7, context : android.view.ContextThemeWrapper@3733225, Nhwext : 0, get Blur : disable with , null
12-18 19:49:34.921  3218  3218 D QC_RIL_OEM_HOOK: Oem ID in QCRILHOOK UNSOL RESP is QOEMHOOK
12-18 14:24:38.854   633 31870 I SDK     : 
12-17 21:47:07.358  1795  2376 D PowerManagerService: ready=true,policy=0,wakefulness=0,wksummary=0x1,uasummary=0x0,bootcompleted=true,boostinprogress=false,waitmodeenable=false,mode=true,manual=33,auto=-1,adj=0.0userId=0
12-18 00:24:25.252  1046  1125 D ACDB-LOADER: ACDB -> AUDIO_SET_AUDPROC_CAL
12-17 21:26:54.660  1795  1825 I WindowManger_keyguard: Setting mDismissKeyguard true by win Window{e6a6b5e u0 com.android.incallui/com.android.incallui.InCallActivity}
12-18 14:13:06.823  1795  2380 D KeyEvent: obtain, mHwFlags=1874117200
12-17 20:11:41.113  2852  2852 I QSContainer: updateQsState:false
12-17 20:46:33.132 24266 24266 I qiyippsplay: org.iqiyi.video.ui.bf.h()<-1> : 当前时间1856984
12-17 21:47:24.996  5224  5283 I Step_DataCache: 20002302|getTodayTotalSteps 9769
12-18 08:05:15.791   633 31870 I SDK     : <2016-12-18 08:05:15> [WARN] SDK: UE-SeC 2016-12-18 8:5:15:791 Level[WARN] magic[3362781472 684]:PubEvt_Close Getting a socket[105] from the Socket-table Failed!
12-18 09:46:02.028  1795 16499 D PowerManagerService: ready=true,policy=0,wakefulness=0,wksummary=0x1,uasummary=0x0,bootcompleted=true,boostinprogress=false,waitmodeenable=false,mode=true,manual=33,auto=-1,adj=0.0userId=0
12-18 14:12:49.003  5157  5157 I chromium: [INFO:CONSOLE(1)] "Uncaught ReferenceError: WebViewJavascriptBridge is not defined", source:  (1)
12-18 12:38:45.326  4492  4492 V AudioManager: playSoundEffect   effectType: 0
12-18 15:27:46.523  1795  1795 D HwKeyguardManagerImpl: isLockScreenDisabled HwKeyguardManagerImpl result = false
12-18 15:55:58.615  1795  1806 D PowerManagerService: ready=true,policy=0,wakefulness=0,wksummary=0x1,uasummary=0x0,bootcompleted=true,boostinprogress=false,waitmodeenable=false,mode=true,manual=33,auto=-1,adj=0.0userId=0
12-17 20:55:03.153  3858  4126 I amsnl   : m1: false
12-18 14:12:23.109  6878  6878 D HwIntelligent3_BitmapUtil: bmp is null : false
12-18 14:13:14.790  1795  1821 D CubicBezierInterpolator: CubicBezierInterpolator  mControlPoint1x = 0.2, mControlPoint1y = 0.5, mControlPoint2x = 0.8, mControlPoint2y = 0.5
12-17 23:12:35.691   633 31870 I SDK     : 
12-17 21:32:19.391  2852  2852 I NotificationGroupManager: onEntryUpdated:0|com.huawei.health|10010|null|10099
12-17 19:42:27.360   633 20915 I SDK     : 
12-17 23:08:53.062  3858  4126 I amsnl   : m1: false
12-17 21:53:17.708  2852  2852 I NotificationGroupManager: onEntryRemovedInternal:0|com.android.incallui|2|null|1001, group=0|com.android.incallui|2|null|1001
12-18 14:11:06.020  5157  5157 D test    : sending:{"handlerName":"getRegisteredJsHandler","callbackId":"java_cb_1","data":null}
12-17 23:17:30.666  2852  2852 I NotificationGroupManager: collapseAllGroups:
12-18 08:43:11.029  1795 16499 D PowerManagerService: ready=true,policy=0,wakefulness=0,wksummary=0x1,uasummary=0x0,bootcompleted=true,boostinprogress=false,waitmodeenable=false,mode=true,manual=33,auto=-1,adj=0.0userId=0
12-18 18:33:00.005  2852  2852 I HwDateUtils:  formatChinaDateTime equals.
12-17 21:27:17.026  2852  2852 I NotificationGroupManager: onEntryRemoved:0|com.qiyi.video|1000074543|null|10140
12-18 10:45:03.633  1795  2396 D GpsFreezeProc: removeFreezeProcess pkg:com.android.browser
12-18 14:12:04.100  5157  5157 W cr_BindingManager: Cannot call determinedVisibility() - never saw a connection for the pid: 5157
12-17 21:50:48.537  1795  3247 I SendBroadcastPermission: action:android.intent.action.SUBSCRIPTION_PHONE_STATE, mPermissionType:0
12-18 09:25:03.394  2852  2852 I PowerUI : buckets   .....15 .. 10 .. 5level          96 --> 96status         3 --> 3plugType       0 --> 0invalidCharger 0 --> 0bucket         1 --> 1plugged        false --> false
12-18 18:29:15.653  1795  2665 D NetdConnector: RCV <- {200 12683 Tethering stats list completed}
12-17 21:47:17.943  7741  7741 E Mms_TXM_SVC: isSecondaryUser() start 
12-17 23:00:41.795  3858  4126 I amsnl   : c: true, w: false, t: false, l: false
12-17 20:23:22.097  3168 23396 D HwRepairHelper: update()   updated:  00
12-17 21:59:31.764  1795  2748 D HwAmbientLuxFilterAlgo: t=127625456,BT=127625956,DT=127626456,BT1=127629456,DT1=127633456,Bn=false,Dn=false,lx=[0.0/127623950, 0.0/127624251, 0.0/127624552, 0.0/127624853, 0.0/127625154, 0.0/127625456],mLx=0.0,s=5.0,ss=0.57142854,AuIntervened=false,mProximityState=false,bLux=6.0,dLux=-1.0,bLux1=6.0,dLux1=-1.0
12-18 19:49:23.937  5224  5283 I Step_DataCache: 20002302|getTodayTotalSteps 16859
12-18 00:09:31.163  1795  6985 V SecInputMethodManagerService: Client requesting input be hidden, pid=17357
12-17 21:48:19.852  3608  3608 I InCall  : InCallPresenter - updateStatusBar: state = 0x0
12-18 10:40:48.452 25067 25067 I UX      : CollectorManager--isCollectorEnabled--getBoolean: false
12-17 22:33:27.190 31532  5870 D HwIntelligent3_AppUsageInfoManger: com.huawei.ihealth 0
12-17 21:35:42.175  1795  2665 D NetdConnector: RCV <- {613 IfaceClass active 0 450278534507001 10102}
12-17 21:58:35.155  2852  2852 I HwExpandableNotificationRowHelper: unclear notification ,notificationPkgName:com.android.incallui key:0|com.android.incallui|2|null|1001
12-17 20:25:22.122  2852  2852 I TrafficPanelManager: hideTraffic
12-17 19:58:45.331  5215  5215 D wpa_supplicant: random_mix_pool - hexdump(len=5): [REMOVED]
12-17 20:41:03.308  1795 16501 D PowerManagerService: ready=true,policy=3,wakefulness=1,wksummary=0x23,uasummary=0x4,bootcompleted=true,boostinprogress=false,waitmodeenable=false,mode=true,manual=33,auto=-1,adj=0.0userId=0
12-17 21:52:36.290   835  2385 E libteec : begin
12-18 14:12:14.799  5157  5157 D test    : sending:{"handlerName":"getRegisteredJsHandler","callbackId":"java_cb_1","data":null}
12-17 20:46:02.916  2852  2852 D HwCustMobileSignalControllerImpl: sub =0,strMccMnc =null,hashMccMnc =[],strPlmn =hw_customized_networkType_entry
12-17 19:40:31.462  1795 11747 D PowerManagerService: ready=true,policy=0,wakefulness=0,wksummary=0x1,uasummary=0x0,bootcompleted=true,boostinprogress=false,waitmodeenable=false,mode=true,manual=33,auto=-1,adj=0.0userId=0
12-18 08:28:42.441  1795  5350 I MQoS    : QOS_level:5(5),use RAT:4G;signalLvl:5
12-17 22:09:17.883  3218  3218 E QtiImsExtUtils: getConfigForPhoneId phoneId is invalid
12-18 07:32:19.762  1795  2380 I PowerManager_screenOn: PowerManagerNotifier onUserActivity: event=2, uid=1000
12-17 20:26:03.548  2852  2852 I HwSignalClusterView: setMobileDataIndicatorsHuawei subId:0 visible:true strengthIcon:2130839311 typeIcon:2130839195 contentDescription:手机信号满格。 typeContentDescription:4G isTypeIconWide:true showActivity:true activityIn:false activityOut:false isRoaming:false
12-17 19:31:50.621  3608  3608 E HW-JPEG-DEC: [HME_JPEG_DEC_Delete](3298): HME_JPEG_DEC_Delete: decoder_ctx=null
12-18 18:06:03.808  2852  2852 D DateTimeView: Change to single clock mode!
12-18 15:29:00.916  3218  4070 W PhoneInterfaceManager: shouldBlockLocation running ...
12-18 18:28:41.287  3858  4126 I amsnl   : csr
12-18 09:23:36.949  5224  5283 I SendBroadcastPermission: action:android.com.huawei.bone.NOTIFY_SPORT_DATA, mPermissionType:0
12-17 21:53:17.970 31949 31967 I eSpaceService: WatchThread{4786} TcpCirChannel.connect(TcpCirChannel.java:219) Connect to server  address = [uc.huawei.com,]  port = 7801
12-17 22:30:37.593   633  5377 E SDK     : ASYNC_DNS_ParseURL start!
12-17 20:38:08.487  2852  3556 I NetworkController.MobileSignalController(0): Change in state from: connected=true,enabled=true,level=5,inetCondition=1,iconGroup=IconGroup(4GPLUS),activityIn=true,activityOut=true,rssi=0,lastModified=12-17 08:38:06,isRoaming=false,dataSim=true,networkName=中国移动,networkNameData=中国移动,dataConnected=true,isDefault=true,isEmergency=false,airplaneMode=false,carrierNetworkChangeMode=false,userSetup=true
12-17 21:48:20.088  3608  3608 D InCall  : TelecomAdapter - setHoldClickfalse
12-18 09:12:03.459  2852  3556 I NetworkController.MobileSignalController(0): onDataActivity: direction=2
12-18 19:49:57.305   835  2385 E libteec : qsc_decode end
12-17 23:11:29.810  1046  1046 V APM_AudioPolicyManager: selectOutput() commonFlags for output 13, 0000
12-18 07:35:07.300  1795  1795 I MQoS    : onSignal: mSubId=0,currDataSubID=0
12-18 09:10:57.958  1795  2326 W FingerprintService: onAcquired 2
12-18 00:09:19.718  2852  2852 D HwCustMobileSignalControllerImpl: sub =0,strMccMnc =null,hashMccMnc =[],strPlmn =hw_customized_networkType_entry
12-17 23:56:09.331  2852  2852 I HwSignalClusterView: getOrInflateState subId:0
12-18 05:26:31.284  1795  3238 E BatteryStatsService: no controller energy info supplied
12-18 14:19:45.323   633 31870 I SDK     : <2016-12-18 14:19:45> [WARN] SDK: UE-SeC 2016-12-18 14:19:45:323 Level[WARN] magic[3362781472 684]:PubEvt_Close Getting a socket[212] from the Socket-table Failed!
12-18 09:14:33.418  3180  3578 I ash     :  ignore audio app: com.android.browser stop delta time:86419513
12-18 00:32:56.073  3168 18768 D HwRepairHelper: getRcvData() TimeCdmaLevelOther :  0
12-18 10:56:08.455  2852  3556 D NetworkController.MobileSignalController(0): mSimSubId:0 onDataActivity: direction=0
12-17 19:57:44.485  5215  5215 D wpa_supplicant: Beacon IEs - hexdump(len=194): 00 0f 48 75 61 77 65 69 2d 45 6d 70 6c 6f 79 65 65 01 08 82 84 0b 16 0c 12 18 24 03 01 05 05 04 ...
12-17 22:31:23.782  2852  3556 I NetworkController.MobileSignalController(0): 	to: connected=true,enabled=true,level=4,inetCondition=1,iconGroup=IconGroup(4G),activityIn=false,activityOut=false,rssi=0,lastModified=12-17 10:31:22,isRoaming=false,dataSim=true,networkName=中国移动,networkNameData=中国移动,dataConnected=true,isDefault=true,isEmergency=false,airplaneMode=false,carrierNetworkChangeMode=false,userSetup=true
12-18 00:24:19.963  1795  2380 I PowerManager_screenOn: PowerManagerNotifier onUserActivity: event=2, uid=1000
12-18 10:56:29.009   606  2379 E libteec : send data return = 128
12-17 21:34:29.208   633 31870 I SDK     : 
12-18 14:12:29.936  3180  4994 I PGServer: report state:5 event type:2 pid:0 uid:10105 pkg:null to pid: 1795
12-18 18:28:40.110  3626 14848 I NCCHR_NcLogCollectServiceImpl: getUserType = 3
12-18 00:22:06.385  2852  2852 I HwSignalClusterView: getOrInflateState subId:0
12-18 14:36:09.734  1795  2323 E UsbDeviceManager: 	at android.os.FileUtils.readTextFile(FileUtils.java:267)
12-17 21:11:48.273  2852  3556 I NetworkController.MobileSignalController(0): onDataActivity: direction=3
12-18 09:11:24.091  1795  1809 I WindowManager: MyOrientationListener: updateRotation.
12-17 20:05:55.283  2852  2852 I TrafficPanelManager: hideTraffic
12-18 09:17:51.872  1795 11747 D PowerManagerService: ready=true,policy=3,wakefulness=1,wksummary=0x1,uasummary=0x1,bootcompleted=true,boostinprogress=false,waitmodeenable=false,mode=true,manual=33,auto=-1,adj=0.0userId=0
12-17 22:23:24.769  3168  3307 W System.err: 	at com.huawei.android.chr.ProtocolLogManager.addAPCommonParaForEvent(ProtocolLogManager.java:381)
12-18 12:56:01.330 31949 31967 I TCP     : WatchThread{4786} TcpClientThread.connect(TcpClientThread.java:52) will connect to uc.huawei.com:7801
12-17 19:31:45.683  2883  2996 I HwSystemManager: NatTrafficNotifyService:delta byte = 0 no traffic delta = 0Traffic state is 301
12-18 14:11:50.608  3218  3422 W PhoneInterfaceManager: shouldBlockLocation running ...
12-17 21:26:56.354  2852  2852 D HwCust  : Create obj success use class android.app.HwCustNotificationImpl
12-17 19:59:02.323   820   820 I cnss-daemon: RTM_NEWNEIGH message received: 28
12-18 08:38:01.122  2852  2852 I HwDateUtils:  formatChinaDateTime equals.
12-17 23:34:27.999  1795  2671 D WifiStateMachine: handleScreenStateChanged: allow send scan results broadcast.
12-18 19:33:09.121  2852  2852 E DateLunarView: mDateString is: 12月18日星期日
12-18 00:17:15.260  1795  3237 D PowerManagerService: acquire lock=57877331, flags=0x1, tag="RILJ_ACK_WL", name=com.android.phone, ws=null, uid=1001, pid=3218
12-18 16:01:36.438 10334 10334 E wpa_supplicant: RSSI=-49;LINKSPEED=72;NOISE=9999;FREQUENCY=2462;
12-18 14:07:28.700 25067  4950 I BetaClub: [ReceiverUtils.launchNotificationPollService]Start
12-17 21:25:54.911 31949 31967 I ECS     : WatchThread{4786} TcpClient.clearAll(TcpClient.java:240) ==================== TCP CLIENT CLEAR ALL ====================
12-17 23:21:03.720  1795 10977 I ActivityManager_service: ServiceNeeded not bring down service:ServiceRecord{f5cfebf u0 euid: 0 com.huawei.imonitor/com.huawei.lcagent.service.LogCollectService}
12-18 19:50:06.045  1795  1825 D HwNormalizedAutomaticBrightnessController: mAmbientLuxValid=true,mWakeupFromSleep= false
12-17 21:25:31.728  3858  4126 I amsnl   : t:false, fl: false, p: 2147483647000, ce: true, we: false
12-17 21:57:59.191  2852  2852 D DateTimeView: Change to single clock mode!
12-18 19:49:21.086  2852  2852 D StatusBar: updateNotification(StatusBarNotification(pkg=com.huawei.health user=UserHandle{0} id=10010 tag=null key=0|com.huawei.health|10010|null|10099: Notification(pri=0 contentView=null vibrate=null sound=null defaults=0x0 flags=0x62 color=0x00000000 vis=PRIVATE)))
12-18 09:12:04.163  2852  2925 I WeatherUtils: getCurrentWeatherInfo currentTemperature is :16.0 mWeatherIcon Id is: 7
12-18 10:23:37.523  3626  3626 E PTM.FileNodeInfo: getTempInfo error: null, 0
12-18 15:35:15.483  2852  2852 I HwPhoneStatusBar: updateNotificationShade
12-17 22:26:52.267  1795  2671 D PowerManagerService: Acquiring suspend blocker "PowerManagerService.WakeLocks".
12-18 08:27:07.934  5224  5283 I SendBroadcastPermission: action:android.com.huawei.bone.NOTIFY_SPORT_DATA, mPermissionType:0
12-18 00:02:41.724   633 31868 E SDK     : 
12-18 17:31:52.794  1795  2737 I QosMonitor: postEventFromNative: msg=100,arg1=0,arg2=9
12-18 18:32:20.980  5224  5283 I Step_LSC: 20002302|MSG_RECORD_DATA_TO_FILE_DELAY,mCache com.huawei.health.manager.a.c@d8a737
12-17 23:39:59.977   633 31870 I SDK     : 
12-17 19:33:10.588  1795  6988 D PowerManagerService: ready=false,policy=3,wakefulness=1,wksummary=0x11,uasummary=0x1,bootcompleted=true,boostinprogress=false,waitmodeenable=false,mode=true,manual=33,auto=-1,adj=0.0userId=0
12-17 23:47:04.292  3626  3626 E PTM.FileNodeInfo: getTempInfo error: null, 0
12-18 14:44:36.156  5224  5224 I Step_LSC: 20002302|logicalDealBroadcastEvent : Intent { act=android.intent.action.TIME_TICK flg=0x50000014 (has extras) }
12-18 14:12:38.086  5157  5157 D test    : sending:{"handlerName":"getRegisteredJsHandler","callbackId":"java_cb_1","data":null}
12-18 10:56:30.119  2852  3556 D NetworkController.MobileSignalController(0): mSimSubId:0 onDataActivity: direction=3
12-18 18:27:55.334  3180  3578 I ash     : running package: com.sankuai.meituan, visible: false
12-18 15:36:10.745  1795  2381 D libfingersense_wrapper: Calling fingersense_classify_touch()
12-18 00:23:41.627  1795 11745 I SendBroadcastPermission: action:android.intent.action.SIG_STR, mPermissionType:0
12-17 21:58:22.612   818  1152 I logserver: handle_exception_events enter
12-17 23:21:03.256   835  2385 E libteec : begin
12-17 21:59:20.749  1795  3884 D PowerManagerService: ready=false,policy=3,wakefulness=1,wksummary=0x10,uasummary=0x1,bootcompleted=true,boostinprogress=false,waitmodeenable=false,mode=true,manual=33,auto=-1,adj=0.0userId=0
12-17 20:31:43.984 24266 24266 W System.err: 	at android.os.Handler.dispatchMessage(Handler.java:95)
12-17 23:25:03.403  2852  3556 I HwMobileSignalController: mExtDataOld:ExtData [mMasterNetWorkType=3, mSlaveNetWorkType=0, mMasterNetWorkLevel=4, mSlaveNetWorkLevel=-1, mDataState=2, mDataActivity=4, mDataNetType=13] mExtData:ExtData [mMasterNetWorkType=3, mSlaveNetWorkType=0, mMasterNetWorkLevel=4, mSlaveNetWorkLevel=-1, mDataState=2, mDataActivity=0, mDataNetType=13]
12-17 21:34:29.543   633 31875 I SDK     : 
12-18 14:10:43.471  5157  5157 I chromium: [INFO:CONSOLE(1)] "Uncaught ReferenceError: WebViewJavascriptBridge is not defined", source:  (1)
12-17 23:30:24.609   802   802 E Thermal-daemon: [Thermal_Hw] temperature_filter: get invalid temperature, use old temp
12-17 21:27:22.238  3782  3862 W QCNEJ   : |CORE| CNE received unexpected action: android.intent.action.BATTERY_CHANGED
12-17 21:28:19.782  5224  5283 I Step_LSC: 20002302|Alarm uploadStaticsToDB totalSteps=7220
12-18 19:35:27.901  2852  2852 D NetWorkUtils: mVSimCurCardType is -1
12-18 16:01:39.194  1795  1795 D WifiController: Received action: android.net.wifi.STATE_CHANGE
12-18 14:45:44.227  1795  3884 I NotificationManager: enqueueNotificationInternal: pkg=com.huawei.health id=10010 notification=Notification(pri=0 contentView=null vibrate=null sound=null defaults=0x0 flags=0x2 color=0x00000000 vis=PRIVATE)
12-17 20:26:05.881  1795 16498 D ApplicationPackageManager: queryIntentActivitiesAsUser size results:1, for package:com.huawei.espacev2
12-17 23:18:24.111  2852  2852 D HwCustMobileSignalControllerImpl: isCurrentBySim()=false
12-17 20:17:57.934   633 31870 I SDK     : 
12-17 21:22:31.826  2852  2852 D HwCustMobileSignalControllerImpl: sub =0,strMccMnc =null,hashMccMnc =[],strPlmn =hw_mcc_mnc
12-17 21:26:36.945  5224  5283 I Step_DataCache: 20002302|getTodayTotalSteps 7024
12-17 20:30:52.788  5224  5283 I Step_SharedPerferenceUtils: 20002302|setTodayTotalDetailSteps to Prefence todaySendorSteps=1481977740000##6956##174755##0##0##446389152
12-17 20:43:07.085  1795  3247 I HwActivityManagerService: Split enqueueing broadcast [callerApp]:ProcessRecord{24cdca7 3218:com.android.phone/1001}
12-17 20:37:24.532  1795  5350 I MQoS    : QOS_level:4(4),use RTTLvl:4;RATLvl:5
12-17 23:13:39.601  1046  1125 D audio_hw_extn: audio_extn_set_anc_parameters: anc_enabled:0
12-17 19:56:22.547  2852  2852 I HwBrightnessController: onChange selfChange:false uri.toString():content://settings/system/screen_auto_brightness mIsObserveAutoBrightnessChange:true
12-18 17:33:11.513  5224  5283 I Step_ExtendStepDataManager: 20002302|after compensate: cache step_13910
12-17 22:17:16.570  1795  1819 D NetdConnector: RCV unsolicited event from native daemon, event = 613 IfaceClass active 0 452772922358347 0
12-18 17:44:04.820  3180  3578 I PacketsControl: not 3G net type. do nothing.
12-17 23:38:49.379   633 31868 I SDK     : <2016-12-17 23:38:49> [NOTICE] SDK: UE-SeC 2016-12-17 23:38:49:379 Level[NOTICE] magic[3365677344 7509]:Currently udp detect response ok,detect id is [31],ack id is [31]!
12-17 21:32:40.681  1795 16232 D PowerManagerService: ready=true,policy=3,wakefulness=1,wksummary=0x1,uasummary=0x1,bootcompleted=true,boostinprogress=false,waitmodeenable=false,mode=true,manual=33,auto=-1,adj=0.0userId=0
12-18 00:09:15.710  2852  2852 D NetWorkUtils: is3GCalling is false,mCdmaSlot is -1
12-17 20:47:50.120 24802 24802 I nativeProcess: iqiyi message: ==== isProcesssExist: stat=0, errno=13
12-18 19:25:18.080 24589 24614 D RandomTimeGenerator: computeRandomTime be called, value = 624000
12-18 04:16:50.371  1795 19198 D PFW.HwPFWAppWakeLockPolicy: getUidWakeLock uid: 10119 wakelock(minutes): 0
12-18 15:28:43.067  5333  5333 D MagicLink: MagicLink2-BroadcastReceiver:====>WIFI_STATE_CHANGED_ACTION
12-18 00:19:35.350  1795  2381 D libfingersense_wrapper: Calling fingersense_touch_up()
12-17 21:53:32.425  1795  3249 D PowerManagerService: ready=false,policy=3,wakefulness=1,wksummary=0x11,uasummary=0x1,bootcompleted=true,boostinprogress=false,waitmodeenable=false,mode=true,manual=33,auto=-1,adj=0.0userId=0
12-18 14:07:29.286   835  2385 D fpc_fingerprint_hal: wait_finger_up, took 692 ms
12-17 22:42:41.129  3626  3626 E PTM.FileNodeInfo: getTempInfo error: null, 0
12-17 22:27:01.921  1795  2750 D PowerManagerService: Setting HAL interactive mode to true
12-17 23:51:55.464  1795  6988 D PowerManagerService: ready=true,policy=0,wakefulness=0,wksummary=0x1,uasummary=0x0,bootcompleted=true,boostinprogress=false,waitmodeenable=false,mode=true,manual=33,auto=-1,adj=0.0userId=0
12-17 19:33:11.272  2852  3556 I SystemUIIdleHandler: enter addToIdleMessage(type:1001), mainloop is busy, add to idleMessage
12-18 14:10:44.597  2852  2852 I StackScrollAlgorithm: updateDimmedActivatedHideSensitive overlap:true
12-17 20:59:16.664  1795 17831 W ActivityManager: getTasks: caller 10140 does not hold REAL_GET_TASKS; limiting output
12-18 15:27:45.542   633  9002 I SDK     : 
12-18 19:49:55.861  5224  5224 I Step_LSC: 20002302|onStandStepChanged 88464
12-18 17:31:17.359  1795  1795 V NotificationService: disableEffects=null canInterrupt=false once update: false
12-17 21:50:29.800 31949 31967 I TCP     : 	at com.huawei.ecs.mip.proxy.TcpClientThread.connectSocket(TcpClientThread.java:350)
12-18 15:42:24.703 10699 10752 I ChinaUploader: ds.flush()
12-17 21:50:43.970  1795  2750 D HW_DISPLAY_EFFECT: presently, hw_update_color_temp_for_rg_led interface not achieved.
12-17 21:52:55.604  2883  2996 I HwSystemManager: ExtraTrafficSetting:result is empty
12-17 21:01:10.023  2852  3556 D NetworkController.MobileSignalController(0): mSimSubId:0 onDataActivity: direction=3
12-17 23:19:30.692   633 10832 I SDK     : 
12-17 19:52:51.151  1795  2739 I HuaweiWifiWatchdogStateMachine: rs ota tcp lr rttvb bad: false, false, false, false, false; rsth:-75
12-18 15:28:36.250  2852  3556 D HwNetworkControllerImpl: updateWifiState: intent=act:android.net.wifi.STATE_CHANGE  flag:335544336 *=* *=* 
12-18 14:14:54.806  1795  6988 D PowerManagerService: ready=true,policy=0,wakefulness=0,wksummary=0x1,uasummary=0x0,bootcompleted=true,boostinprogress=false,waitmodeenable=false,mode=true,manual=33,auto=-1,adj=0.0userId=0
12-17 23:34:28.145  1795  3237 D PowerManagerService: ready=true,policy=3,wakefulness=1,wksummary=0x1,uasummary=0x1,bootcompleted=true,boostinprogress=false,waitmodeenable=false,mode=true,manual=33,auto=-1,adj=0.0userId=0
12-18 17:33:00.786  3879  4160 I Adreno  : Remote Branch                    : 
12-18 08:06:18.462  1795  1819 D NetdConnector: RCV unsolicited event from native daemon, event = 613 IfaceClass active 0 488117157806326 10105
12-18 14:10:51.622  5994  5994 D wpa_supplicant: RTM_NEWLINK: ifi_index=123 ifname=p2p0 operstate=5 linkmode=0 ifi_family=0 ifi_flags=0x1003 ([UP])
12-18 18:13:50.014  2852  2852 I HwSignalClusterView: getOrInflateState subId:0
12-18 19:49:53.830  1046 26554 V APM_AudioPolicyManager: listAudioPorts() role 0 type 0 num_ports 12 ports 0xf0abc000
12-18 08:10:43.408  2852  2852 D HwCustMobileSignalControllerImpl: sub =0,strMccMnc =null,hashMccMnc =[],strPlmn =hw_mcc_mnc
12-18 00:09:39.388  2852  3556 I NetworkController.MobileSignalController(0): onDataActivity: direction=0
12-18 10:51:58.464   633 32767 I SDK     : 
12-18 19:26:31.243  1795  2670 D WifiController: DefaultState what=155652
12-18 19:47:29.397  5224  5283 I Step_ExtendStepDataManager: 20002302|after compensate: cache step_16707
12-18 19:49:17.214   633 25625 I SDK     : <2016-12-18 19:49:17> [NOTICE] SDK: UE-SeC 2016-12-18 19:49:17:214 Level[NOTICE] magic[1866709280 2487]:FSM_OpenFile => [END]
12-18 07:37:08.150  1795  1795 D WifiProJNI: send_cmd_kernel: cmd=1
12-17 23:18:13.525  1795  6985 I SendBroadcastPermission: action:android.intent.action.SIG_STR, mPermissionType:0
